Date,Price,Open,High,Low,Change %,short_mavg,long_mavg,signal,EMA10,EMA30,EMA200,ROC10,ROC30,MOM10,MOM30,RSI10,RSI30,RSI200,%K10,%D10,%K30,%D30,%K200,%D200
02/11/2020,1.0914,1.0911,1.0926,1.089,0.05%,1.0914,1.0914,0.0,,,,,,,,,,,,,,,,
02/12/2020,1.0871,1.0916,1.0926,1.0865,-0.39%,1.0892499999999998,1.0892499999999998,0.0,,,,,,,,,,,,,,,,
02/13/2020,1.084,1.0874,1.089,1.0833,-0.29%,1.0875000000000001,1.0875000000000001,0.0,,,,,,,,,,,,,,,,
02/14/2020,1.083,1.0841,1.0862,1.0827,-0.09%,1.0863749999999999,1.0863749999999999,0.0,,,,,,,,,,,,,,,,
02/17/2020,1.0834,1.0832,1.0852,1.0821,0.04%,1.08578,1.08578,0.0,,,,,,,,,,,,,,,,
02/18/2020,1.0791,1.0838,1.0839,1.0785,-0.40%,1.0846666666666667,1.0846666666666667,0.0,,,,,,,,,,,,,,,,
02/19/2020,1.0804,1.0791,1.0812,1.0782,0.12%,1.0840571428571428,1.0840571428571428,0.0,,,,,,,,,,,,,,,,
02/20/2020,1.0783,1.0806,1.0822,1.0777,-0.19%,1.0833375,1.0833375,0.0,,,,,,,,,,,,,,,,
02/21/2020,1.0843,1.0785,1.0865,1.0784,0.56%,1.0834444444444444,1.0834444444444444,0.0,,,,,,,,,,,,,,,,
02/24/2020,1.0852,1.0841,1.0873,1.0805,0.08%,1.08362,1.08362,0.0,1.0829036319029512,,,-0.5680776983690657,,,,,,,50.33557046979787,,,,,
02/25/2020,1.0879,1.0854,1.0891,1.0829,0.25%,1.08327,1.084009090909091,0.0,1.0839243274408754,,,0.07359028608224946,,-0.0034999999999998366,,43.29501915708844,,,68.45637583892649,,,,,
02/26/2020,1.0879,1.0881,1.0909,1.0854,0.00%,1.08335,1.0843333333333334,0.0,1.0847186595419003,,,0.3597785977859792,,0.0008000000000001339,,43.29501915708844,,,77.27272727272788,65.35489119381741,,,,
02/27/2020,1.0998,1.0881,1.1006,1.0879,1.09%,1.0849300000000002,1.085523076923077,0.0,1.087678662938033,,,1.5512465373961357,,0.015800000000000036,,63.71780515117604,,,96.50655021834098,80.74521777666511,,,,
02/28/2020,1.1025,1.1001,1.1054,1.0951,0.25%,1.08688,1.0867357142857144,1.0,1.0905461967330252,,,1.762968432711844,,0.019500000000000073,,66.73788185677435,,,89.5306859205779,87.76998780388226,,,,
03/02/2020,1.1132,1.1003,1.1187,1.1003,0.97%,1.08986,1.0885,1.0,1.0948786090242477,,,3.160040774719676,,0.02980000000000005,,75.65931646011946,,,86.58536585365837,90.87420066419241,,,,
03/03/2020,1.1171,1.1133,1.1214,1.1095,0.35%,1.09366,1.0902875,1.0,1.0990886403603746,,,3.396890040725653,,0.038000000000000034,,78.04422577904391,,,90.16018306636158,88.75874494686595,,,,
03/04/2020,1.1134,1.1172,1.1188,1.1094,-0.33%,1.09696,1.0916470588235294,1.0,1.1017794901078664,,,3.255123805990903,,0.03299999999999992,,70.73810069771628,,,81.69336384439352,86.14630425480449,,,,
03/05/2020,1.1239,1.1136,1.1246,1.1119,0.94%,1.10152,1.0934388888888888,1.0,1.105912988249657,,,3.6521257954440522,,0.04559999999999986,,77.40713201284007,,,98.48484848484817,90.11279846520108,,,,
03/06/2020,1.1285,1.1238,1.1356,1.1212,0.41%,1.10594,1.0952842105263159,1.0,1.1101124738173949,,,3.9900479174345853,,0.04420000000000002,,79.66327810508298,,,87.11433756805826,89.09751663243333,,,,
03/09/2020,1.1447,1.1292,1.1494,1.1284,1.44%,1.11189,1.097755,1.0,1.116516852275361,,,5.221068112878018,,0.05950000000000011,,85.37726402004562,,,92.93233082706777,92.8438389599914,,,,
03/10/2020,1.1279,1.1446,1.1459,1.1275,-1.47%,1.11589,1.099190476190476,1.0,1.1186175764921753,,,3.676808530195773,,0.039999999999999813,,64.49650959277449,,,66.40624999999991,82.15097279837532,,,,
03/11/2020,1.1267,1.1281,1.1368,1.1257,-0.11%,1.11977,1.100440909090909,1.0,1.120105103416883,,,2.4458992544098854,,0.038799999999999946,,63.26844678144546,,,63.089430894308975,74.14267057379222,,,,
03/12/2020,1.1183,1.1269,1.1334,1.1055,-0.75%,1.1216199999999998,1.1012173913043477,1.0,1.1197736218018703,,,1.433106575963722,,0.01849999999999996,,55.10733530993405,,,42.72559852670369,57.40709314033753,,,,
03/13/2020,1.1105,1.1185,1.1223,1.1054,-0.70%,1.12242,1.1016041666666667,1.0,1.1180737425539593,,,-0.2425440172475678,,0.008000000000000007,,48.6346993758357,,,20.77393075356416,42.19632005819228,,,,
03/16/2020,1.1181,1.1085,1.1237,1.1046,0.68%,1.1229099999999999,1.102264,1.0,1.118078548478688,,,0.08951750067139128,,0.0049000000000001265,,54.42942357810253,,,30.133928571428754,31.2111526172322,,,,
03/17/2020,1.0996,1.1183,1.119,1.0955,-1.65%,1.1211600000000002,1.1021615384615384,1.0,1.1147004993114384,,,-1.2394467397161877,,-0.01750000000000007,,41.70435858285063,,,7.6066790352504405,19.504846120081115,,,,
03/18/2020,1.0913,1.0997,1.1046,1.0802,-0.75%,1.1189500000000001,1.101759259259259,1.0,1.1104269074396231,,,-2.9006139336239847,,-0.02210000000000001,,37.35128798193875,,,16.04046242774552,17.927023344808237,,,,
03/19/2020,1.069,1.0915,1.0982,1.0655,-2.04%,1.11346,1.1005892857142858,1.0,1.1028673081523794,,,-5.272485600354463,,-0.05489999999999995,,28.477634931248105,,,4.171632896305191,9.272924786433718,,,,
03/20/2020,1.0694,1.0692,1.0832,1.0637,0.04%,1.10755,1.0995137931034482,1.0,1.0967642215214386,,,-6.5781427448239835,,-0.05910000000000015,,28.814689226832513,,,6.651108518086142,8.954401280712284,,,,
03/23/2020,1.0721,1.0696,1.0829,1.0637,0.25%,1.10029,1.0986,1.0,1.0922688967746066,1.0997350798802081,,-4.947247096373779,-1.7683708997617624,-0.0726,,31.24479319924542,,,10.218978102189757,7.0139065055270295,9.801633605600903,,,
03/24/2020,1.0787,1.0726,1.0889,1.0722,0.62%,1.09537,1.097958064516129,0.0,1.0897969111390284,1.0981814247887376,,-4.260228987308071,-0.7726980038634866,-0.04919999999999991,-0.012699999999999934,37.07882701551578,46.67365112624413,,20.519835841313153,12.463307487196351,17.502917152858718,,,
03/25/2020,1.088,1.0789,1.0894,1.0761,0.86%,1.0915000000000001,1.097646875,0.0,1.0894696678347575,1.0974363844788981,,-2.7094697308414553,0.36900369003690064,-0.03869999999999996,0.0009000000000001229,44.457605185913195,49.23217141579684,,34.8637015781923,21.867505173898405,28.354725787631295,18.55309218203031,,
03/26/2020,1.1028,1.0881,1.106,1.0869,1.36%,1.08995,1.0978030303030302,0.0,1.0918965938351402,1.0978255048112742,,-0.693381359747865,1.828254847645433,-0.01550000000000007,0.018799999999999928,53.99680410486061,52.94856667393942,,65.1666666666667,40.18340136205739,45.62427071178525,30.493971217425088,,
03/27/2020,1.114,1.103,1.1147,1.0953,1.02%,1.0903,1.098279411764706,0.0,1.095919774850011,1.0989895844595552,,-0.3666934978982195,2.8244415728263044,0.0035000000000000586,0.03100000000000014,59.80186764272575,55.498825983198884,,83.8333333333336,61.2879005260642,58.693115519253304,44.22403733955662,,
03/30/2020,1.1046,1.1136,1.1145,1.101,-0.84%,1.08895,1.09846,0.0,1.097499404620956,1.0993903789913002,,0.4547108039287119,2.363080344731728,-0.013500000000000068,0.021200000000000108,53.505569477357355,53.004477495022826,,73.9602169981917,74.32007233273066,47.72462077012835,50.68066900038897,,
03/31/2020,1.1029,1.1049,1.1056,1.0926,-0.15%,1.08928,1.0985833333333332,0.0,1.0984820471791827,1.0996393744264004,,1.0629524420416068,2.08256201406886,0.0033000000000000806,0.023800000000000043,52.39701849182157,52.56250654510708,,76.86274509803911,78.21876514318814,45.740956826137634,50.719564371839766,,
04/01/2020,1.0962,1.1031,1.104,1.0903,-0.61%,1.0897700000000001,1.098518918918919,0.0,1.0980668819593675,1.0993969218103554,,2.54443405051451,1.660020402485396,0.0049000000000001265,0.015800000000000036,48.03858650070445,50.83433268415405,,63.72549019607846,71.51615076410309,37.92298716452744,43.79618825359781,,
04/02/2020,1.0856,1.0964,1.097,1.0821,-0.97%,1.0914300000000001,1.0981789473684211,0.0,1.0957990697785347,1.0984301109408328,,1.51486815036469,0.11989301853729196,0.016599999999999948,0.007299999999999862,41.91037435163363,48.23859765369923,,42.94117647058792,61.17647058823516,25.554259043173673,36.40606767794625,,
04/03/2020,1.0808,1.0858,1.0865,1.0772,-0.44%,1.09257,1.0977333333333332,0.0,1.093070877206787,1.0972015205094061,,0.811491465348375,-0.4054552156284519,0.011400000000000077,-0.0035000000000000586,39.3825862415387,47.11168438597231,,33.52941176470571,46.7320261437907,19.953325554258942,27.81019058732002,,
04/06/2020,1.0791,1.0814,1.0836,1.0768,-0.16%,1.09327,1.0972675,0.0,1.0905298878718759,1.0959465681954284,,0.03708167238342041,-0.8088978766430867,0.006999999999999895,-0.006099999999999994,38.469522500042,46.71187402001371,,16.235294117646845,30.90196078431349,17.969661610268236,21.159082069233616,,
04/07/2020,1.0889,1.0793,1.0926,1.0784,0.91%,1.09429,1.0970634146341463,0.0,1.0902334654172074,1.0954603795321955,,0.082720588235285,0.09192021325488461,0.010199999999999987,0.0009999999999998899,46.425437623883155,49.27881127185454,,33.16062176165786,27.641775881336798,29.40490081680271,22.442629327109966,,
04/08/2020,1.0856,1.0891,1.0904,1.0829,-0.30%,1.09405,1.096790476190476,0.0,1.0893908329420638,1.0947830822415754,,-1.559666303953582,-1.291143844335353,-0.0024000000000001798,-0.0023000000000001908,44.28312206130247,48.46555187769992,,23.21899736147733,24.204971080260673,25.554259043173673,24.30960715674821,,
04/09/2020,1.0927,1.0857,1.0953,1.0841,0.65%,1.09304,1.0966953488372093,0.0,1.089992607320477,1.0946405924533928,,-1.9120287253141917,-0.8888888888888916,-0.010099999999999998,-0.007100000000000106,49.818794984208395,50.29141384389418,,41.95250659630609,32.77737523981376,33.83897316219364,29.599377674056672,,
04/10/2020,1.0935,1.093,1.0953,1.0919,0.07%,1.0909900000000001,1.0966227272727271,0.0,1.090630408422483,1.094562874224417,,-1.0048886474742087,-1.7696730147323079,-0.020500000000000185,-0.009000000000000119,50.43531212163892,50.495854270298416,,44.297082228116466,36.489528728633296,34.772462077012676,31.38856476079333,,
04/13/2020,1.0913,1.0942,1.0968,1.0892,-0.20%,1.0896599999999999,1.0965044444444445,0.0,1.090752166925126,1.0943413493939442,,-1.0517725995103868,-2.3095515173216405,-0.01330000000000009,-0.02190000000000003,48.61047496126342,49.91187796152212,,50.347222222222186,45.53227034888158,32.205367561260076,33.605600933488795,,
04/14/2020,1.0979,1.0914,1.0988,1.0904,0.60%,1.0891600000000001,1.0965347826086957,0.0,1.0920519002732665,1.0945821422189,,0.15508118956395137,-1.3921322076522227,-0.004999999999999893,-0.019199999999999884,54.141299631437185,51.64729860354333,,77.57352941176482,57.405944620701156,39.90665110851815,35.6281602489303,,
04/15/2020,1.0907,1.0981,1.0991,1.0857,-0.66%,1.0886099999999999,1.0964106382978724,0.0,1.0918060805193948,1.0943202849453333,,0.4697862932940406,-2.9539994661446656,-0.00550000000000006,-0.022699999999999942,47.89336228120961,49.703855177098234,,62.331838565022565,63.41753006633652,31.505250875145798,34.53908984830801,,
04/16/2020,1.0835,1.0911,1.0913,1.0817,-0.66%,1.0884,1.0961416666666668,0.0,1.0902957850115473,1.0935925741068666,,0.2498149518874838,-3.987594151528591,-0.0020999999999999908,-0.04039999999999999,42.45026733782119,47.84154199257708,,30.044843049327053,56.65007034203814,23.103850641773445,31.505250875145794,,
04/17/2020,1.0876,1.0835,1.0894,1.0812,0.38%,1.0890799999999998,1.0959673469387754,0.0,1.089805615980267,1.0931906481951597,,0.7876934482439025,-4.988206516991364,0.006799999999999917,-0.04090000000000016,46.31095868846724,48.96791078240968,,48.430493273542275,46.93572496263062,27.887981330221518,27.499027615713587,,
04/20/2020,1.0862,1.0875,1.0898,1.0841,-0.13%,1.08979,1.095772,0.0,1.0891500206559963,1.0927229754790615,,-0.24795665350352877,-3.6971362709459927,0.007100000000000106,-0.058499999999999996,45.16150404583194,48.59720056767544,,37.68115942029011,38.71883191438647,27.372262773722646,26.1213649152392,,
04/21/2020,1.0856,1.0862,1.0882,1.0816,-0.06%,1.08946,1.095572549019608,0.0,1.0885045391689596,1.0922475832604954,,0.0,-3.6478210703825455,-0.0033000000000000806,-0.042300000000000004,44.63396544230059,48.43463615068491,,24.581005586591914,36.89755276014142,29.958960328317136,28.40640147742043,,
04/22/2020,1.0822,1.0857,1.0886,1.0802,-0.31%,1.08912,1.0953153846153847,0.0,1.0873582256305798,1.0915784891664786,,-0.9609224855861584,-3.228114101761604,-0.0033999999999998476,-0.044499999999999984,41.57612372258445,47.50312650516935,,10.58201058201064,24.281391862964217,26.54232424677187,27.957849116270552,,
04/23/2020,1.0776,1.0824,1.0848,1.0756,-0.43%,1.08761,1.0949811320754717,0.0,1.0855839601248798,1.0906495549118087,,-1.4540466392318268,-2.962629446195421,-0.015100000000000113,-0.04070000000000018,37.69409086329534,46.25798084823699,,8.51063829787232,14.557884822158286,23.166666666666398,26.5559837472518,,
04/24/2020,1.082,1.0778,1.0831,1.0726,0.41%,1.08646,1.0947407407407408,0.0,1.0849323181909254,1.090075864658258,,-0.8521946302574788,-3.2286915302745745,-0.011499999999999844,-0.02849999999999997,43.31887674000402,47.616636641175276,,35.47169811320787,18.188115664363604,30.500000000000053,26.73633030447944,,
04/27/2020,1.0828,1.0809,1.0863,1.0808,0.07%,1.08561,1.0945236363636364,0.0,1.0845446177336455,1.0895941575851833,,-1.375352946534303,-1.52782830120043,-0.008499999999999952,-0.03530000000000011,44.33409824095078,47.86454388113217,,38.490566037735846,27.490967482938675,34.538878842676176,29.40184850311421,,
04/28/2020,1.0818,1.0829,1.089,1.081,-0.09%,1.084,1.0942964285714285,0.0,1.0840455897552634,1.0890790069481857,,-0.81598973136517,-0.8705213964995733,-0.016100000000000003,-0.017799999999999816,43.257989417431105,47.57340957848105,,34.71698113207588,36.22641509433986,35.49019607843143,33.50969164036922,,
04/29/2020,1.0873,1.082,1.0886,1.0818,0.51%,1.08366,1.0941736842105263,0.0,1.0846373070849396,1.0889616097362111,,0.350715274573145,1.7118802619270332,-0.0034000000000000696,-0.0040000000000000036,50.58750505963368,49.32705406329464,,78.60962566844911,50.60572427942028,46.27450980392132,38.76786157500964,,
04/30/2020,1.0955,1.0872,1.0973,1.0833,0.75%,1.08486,1.0941965517241379,0.0,1.0866123595731985,1.089392444979941,,0.7263699889665336,2.4406209089208915,0.01200000000000001,0.026499999999999968,59.29720910285468,51.813013982653885,,92.71255060728734,68.67971913593743,62.35294117647033,48.03921568627436,,
05/01/2020,1.0983,1.0956,1.1019,1.0934,0.26%,1.08593,1.0942661016949153,0.0,1.0887374004341004,1.089978584856333,,1.113975326827472,2.4438018841525975,0.010700000000000154,0.028900000000000148,61.84860970370952,52.63384458671782,,87.71331058020466,86.34516228531369,67.84313725490198,58.82352941176455,,
05/04/2020,1.0906,1.0981,1.0981,1.0895,-0.70%,1.08637,1.0942049999999999,0.0,1.0890760568993332,1.0900194230250433,,0.46057479734709983,1.1031797534068806,0.0043999999999999595,0.01849999999999996,51.90673354718476,50.20111898453746,,61.43344709897595,80.61976942882264,43.294117647058776,57.830065359477025,,
05/05/2020,1.0838,1.0907,1.0926,1.0825,-0.62%,1.08619,1.0940783333333333,0.0,1.088116769194518,1.0896111855538417,,0.14784697837738364,-0.3860294117647042,-0.0017999999999998018,0.0051000000000001044,44.8349244594605,48.16725739326691,,38.225255972696445,62.45733788395901,26.603325415677176,45.91352677254597,,
05/06/2020,1.0794,1.0837,1.0848,1.0782,-0.41%,1.08591,1.09395,0.0,1.0865318958066654,1.0889416841380004,,0.1670378619153697,-2.121871599564752,-0.0028000000000001357,-0.008600000000000163,40.83509350828723,46.89549453336136,,23.208191126279498,40.95563139931729,16.15201900237509,28.683154021703682,,
05/07/2020,1.0832,1.0795,1.0835,1.0766,0.35%,1.08647,1.0939366666666668,0.0,1.0859260946108358,1.0885656224119997,,0.1109057301293778,-2.764811490125687,0.005600000000000049,-0.019600000000000062,45.50066459877784,48.11930505042509,,36.177474402730056,32.536973833901996,25.178147268408402,22.644497228820224,,
05/08/2020,1.084,1.0833,1.0877,1.0814,0.07%,1.08667,1.0939533333333331,0.0,1.0855758946644836,1.0882668818774597,,0.11082379017363223,-1.8649284808980582,0.0020000000000000018,-0.030000000000000027,46.48775667901432,48.37839108008069,,29.249011857707686,29.544892462239076,27.207637231503735,22.84593450076241,,
05/11/2020,1.0806,1.0838,1.0851,1.0801,-0.31%,1.08645,1.0939066666666666,0.0,1.0846711845859598,1.087765677218316,,-0.11092623405436215,-2.021942152507026,-0.0021999999999999797,-0.02400000000000002,42.82498302811782,47.33902226662971,,15.810276679841847,27.07892098009319,24.242424242424324,25.542736247445486,,
05/12/2020,1.0846,1.0807,1.0886,1.0784,0.37%,1.08673,1.0939983333333332,0.0,1.0846582419110524,1.0875589055082329,,-0.24832153039638782,-1.0582010582010632,0.0027999999999999137,-0.018299999999999983,48.16377973024511,48.680865905344454,,31.620553359683694,25.559947299077738,38.21656050955406,29.888873994494038,,
05/13/2020,1.0816,1.0848,1.0897,1.0811,-0.28%,1.08616,1.0940183333333335,0.0,1.0841021971217573,1.0871700005980491,,-1.2688270196257438,-0.36845983787767167,-0.005700000000000038,-0.014600000000000168,44.68655536642556,47.737122881835006,,19.76284584980187,22.39789196310913,30.716723549487597,31.05856943382199,,
05/14/2020,1.0804,1.0819,1.0825,1.0774,-0.11%,1.08465,1.0940533333333333,0.0,1.0834290695745628,1.0867284903906573,,-1.6297914959482862,-0.03700962250184641,-0.015099999999999891,-0.005199999999999871,43.297274069926,47.35722666469571,,15.019762845849844,22.13438735177846,26.62116040955632,31.85148148953266,,
05/15/2020,1.0815,1.0805,1.0851,1.0789,0.10%,1.08297,1.0940066666666666,0.0,1.0830783293118018,1.0863877491896163,,-0.8344030808729239,0.22240756185709926,-0.016800000000000148,0.0006999999999999229,45.03766734429525,47.75151788128909,,22.79069767441808,19.191102123356593,30.37542662115999,29.237770193401303,,
05/18/2020,1.0912,1.0816,1.0928,1.08,0.90%,1.08303,1.0941066666666666,0.0,1.0845549978812328,1.0867011590602917,,0.6827828012548303,0.211222334465972,0.0005999999999999339,0.0121,57.745083348118385,51.093090241891,,90.12345679012317,42.644639103463696,63.48122866894158,40.159271899885965,,
05/19/2020,1.0921,1.0913,1.0978,1.0902,0.08%,1.08386,1.0941766666666666,0.0,1.0859268173387826,1.0870525572452605,,1.1765795812488564,0.5987472365512319,0.008299999999999974,0.0032000000000000917,58.72879431582485,51.39147980172027,,73.11320754716976,62.00912067057033,66.5529010238908,53.46985210466412,,
05/20/2020,1.0977,1.0928,1.1,1.0918,0.51%,1.08569,1.0943399999999999,0.0,1.0880673971413493,1.0877451790065236,,1.3386262924667613,0.45758213599340103,0.018299999999999983,0.0121,64.45051423569785,53.2282946481618,,90.17094017093939,84.4692015027441,85.66552901023826,71.89988623435688,,
05/21/2020,1.0949,1.098,1.101,1.0937,-0.26%,1.08686,1.0942583333333333,0.0,1.0893096891100296,1.0882103552927647,,1.005535055350545,0.12802926383173918,0.011700000000000044,0.0021999999999999797,59.841486646099895,52.207867057299254,,74.15254237288144,79.14556336366353,76.10921501706454,76.10921501706453,,
05/22/2020,1.09,1.0949,1.0961,1.0885,-0.45%,1.08746,1.09405,0.0,1.0894352002255574,1.0883266523357462,,0.8698870997593998,-0.11912398057361466,0.006000000000000005,-0.0034999999999998366,52.53620213693763,50.45673035560831,,53.389830508475136,72.57110435076532,59.38566552901031,73.72013651877104,,
05/25/2020,1.0899,1.0903,1.0915,1.087,-0.01%,1.08839,1.0936616666666665,0.0,1.0895197093000395,1.088428845936926,,0.48865941360871123,-0.7286638127334006,0.009300000000000086,-0.0013999999999998458,52.39117332289498,50.42102585573335,,52.96610169491586,60.16949152542414,59.04436860068271,64.84641638225251,,
05/26/2020,1.098,1.09,1.0997,1.0892,0.74%,1.0897299999999999,1.0933433333333333,0.0,1.0910615807033694,1.0890502493512102,,1.5162721893491304,0.6692949481984124,0.013400000000000079,9.999999999998899e-05,61.865636858743855,53.19621809540463,,87.28813559322083,64.5480225988706,86.68941979522185,68.37315130830495,,
05/27/2020,1.1003,1.0983,1.1031,1.0934,0.21%,1.0916000000000001,1.093125,0.0,1.09274129362985,1.0897803367643326,,1.8419104035542417,1.5505306875865388,0.01870000000000016,0.009600000000000053,64.11851580671527,53.9533295942373,,89.10505836575912,76.4530985512986,90.81967213114781,78.85115350901746,,
05/28/2020,1.1076,1.1005,1.1094,1.0991,0.66%,1.0943200000000002,1.0928533333333335,1.0,1.0954428770366729,1.0909363574409965,,2.4133148404993077,1.8389113644722344,0.02719999999999989,0.02410000000000001,70.30515674096858,56.27564187549754,,94.09836065573762,90.1638515382392,95.10869565217384,90.87259585951449,,
05/29/2020,1.1098,1.1078,1.1146,1.1069,0.20%,1.09715,1.0925416666666665,1.0,1.0980532633702886,1.092159667567438,,1.70454545454545,2.1727122076965424,0.028299999999999992,0.022199999999999998,71.92601799387437,56.95249348294896,,86.12716763005739,89.77686221718471,88.57142857142826,91.49993211824996,,
06/01/2020,1.1134,1.1096,1.1155,1.1096,0.32%,1.09937,1.09202,1.0,1.1008435794187499,1.0935366464529415,,1.9503708451606878,2.5607958732498206,0.022199999999999998,0.02719999999999989,74.4606342790687,58.051720148980245,,92.63157894736844,90.95236907772114,95.10489510489512,92.92833977616574,,
06/02/2020,1.1169,1.1137,1.1197,1.1115,0.31%,1.10185,1.0918366666666666,1.0,1.1037629288700954,1.0950507846397948,,1.7491117791746478,3.2064313435594114,0.024799999999999933,0.031300000000000106,76.73011012951332,59.10205916378343,,91.43730886850177,90.0653518153092,94.05520169851397,92.57717512494578,,
06/03/2020,1.1232,1.1172,1.1258,1.1167,0.56%,1.1044,1.0917783333333333,1.0,1.1072969420551264,1.0968745534107993,,2.584710932505251,4.231625835189318,0.025500000000000078,0.040999999999999925,80.24163987121773,60.92394762758266,,93.29896907216511,92.45595229601177,95.11278195488732,94.75762625276548,,
06/04/2020,1.1336,1.1234,1.1363,1.1195,0.93%,1.10827,1.0920333333333332,1.0,1.1120793165062912,1.099253320568475,,3.9999999999999867,4.768946395563758,0.03869999999999996,0.05600000000000005,84.52498742071558,63.686464411749085,,94.52332657200783,93.08653483755823,95.76138147566697,94.97645504302277,,
06/05/2020,1.1284,1.1338,1.1385,1.1278,-0.46%,1.11211,1.0923316666666665,1.0,1.115046713646975,1.1011407163616742,,3.5324341682723164,4.211304026597718,0.03839999999999999,0.0464,75.43930427987257,61.439804537163425,,80.38834951456315,89.40354838624536,83.68336025848144,91.51917456301192,,
06/08/2020,1.1292,1.1289,1.1321,1.1268,0.07%,1.11604,1.0925166666666668,1.0,1.1176200385390647,1.1029572636641563,,2.841530054644799,4.381586245146966,0.03929999999999989,0.0464,75.88245324070738,61.655086602296535,,81.13590263691671,85.34919290782922,84.97576736672039,88.1401697002896,,
06/09/2020,1.134,1.1297,1.1366,1.1241,0.43%,1.11964,1.0930900000000001,1.0,1.1205982134454309,1.1049665095102603,,3.0628010542579154,4.295042766485787,0.03599999999999981,0.0521999999999998,78.4719879647921,62.939355882901886,,90.02217294900187,83.84880836682724,92.73021001615483,87.12977921378557,,
06/10/2020,1.1369,1.134,1.1423,1.1323,0.26%,1.1233,1.09385,1.0,1.1235621747147608,1.1070329776143821,,2.64535933550019,3.7790963030579743,0.036599999999999966,0.04960000000000009,79.9193607270047,63.699234346246584,,87.49999999999987,86.21935852863948,91.78082191780813,89.82893310022779,,
06/11/2020,1.1297,1.1374,1.1404,1.1288,-0.63%,1.1255099999999998,1.0948616666666666,1.0,1.1246781429723427,1.1084995107938314,,1.7931158767345496,2.8589638532277037,0.02210000000000001,0.03420000000000001,67.41588641453095,60.51258251372438,,64.40677966101657,80.64298420333944,80.82191780821894,88.44431658072729,,
06/12/2020,1.1254,1.1299,1.1341,1.1212,-0.38%,1.12707,1.0957949999999999,1.0,1.124809389706944,1.1095927552723122,,1.0777797736662484,3.190904089492017,0.015600000000000058,0.027099999999999902,61.07518972017515,58.6983801186738,,48.31804281345551,66.74160749149065,74.27701674277,82.29325215626568,,
06/15/2020,1.1322,1.1246,1.1334,1.1226,0.60%,1.12895,1.0967966666666666,1.0,1.1261531370522206,1.1110549034427617,,1.3698630136986383,4.465768591991142,0.01880000000000015,0.04160000000000008,66.59565451397438,60.62935359055764,,67.20779220779238,59.97753822742148,84.62709284627095,79.90867579908662,,
06/16/2020,1.1263,1.1325,1.1353,1.1228,-0.52%,1.12989,1.09759,1.0,1.1261798394066755,1.112040738969281,,0.27599715099716016,4.345006485084322,0.009400000000000075,0.04249999999999998,58.58551660300892,58.18757740463889,,37.500000000000114,51.00861167374933,75.6468797564688,78.18366311516992,,
06/17/2020,1.1243,1.1265,1.1295,1.1207,-0.18%,1.13,1.098195,1.0,1.1258380504203631,1.1128333746260677,,-0.8203952011291341,3.7943131462333954,0.001100000000000101,0.04490000000000016,56.046429905695916,57.377243819065264,,21.05263157894783,41.920141262246766,72.60273972602741,77.62557077625573,,
06/18/2020,1.1202,1.1244,1.1264,1.1186,-0.36%,1.12866,1.098485,1.0,1.1248129503358832,1.113309605037564,,-0.7266926621765318,3.339483394833949,-0.013399999999999856,0.037000000000000144,51.01072667136167,55.73131896774467,,6.751054852320854,21.767895477089592,65.94761171032366,71.39907706427329,,
06/19/2020,1.1175,1.1205,1.1255,1.1168,-0.24%,1.12757,1.0985433333333332,1.0,1.123483322993543,1.1135804661491209,,-1.0361317747077614,3.414769572459738,-0.010900000000000132,0.03349999999999986,47.86400311980657,54.66308201123269,,2.7450980392153754,10.18292815682801,61.787365177195554,66.7792388711822,,
06/22/2020,1.1258,1.1185,1.1271,1.1168,0.74%,1.12723,1.0988966666666669,1.0,1.1239045369969314,1.114370222572349,,-0.7231040564373885,3.798635441637461,-0.0034000000000000696,0.04519999999999991,56.93738686885728,57.2678022908652,,35.29411764705831,14.930090179531504,74.57627118644047,67.4370826913199,,
06/23/2020,1.1306,1.126,1.135,1.1233,0.43%,1.12689,1.0993583333333332,1.0,1.1251218939118164,1.1154190435344888,,-0.5541384466531772,4.530325443786997,-0.0033999999999998476,0.04600000000000004,61.2686526822796,58.68775631269422,,54.1176470588235,30.71895424836572,81.97226502311247,72.77863379558283,,
06/24/2020,1.125,1.1309,1.1327,1.1248,-0.50%,1.1257000000000001,1.0998383333333333,1.0,1.1250997313823172,1.1160381297611721,,-0.4160396565459792,4.128100703443167,-0.011900000000000022,0.043400000000000105,54.2017077416214,56.424885373846216,,34.745762711864245,41.385842472582006,73.3436055469953,76.63071391884941,,
06/25/2020,1.1217,1.1252,1.1261,1.119,-0.29%,1.1249,1.1004399999999999,1.0,1.1244815984019343,1.1164039423722096,,-0.3287719921805613,3.717059639389738,-0.008000000000000007,0.04129999999999989,50.39569514689943,55.12907295501156,,26.486486486486026,38.44996541905791,67.50788643533102,74.2745856684796,,
06/26/2020,1.1217,1.1218,1.1241,1.1195,0.00%,1.12453,1.1011216666666668,1.0,1.1239758532367548,1.1167460878160935,,-0.9273979862215311,2.795087976539587,-0.0037000000000000366,0.040200000000000014,50.39569514689944,55.12907295501157,,26.486486486486026,29.239578561612092,66.93418940609925,69.26189379614185,,
06/29/2020,1.124,1.1227,1.1289,1.1216,0.21%,1.1237100000000002,1.1018700000000001,1.0,1.1239802435573534,1.1172146770213864,,-0.20420847021219643,2.9209779324237743,-0.008199999999999985,0.03280000000000016,53.22205384372454,55.88472327385638,,38.918918918919516,30.63063063063051,66.90777576853537,67.11661720332188,,
06/30/2020,1.1231,1.1242,1.1263,1.1191,-0.08%,1.12339,1.10244,1.0,1.1238201992739458,1.1175948267402613,,-0.10673307835987636,2.313929124533123,-0.0032000000000000917,0.030999999999999917,51.93545251961804,55.50633617595004,,34.61538461538448,33.34026334026333,65.28028933092213,66.37408483518558,,
07/01/2020,1.125,1.1233,1.1275,1.1185,0.17%,1.1234600000000001,1.1030966666666666,1.0,1.1240347084971416,1.1180731112143305,,0.4284949116229169,2.749109507717601,0.0006999999999999229,0.027300000000000102,54.51469434938292,56.15467327557081,,45.05494505494499,39.52974952974966,68.71609403254963,66.96805304400237,,
07/02/2020,1.1238,1.1252,1.1304,1.1223,-0.11%,1.1238199999999998,1.103615,1.0,1.123992034224889,1.1184429723053884,,0.5637583892617425,3.1009174311926446,0.0035999999999998256,0.028899999999999926,52.53630455859059,55.625101992235265,,38.4615384615379,39.37728937728911,66.54611211573211,66.84749849306796,,
07/03/2020,1.1248,1.1239,1.1254,1.1219,0.09%,1.12455,1.1041366666666665,1.0,1.1241389370932178,1.1188535022600035,,-0.08882572392964025,3.2021286356546406,0.007300000000000084,0.03479999999999994,54.07936318712052,55.98295233939129,,43.95604395604401,42.49084249084229,68.35443037974677,67.87221217600951,,
07/06/2020,1.1308,1.1242,1.1347,1.124,0.53%,1.12505,1.104795,1.0,1.1253500394407614,1.1196249456923835,,0.01768972227135839,2.987249544626588,0.0050000000000001155,0.040899999999999936,62.259139348620536,58.081157101372334,,74.54545454545459,52.321012321012155,78.34274952919014,71.08109734155634,,
07/07/2020,1.127,1.1308,1.1334,1.1258,-0.34%,1.12469,1.10528,1.0,1.1256500322698872,1.1201011608309117,,0.17777777777777795,2.4266109242933696,-0.0036000000000000476,0.028999999999999915,55.32425917624349,56.3221728050881,,52.46913580246887,56.990211434655826,68.71165644171771,71.8029454502182,,
07/08/2020,1.1329,1.1273,1.1353,1.1262,0.52%,1.12548,1.1059833333333333,1.0,1.1269682082214405,1.1209275501528921,,0.9984844432557813,2.2842181292885613,0.007900000000000018,0.03259999999999996,62.52536461714462,58.34823059873217,,85.7142857142859,70.90962535406977,78.24074074074063,75.09838223721617,,
07/09/2020,1.1281,1.1329,1.1372,1.128,-0.42%,1.12612,1.1067266666666666,1.0,1.1271739885448946,1.121390633662946,,0.570562539003315,1.6489457559920893,0.006400000000000183,0.020500000000000185,54.573708494338476,56.15593579169098,,51.33689839572237,63.173439970825704,59.88700564971765,68.94646761072534,,
07/10/2020,1.1298,1.1285,1.1326,1.1254,0.15%,1.12693,1.1074300000000001,1.0,1.1276514451732467,1.1219335516003364,,0.5160142348754275,1.4729656906772022,0.008099999999999996,0.020000000000000018,56.73874700517212,56.751289912854595,,60.42780748663049,65.8263305322129,61.77370030581005,66.63381556542278,,
07/13/2020,1.134,1.13,1.1376,1.1297,0.37%,1.1279299999999999,1.1082266666666667,1.0,1.128805727869319,1.122712539745385,,0.9705280028492485,1.5310233682514007,0.009999999999999787,0.02059999999999995,61.74389529772251,58.20188073652953,,81.15183246073263,64.30551278102848,73.05194805194756,64.90421800249176,,
07/14/2020,1.1396,1.1343,1.141,1.1325,0.49%,1.12958,1.1091266666666668,1.0,1.1307683228025862,1.1238027178595071,,1.297777777777773,1.4601139601139574,0.01649999999999996,0.022699999999999942,67.34158902136608,60.05008358517595,,93.77777777777747,78.45247257504685,89.45312499999946,74.75959111925236,,
07/15/2020,1.141,1.14,1.1452,1.1391,0.12%,1.13118,1.1101066666666666,1.0,1.1326286277478932,1.1249128529887547,,1.5305214450970017,0.6527875793930904,0.016000000000000014,0.017800000000000038,68.61714164668135,60.50176667421148,,81.97424892703879,85.63461972184962,85.21126760563385,82.57211355252696,,
07/16/2020,1.1383,1.1411,1.1443,1.137,-0.24%,1.13263,1.1111183333333332,1.0,1.1336597863393316,1.1257770008815704,,1.2002133712660088,0.877348457993621,0.01450000000000018,0.0047000000000001485,63.317794960917766,59.16714685893412,,70.38626609442112,82.04609759974578,75.70422535211299,83.45620598591543,,
07/17/2020,1.1426,1.1384,1.1445,1.1377,0.38%,1.1344100000000001,1.1121283333333334,1.0,1.1352852797323691,1.126862897573415,,1.0435090201627195,1.1866808359900884,0.017800000000000038,0.01419999999999999,67.72816966815842,60.59908344365178,,87.73584905660401,80.03212135935462,90.84507042253543,83.92018779342742,,
07/20/2020,1.1444,1.141,1.1469,1.1402,0.16%,1.13577,1.113155,1.0,1.1369425015993686,1.1279948519864231,,1.5439219165927314,0.9171075837742669,0.013600000000000056,0.015200000000000102,69.43729303688733,61.18847254348413,,88.3720930232561,82.16473605809372,91.69435215946862,86.081215978039,,
07/21/2020,1.1526,1.1448,1.154,1.1423,0.72%,1.13833,1.114335,1.0,1.139789319490614,1.129582974468455,,1.7389001677111882,1.3809481924531664,0.025600000000000067,0.018600000000000172,75.89825447813578,63.74432827077323,,95.10489510489563,90.40427906158523,96.23655913978536,92.92532724059647,,
07/22/2020,1.1568,1.1528,1.1602,1.1507,0.36%,1.14072,1.1154933333333332,1.0,1.1428821704925174,1.1313396292847486,,2.5441007002925224,2.3988669558289923,0.023900000000000032,0.01990000000000003,78.48652053371656,64.96673276204542,,90.22988505747168,91.23562439520778,92.16589861751186,93.3656033055886,,
07/23/2020,1.1594,1.1575,1.1628,1.154,0.22%,1.14385,1.1165583333333335,1.0,1.145885412221307,1.1331506679506422,,2.6199327314569016,3.0211480362537793,0.031299999999999883,0.02970000000000006,79.96631947429657,65.70717228599548,,90.90909090909075,92.08129035715268,92.60869565217376,93.67038446982366,,
07/24/2020,1.1654,1.1597,1.166,1.158,0.52%,1.14741,1.1176766666666667,1.0,1.1494335190903113,1.1352320141752432,,2.768959435626111,2.9323441088146875,0.035600000000000076,0.040000000000000036,82.96993155317509,67.35433184835966,,98.3471074380167,93.16202780152635,98.78048780487818,94.51836069152127,,
07/27/2020,1.1751,1.1647,1.1782,1.1637,0.83%,1.15152,1.1190849999999999,1.0,1.1541001519831444,1.1378050028791489,,3.115128115128123,4.332771020154484,0.041100000000000136,0.04289999999999994,86.58326417100037,69.78175429238098,,93.21663019693678,94.1576095146814,94.95114006514676,95.44677450739955,,
07/28/2020,1.1714,1.1753,1.1774,1.1698,-0.31%,1.1547,1.1205450000000001,1.0,1.1572455788953897,1.139973100426009,,2.664329535495178,4.189273325624826,0.03180000000000005,0.04509999999999992,79.43967474573368,67.7926584351919,,83.49514563106813,91.68629442200718,88.92508143322488,94.21890310108328,,
07/29/2020,1.179,1.1718,1.1807,1.1713,0.65%,1.1585,1.1222050000000001,1.0,1.1612009281872293,1.1424917021201881,,3.575507335500303,5.249062667380821,0.038000000000000034,0.05469999999999997,82.69770808946893,69.63201102318455,,96.10983981693356,90.94053854831282,97.33959311424096,93.73860487087086,,
07/30/2020,1.1846,1.1788,1.1849,1.1731,0.47%,1.16313,1.1238949999999999,1.0,1.1654553048805416,1.145209110580716,,3.6758270610887482,6.004474272930663,0.04630000000000001,0.06440000000000001,84.6846468614533,70.89884031380028,,99.36440677966108,92.98979740922091,99.55947136563881,95.27471530436821,,
07/31/2020,1.1774,1.1846,1.191,1.176,-0.61%,1.16661,1.1254516666666667,1.0,1.167627067629568,1.1472864742818636,,2.8836071303739876,4.58340735476995,0.03479999999999994,0.059900000000000064,72.74985282382235,67.17185947364933,,73.22834645669278,89.56753101776246,81.67115902964953,92.85674116984309,,
08/03/2020,1.1761,1.1783,1.1797,1.1696,-0.11%,1.16978,1.1270433333333334,1.0,1.169167600787848,1.1491458569855841,,2.038868644803041,4.0244118167344665,0.03169999999999984,0.05030000000000001,70.74952075896856,66.51873475419012,,69.40451745379846,80.66575689671743,79.44827586206878,86.89296875245238,,
08/04/2020,1.18,1.1765,1.1807,1.1721,0.33%,1.17252,1.1286333333333334,1.0,1.1711371279173508,1.151136893184799,,2.005532503457805,4.888888888888884,0.02739999999999987,0.04939999999999989,73.2053429825775,67.49945229250082,,72.7047146401982,71.77919285022979,84.82758620689638,81.9823403662049,,
08/05/2020,1.1861,1.1802,1.1906,1.1793,0.52%,1.17545,1.130375,1.0,1.1738576501142193,1.1533930506249475,,2.302915301017763,5.741285548720693,0.02929999999999988,0.06109999999999993,76.61714755436104,68.970107406805,,86.75675675675647,76.28866295025104,93.24137931034466,85.83908045976995,,
08/06/2020,1.1875,1.1863,1.1917,1.1818,0.12%,1.17826,1.1321599999999998,1.0,1.1763380773661969,1.1555939307326202,,1.8963446027115163,5.866096104127671,0.028100000000000014,0.06580000000000008,77.35252683513022,69.29993043500293,,87.53709198813064,82.33285446169509,94.26229508196722,90.77708686640277,,
08/07/2020,1.1786,1.1877,1.1885,1.1755,-0.75%,1.17958,1.133778333333333,1.0,1.1767493360268908,1.1570784657077475,,0.2978469917453883,4.857651245551599,0.0132000000000001,0.05690000000000017,63.29251423527041,64.77225831154665,,53.21428571428615,75.8360448197244,82.10382513661216,89.86916650964135,,
08/10/2020,1.1736,1.1788,1.1803,1.1736,-0.42%,1.17943,1.1351516666666666,1.0,1.1761767294765444,1.1581445541719506,,0.18780945876728528,4.496482948980499,-0.0015000000000000568,0.049599999999999866,56.84301763288596,62.40279773992965,,18.099547511312224,52.95030840457631,75.27322404371581,83.87978142076507,,
08/11/2020,1.1739,1.1738,1.1808,1.1722,0.03%,1.1796799999999998,1.1365150000000002,1.0,1.1757627786626257,1.1591611978247935,,-0.4325699745547162,4.346666666666662,0.0024999999999999467,0.050799999999999956,57.13421869536348,62.487971438180665,,19.457013574660493,30.256948933419608,75.68306010928954,77.68670309653918,,
08/12/2020,1.1782,1.174,1.1816,1.1711,0.37%,1.1796,1.1378566666666667,1.0,1.176205909814877,1.1603896922143344,,-0.5402667567111415,4.840718989143976,-0.0008000000000001339,0.053199999999999914,61.293605373462015,63.70707990159024,,38.91402714932099,25.49019607843122,80.65902578796555,77.20510331365696,,
08/13/2020,1.1812,1.1786,1.1865,1.178,0.25%,1.17926,1.139295,1.0,1.1771139262121744,1.1617324814446146,,0.3227450314251763,5.014224751066857,-0.0034000000000000696,0.05740000000000012,64.00139264383799,64.5388450666855,,52.488687782805656,36.953242835595695,84.95702005730668,80.43303531818725,,
08/14/2020,1.1841,1.1815,1.1852,1.1782,0.25%,1.17993,1.1408633333333333,1.0,1.178384121446327,1.1631757369193014,,0.6802142674942614,4.713477184294296,0.006699999999999928,0.05929999999999991,66.51725626201679,65.33333943554607,,65.61085972850657,52.337858220211054,88.77400295420965,84.79668293316062,,
08/17/2020,1.1869,1.184,1.1881,1.1829,0.24%,1.18101,1.14248,1.0,1.179932463001543,1.164706522822316,,0.5847457627118753,5.314995563442774,0.010800000000000143,0.05610000000000004,68.85254950710373,66.09212970141652,,76.69902912621394,64.93285887917538,92.76018099547524,88.83040133566385,,
08/18/2020,1.1929,1.1871,1.1967,1.1865,0.51%,1.1823000000000001,1.1440616666666668,1.0,1.1822901970012658,1.1665256661506682,,0.5733074782902066,5.296142642775183,0.012900000000000134,0.06590000000000007,73.28834828735735,67.66122659265943,,85.15624999999994,75.82204628490682,94.67040673211778,92.06819689393421,,
08/19/2020,1.1836,1.1931,1.1954,1.183,-0.78%,1.1820499999999998,1.14545,1.0,1.182528343001036,1.167627354662174,,-0.32842105263158017,4.9197766155482565,-0.0024999999999999467,0.05069999999999997,58.85353754753065,62.987547366675955,,48.8281249999997,70.22780137540452,81.62692847124814,89.68583873294705,,
08/20/2020,1.1859,1.1839,1.187,1.1801,0.19%,1.1818899999999999,1.146755,1.0,1.1831413715463028,1.1688063537264224,,0.6193789241472817,4.96548061603824,-0.0016000000000000458,0.05779999999999985,60.96615042262858,63.630275326174264,,57.81249999999956,63.93229166666638,84.85273492286099,87.05002337540895,,
08/21/2020,1.1795,1.186,1.1883,1.1754,-0.54%,1.18198,1.1479166666666667,1.0,1.182479303992429,1.169496331384435,,0.5027266530334029,4.012345679012355,0.0008999999999999009,0.04970000000000008,52.61399898880161,60.60102812627452,,32.812499999999766,46.48437499999966,74.32835820895514,80.26934053435475,,
08/24/2020,1.1787,1.1787,1.1851,1.1784,-0.07%,1.18249,1.149005,1.0,1.181792157811987,1.1700901687863323,,0.4088934321492578,3.4310284310284436,0.0051000000000001044,0.044700000000000184,51.63158941808183,60.23024597548118,,29.68750000000012,40.104166666666465,71.9626168224299,77.04790331808199,,
08/25/2020,1.1833,1.1793,1.1845,1.1783,0.39%,1.18343,1.1501116666666669,1.0,1.1820663109370804,1.1709424862233653,,0.4328636903751574,3.707274320771253,0.009400000000000075,0.04370000000000007,56.78665816131687,61.626800636382214,,47.65624999999983,36.71874999999989,77.55443886097142,74.61513796411882,,
08/26/2020,1.1829,1.1835,1.1841,1.1772,-0.03%,1.1839,1.1511066666666667,1.0,1.1822178907667023,1.1717139982224665,,0.14392143582797448,3.9181235175261326,0.0047000000000001485,0.04190000000000005,56.20785709429086,61.43274316927235,,35.211267605633935,37.51833920187795,76.88442211055275,75.46715926465136,,
08/27/2020,1.1821,1.1831,1.1902,1.1762,-0.07%,1.18399,1.151915,1.0,1.1821964560818472,1.1723841111969329,,-0.16890465332319923,3.4570278312620224,0.0008999999999999009,0.04379999999999984,54.96293993662402,61.03509988800981,,31.455399061032384,38.1076388888887,75.25423728813537,76.56436608655316,,
08/28/2020,1.1903,1.1822,1.1921,1.1811,0.69%,1.18461,1.1529466666666666,1.0,1.1836698277033297,1.1735400530031004,,0.28646052742437,4.010835372247451,0.006199999999999983,0.047699999999999854,64.03498211633331,63.53766475032768,,69.95305164319177,45.53990610328602,88.6725663716811,80.27040859012307,,
08/31/2020,1.1936,1.1899,1.1967,1.1883,0.28%,1.18528,1.1540199999999998,1.0,1.185475313575452,1.1748343248446385,,0.0586805264481451,3.5571750824223427,0.006699999999999928,0.04919999999999991,67.00676769538808,64.48721904459997,,85.44600938967093,62.28482003129835,94.3014705882351,86.07609141601718,,
09/01/2020,1.191,1.1936,1.2013,1.19,-0.22%,1.18509,1.1549699999999998,1.0,1.1864798020162792,1.1758773332299164,,0.6252112200067652,2.95643153526971,-0.0019000000000000128,0.03839999999999999,62.48673164568807,63.1468944581105,,60.23166023166038,71.87690708817435,79.64426877470359,87.53943524487327,,
09/02/2020,1.1853,1.1911,1.1931,1.1822,-0.48%,1.18526,1.1557766666666667,1.0,1.1862652925587738,1.176485280804528,,-0.050594485201107514,2.2339140934966393,0.0017000000000000348,0.02849999999999997,53.66814803107428,60.30433453103977,,38.223938223938255,61.300535948423175,66.17336152219879,80.03970029504582,,
09/03/2020,1.1849,1.1852,1.1866,1.1789,-0.03%,1.1851600000000002,1.1566966666666665,1.0,1.1860170575480877,1.1770281939749285,,0.4578211106401078,1.6732452376866374,-0.0009999999999998899,0.025500000000000078,53.08400748082959,60.107909131144275,,36.67953667953688,45.04504504504516,62.124711316397395,69.31411387109993,,
09/04/2020,1.1838,1.185,1.1866,1.178,-0.09%,1.18559,1.15767,1.0,1.185613956175708,1.1774651058115346,,0.43268007126494296,0.7403625223385184,0.0042999999999999705,0.018399999999999972,51.37538536535956,59.55604657499346,,30.27888446215145,35.06078645520885,53.45744680851055,60.58517321570224,,
09/07/2020,1.1817,1.1833,1.185,1.1812,-0.18%,1.18589,1.1584949999999998,1.0,1.1849023277801247,1.1777383371502304,,-0.1352150764810315,0.8792897387741144,0.0029999999999998916,0.006599999999999939,48.09187684162872,58.495399533184894,,21.912350597609695,29.62359057976599,38.1703470031545,51.25083504268748,,
09/08/2020,1.1779,1.1817,1.1829,1.1765,-0.32%,1.1853500000000001,1.1593550000000001,1.0,1.1836291772746474,1.1777487674528515,,-0.42268999915462974,-0.09329940627651406,-0.005400000000000071,0.00649999999999995,42.61573340745666,56.608224777020375,,6.772908366533971,19.654714475431692,26.182965299684408,39.27025303711648,,
09/09/2020,1.1802,1.1777,1.1835,1.1753,0.20%,1.18508,1.1602866666666667,1.0,1.1830056904974389,1.1779069177483517,,-0.1607309026309122,-0.3714333952389145,-0.0027000000000001467,0.0011999999999998678,46.69753693351832,57.46739629747258,,18.846153846153463,15.843804270099028,33.43848580441616,32.59726603575169,,
09/10/2020,1.1813,1.1801,1.1917,1.18,0.09%,1.185,1.1613049999999998,1.0,1.18269556495245,1.1781258343872143,,-0.7561119045618666,0.33123832172583784,-0.0007999999999999119,-0.0033000000000000806,48.63893943014626,57.88001486763554,,23.076923076923077,16.231995096536824,36.908517350157794,32.17665615141946,,
09/11/2020,1.1845,1.1814,1.1875,1.1813,0.27%,1.18442,1.1624216666666667,1.0,1.1830236440520046,1.1785370851245118,,-0.762399463806961,0.7142249808689896,-0.005799999999999805,0.007100000000000106,54.04873173845359,59.07482232278,,35.38461538461573,25.769230769230745,47.00315457413283,39.11671924290226,,
09/14/2020,1.1868,1.184,1.1889,1.183,0.19%,1.18374,1.1634383333333331,1.0,1.1837102542243674,1.1790701936827852,,-0.35264483627203874,0.5762711864406898,-0.006799999999999917,0.010700000000000154,57.61409221802758,59.92017254715219,,44.23076923076945,34.230769230769404,51.98675496688756,45.29947563039273,,
09/15/2020,1.1845,1.1865,1.19,1.1839,-0.19%,1.18309,1.1643366666666668,1.0,1.1838538443653914,1.1794205143878822,,-0.06749346157090289,-0.13489587724473687,-0.00649999999999995,0.0045000000000001705,53.04133755257744,58.66656947121053,,51.6853932584274,43.76692595793751,44.37086092715257,47.78692348939099,,
09/16/2020,1.1814,1.185,1.1883,1.1787,-0.26%,1.1827,1.1652766666666667,1.0,1.183407690844411,1.17954822675892,,-0.2953835766731419,-0.5136842105263153,-0.0039000000000000146,-0.0046999999999999265,47.40653456886006,57.003740945543576,,37.19512195121955,44.370428146805445,34.105960264900574,43.48785871964691,,
09/17/2020,1.1847,1.1816,1.1854,1.1736,0.28%,1.18268,1.1663266666666667,1.0,1.1836426561454274,1.1798806080441373,,0.07602635580335554,0.5175632105888337,-0.00019999999999997797,-0.0027999999999999137,53.27738656990903,58.30515252016277,,61.32596685082932,50.068827353492075,45.033112582781634,41.16997792494493,,
09/18/2020,1.1837,1.1849,1.1871,1.1827,-0.08%,1.18267,1.16736,1.0,1.1836530823008042,1.1801270265440793,,0.1692476940001694,0.8605998636673482,-9.999999999998899e-05,0.005099999999999882,51.34749822302594,57.75712936227886,,55.80110497237566,51.44073125814149,41.72185430463557,40.286975717439255,,
09/21/2020,1.1769,1.1848,1.1873,1.1731,-0.57%,1.18219,1.1682416666666666,1.0,1.1824252491552034,1.179918826449361,,-0.08489685032684352,0.25555839509328854,-0.0047999999999999154,0.0033000000000000806,40.31403319134793,54.17514081057431,,20.430107526881912,45.85239311669562,19.20529801324512,35.320088300220775,,
09/22/2020,1.1706,1.1771,1.1774,1.1692,-0.54%,1.18146,1.1690333333333334,1.0,1.1802752038542574,1.1793175987815068,,-0.8134214539908348,-0.6450517738923638,-0.007299999999999862,-0.0032999999999998586,33.01186513415796,51.135673561886065,,6.222222222222533,27.48447824049335,4.361370716511113,21.762841011463934,,
09/23/2020,1.1659,1.1708,1.1719,1.1651,-0.40%,1.18003,1.1697149999999998,1.0,1.1776615304262106,1.1784519296585385,,-1.303648522813856,-1.2952929224517518,-0.01429999999999998,-0.012299999999999978,28.702355006946178,49.013440043673256,,3.007518796992155,9.886616182032187,2.2099447513809714,8.592204493712401,,
09/24/2020,1.1672,1.166,1.1689,1.1626,0.11%,1.17862,1.1704383333333335,1.0,1.1757594339850814,1.177725984914668,,-1.4605318699873442,-1.427244320581025,-0.014100000000000001,-0.014000000000000012,31.452480866819116,49.61180580376809,,16.788321167883062,8.672687395699237,11.886304909560575,6.152540125817553,,
09/25/2020,1.163,1.1671,1.1686,1.1612,-0.36%,1.1764700000000001,1.1710749999999999,1.0,1.1734395368968848,1.176775904478496,,-2.0053926525109573,-2.0136490016008115,-0.021500000000000075,-0.021099999999999897,27.62708892262026,47.739328659926834,,6.250000000000096,8.681946654958423,4.4887780548629,6.195009238601482,,
09/28/2020,1.1664,1.1638,1.1679,1.1614,0.29%,1.17443,1.1716683333333333,1.0,1.1721596210974514,1.176106480151298,,-1.528070915998312,-2.2214770726800204,-0.020399999999999974,-0.020499999999999963,34.763780591420655,49.34052667846963,,18.05555555555592,13.697958907813012,12.96758104738177,9.780888003935083,,
09/29/2020,1.1742,1.1666,1.1747,1.166,0.67%,1.1734,1.1724549999999998,1.0,1.172530599079733,1.175983479517895,,-0.6094464195022934,-0.7941872254139976,-0.010300000000000198,-0.01870000000000016,47.86769375179529,52.77441633967979,,47.97047970479685,24.092011753450937,32.418952618453595,16.625103906899422,,
09/30/2020,1.1718,1.1743,1.1756,1.1685,-0.20%,1.1724400000000001,1.1731033333333334,0.0,1.172397762883418,1.1757135736845776,,-1.0888832615852226,-1.1889704022261576,-0.009600000000000053,-0.011800000000000033,44.79171028601256,51.65981789534166,,40.61302681992313,35.546354026758614,26.433915211969918,23.940149625935096,,
10/01/2020,1.1747,1.1719,1.1771,1.1717,0.25%,1.17144,1.17388,0.0,1.1728163514500693,1.1756481809434707,,-0.7603277857565175,-0.40695209834674995,-0.010000000000000009,-0.011199999999999877,49.176514305096404,52.90317711099552,,51.72413793103472,46.769214818584885,33.66583541147147,30.83956774729833,,
10/02/2020,1.1713,1.1748,1.1751,1.1696,-0.29%,1.1702,1.1745716666666666,0.0,1.1725406511864203,1.1753676495669765,,-0.4758263233919661,-0.6278102994824869,-0.012399999999999967,-0.008199999999999985,44.56562876340325,51.30275980168387,,38.69731800766281,43.678160919540204,25.187032418952597,28.428927680797994,,
10/05/2020,1.1781,1.1716,1.1799,1.1707,0.58%,1.1703199999999998,1.1753066666666667,0.0,1.1735514418797983,1.1755439323408596,,0.6406970784213087,-0.43944899856334774,0.0011999999999998678,-0.000600000000000156,54.12428661508572,54.17118398472771,,90.37433155080198,60.265262496499815,42.14463840398979,33.665835411471285,,
10/06/2020,1.1734,1.1782,1.1809,1.1732,-0.40%,1.1705999999999999,1.17587,0.0,1.1735239069925623,1.1754056125832926,,0.6432798696286185,-0.8031109983937834,0.0027999999999999137,-0.00990000000000002,47.79510386081385,51.98189382086289,,61.92893401015207,63.666861189538935,30.42394014962589,32.585203657522754,,
10/07/2020,1.176,1.1735,1.1783,1.1725,0.22%,1.17161,1.1764533333333336,0.0,1.1739741057211874,1.1754439605584965,,0.7539410555174708,-0.5160307926571351,0.010099999999999998,-0.006900000000000128,51.29580323383953,53.06734151477742,,75.12690355329892,75.81005637141764,36.90773067331649,36.49210307564406,,
10/08/2020,1.1758,1.1762,1.1782,1.1732,-0.02%,1.17247,1.1770783333333334,0.0,1.1743060864991535,1.1754669310691501,,1.1006018916594944,-1.2181802906830175,0.008599999999999941,-0.006299999999999972,51.003483885839465,52.97205518481691,,74.1116751269031,70.38917089678468,36.40897755610957,34.58021612635065,,
10/09/2020,1.1824,1.1759,1.1833,1.1753,0.56%,1.17441,1.1777416666666667,0.0,1.175777707135671,1.1759142299212744,,1.3717421124828353,-0.9383378016085874,0.019399999999999862,-0.007900000000000018,59.47191953511462,55.68824087291124,,95.89041095890354,81.70966321303517,52.867830423939836,42.061512884455304,,
10/12/2020,1.1813,1.182,1.1828,1.1786,-0.09%,1.1759,1.1783566666666665,0.0,1.1767817603837307,1.1762617019253074,,0.6046670073241447,-0.814441645675906,0.014899999999999913,-0.012299999999999978,57.62744116299663,55.13916088463768,,88.43930635838156,86.14713081472938,50.12468827930173,46.467165419783704,,
10/13/2020,1.1744,1.1813,1.1817,1.1731,-0.58%,1.17592,1.17872,0.0,1.1763487130412342,1.1761415911643371,,0.22188086704217083,-0.9195984139036455,0.00020000000000020002,-0.016599999999999948,47.38474955971539,51.82343962790208,,39.86486486486518,74.73152739405008,41.37931034482785,48.12394301602314,,
10/14/2020,1.1746,1.1746,1.1772,1.1719,0.02%,1.1762000000000001,1.1790166666666666,0.0,1.1760307652155553,1.176042132926731,,-0.008512811781730568,-0.8692716684952296,0.0028000000000001357,-0.010699999999999932,47.68422130267547,51.910150875947544,,36.49635036496422,54.9335071960703,43.934426229508496,45.14614161787936,,
10/15/2020,1.1706,1.1748,1.1759,1.1688,-0.34%,1.17579,1.1792033333333334,0.0,1.1750433533581817,1.1756910251224608,,-0.05976265687696772,-1.115053218449052,-0.0040999999999999925,-0.01429999999999998,42.33017898616424,50.04649150811196,,12.413793103448477,29.591669444425943,30.81967213114781,38.71113623516138,,
10/16/2020,1.1718,1.1708,1.1747,1.1694,0.10%,1.17584,1.17931,0.0,1.1744536527476033,1.17543998960212,,-0.5347593582887677,-0.8377760853008395,0.0004999999999999449,-0.01200000000000001,44.41072285071517,50.59693488655526,,20.689655172413108,23.199932880275252,34.75409836065558,36.5027322404373,,
10/19/2020,1.1766,1.1721,1.1795,1.1703,0.41%,1.1756900000000001,1.1793350000000002,0.0,1.1748438977025846,1.1755148294404196,,0.27271177773990896,-0.11036590542489659,-0.0014999999999998348,-0.005099999999999882,52.092310358256306,52.75130218057204,,53.79310344827623,28.965517241379256,50.49180327868884,38.68852459016408,,
10/20/2020,1.1821,1.177,1.1841,1.1759,0.47%,1.1765599999999998,1.1795133333333332,0.0,1.1761631890293873,1.1759396815850744,,0.5187074829931968,0.1609896627690233,0.00869999999999993,0.0041999999999999815,59.25972955990764,55.07357084940819,,86.92810457516327,53.80362106528418,68.52459016393422,51.25683060109288,,
10/21/2020,1.1861,1.1822,1.1881,1.1821,0.34%,1.17757,1.1796316666666666,0.0,1.177969881933135,1.176595189507956,,0.8759993196121769,0.406332007110803,0.010099999999999998,0.005900000000000016,63.65383942908877,56.67561892605412,,89.63730569948179,76.78617124097376,81.6393442622949,66.88524590163932,,
10/22/2020,1.1816,1.1862,1.1868,1.1812,-0.38%,1.17815,1.1795816666666665,0.0,1.1786299033998378,1.1769180821244118,,-0.06765899864681259,-0.24482904178979525,0.005800000000000027,0.00029999999999996696,56.09153214900293,54.41729431597984,,66.3212435233161,80.9622179326537,70.8333333333334,73.66575591985418,,
10/23/2020,1.1859,1.1819,1.1866,1.1787,0.36%,1.1785,1.1797233333333332,0.0,1.1799517391453218,1.177497563411715,,0.38940150681452107,-0.07583417593529852,0.0035000000000000586,0.0013999999999998458,61.00966358109219,56.144688658564554,,88.60103626943008,81.51986183074264,85.76388888888889,79.4121888281724,,
10/26/2020,1.1808,1.1858,1.1861,1.1803,-0.43%,1.17845,1.1798016666666666,0.0,1.1801059683916268,1.1777106247704952,,0.5449591280653918,-0.31236808780076286,-0.0004999999999999449,-0.006000000000000005,53.16244098143114,53.65016607220908,,62.17616580310927,72.36614853195181,68.05555555555593,74.8842592592594,,
10/27/2020,1.1795,1.181,1.1839,1.1793,-0.11%,1.17896,1.1797933333333332,0.0,1.179995792320422,1.1778260688069755,,0.41716328963050436,-0.16082613847977084,0.005099999999999882,-0.0050000000000001155,51.2938539112396,53.02888560994651,,55.440414507772026,68.73920552677045,67.52767527675296,73.78237324039925,,
10/28/2020,1.1744,1.1795,1.1799,1.1717,-0.43%,1.1789399999999999,1.1795983333333333,0.0,1.1789783755348908,1.1776050312620263,,0.3246198530668055,-0.8694184181649343,-0.00019999999999997797,-0.006999999999999895,44.47911968035208,50.648573404169966,,29.015544041451225,48.87737478411083,49.070631970260735,61.55128760085654,,
10/29/2020,1.1674,1.1747,1.1759,1.165,-0.60%,1.17862,1.1792633333333336,0.0,1.1768732163467288,1.176946639786187,,-0.3754906980713398,-1.3770381008701513,-0.0032000000000000917,-0.017300000000000093,36.98537382965346,47.61393717550563,,10.389610389610253,31.615189646277823,23.04832713754647,46.54887812818672,,
10/30/2020,1.1647,1.1674,1.1705,1.1639,-0.23%,1.17791,1.1790316666666667,0.0,1.1746599042836872,1.1761565313416846,,-1.0113887472378056,-1.036621633103916,-0.007099999999999884,-0.018999999999999906,34.494691943593395,46.50220056673921,,3.305785123967496,14.23697985167631,13.011152416357133,28.37670384138811,,
11/02/2020,1.164,1.1658,1.1658,1.1622,-0.06%,1.17665,1.1788716666666665,0.0,1.1727217398684713,1.175372236534555,,-1.531173335589206,-0.5638134290107775,-0.012600000000000167,-0.012900000000000134,33.83826247270825,46.21280778057113,,6.949806949807033,6.881734154461579,10.40892193308521,15.489467162329603,,
11/03/2020,1.1711,1.1641,1.174,1.1633,0.61%,1.17555,1.1788249999999998,0.0,1.1724268780742038,1.1750966075614566,,-1.264648849169539,0.4460073762758464,-0.010999999999999899,0.0004999999999999449,45.52184410686313,49.509706863635486,,34.36293436293482,14.87284214556977,36.802973977695345,20.07434944237923,,
11/04/2020,1.1722,1.1715,1.177,1.1604,0.09%,1.17416,1.178725,0.0,1.1723856275152578,1.1749097291407788,,-0.7955314827352806,0.4283755997258305,-0.013900000000000023,0.006299999999999972,47.12907341754629,50.00089358280309,,44.69696969696901,28.669903669903608,42.59927797833892,29.937057963039823,,
11/05/2020,1.1821,1.1725,1.186,1.1711,0.84%,1.17421,1.1787400000000001,0.0,1.1741518770579382,1.1753736187757073,,-0.3204317396070517,1.642304385210653,0.0004999999999999449,0.014899999999999913,59.173745576378636,54.15341149717447,,82.82442748091539,53.96144384693972,78.33935018050526,52.58053404551318,,
11/06/2020,1.1872,1.1827,1.1892,1.1795,0.43%,1.17434,1.1787916666666665,0.0,1.176524263047404,1.1761366129474549,,0.5420054200541973,1.783264746227703,0.0013000000000000789,0.0242,63.88328825545674,56.096560292243694,,93.05555555555554,73.52565091114663,93.05555555555554,71.33139457146657,,
11/09/2020,1.1813,1.1881,1.1921,1.1795,-0.50%,1.17439,1.1786983333333334,0.0,1.177392578856967,1.1764697354421279,,0.15260703688003593,0.6046670073241447,0.0004999999999999449,0.014899999999999913,55.63396142317829,53.38853848509317,,65.93059936908526,80.60352746851872,65.93059936908526,79.10850170171535,,
11/10/2020,1.1814,1.1813,1.1844,1.178,0.01%,1.1745800000000002,1.1785066666666666,0.0,1.178121200882973,1.1767878176958593,,0.5960490463215169,0.8192524321556625,0.0019000000000000128,0.007200000000000095,55.74159122052983,53.42795810657774,,66.24605678233443,75.07740390232506,66.24605678233443,75.07740390232509,,
11/11/2020,1.1777,1.181,1.1835,1.1745,-0.31%,1.1749100000000001,1.1784083333333333,0.0,1.1780446189042506,1.1768466682829462,,0.8823025526811699,0.25538435345193594,0.0032999999999998586,0.005900000000000016,50.6864535231653,51.752714967073054,,54.574132492113435,62.2502628811777,54.574132492113435,62.25026288117771,,
11/12/2020,1.1804,1.1777,1.1824,1.1758,0.23%,1.17621,1.1783166666666667,0.0,1.1784728700125686,1.1770759159126734,,1.3479866059929446,0.7769145394006561,0.0129999999999999,0.005699999999999816,54.06418111321453,52.86831253145607,,63.09148264984194,61.30389064142992,63.09148264984194,61.30389064142994,,
11/13/2020,1.1832,1.1805,1.1838,1.1799,0.24%,1.1780599999999999,1.1783783333333335,0.0,1.1793323481921016,1.1774710187925226,,1.6494845360824832,0.43290043290044183,0.01849999999999996,0.011900000000000022,57.42442402896949,54.009149645273894,,71.92429022082034,63.196635120925215,71.92429022082034,63.19663512092524,,
11/16/2020,1.1853,1.1829,1.187,1.1814,0.18%,1.18019,1.1784883333333334,1.0,1.1804173757935377,1.1779761151683155,1.154626404203892,1.2125352232943378,1.0141469234702594,0.021300000000000097,0.007200000000000095,59.87066867642633,54.85693558357931,,78.54889589905379,71.18822292323867,78.54889589905379,71.18822292323868,88.3720930232558,
11/17/2020,1.1861,1.1852,1.1894,1.1843,0.07%,1.18169,1.1785349999999999,1.0,1.1814505801947126,1.1785002375605464,1.1549880268370665,1.185804470226926,0.8588435374149659,0.014999999999999902,0.012699999999999934,60.823451053593715,55.18251444910077,55.2663774885997,81.07255520504721,77.18191377497375,81.07255520504721,77.18191377497378,88.95348837209295,
11/18/2020,1.1852,1.1863,1.1893,1.1849,-0.08%,1.18299,1.1785733333333335,1.0,1.1821322928865832,1.1789324809081991,1.1553346202175798,0.2622451569241268,0.79945568974316,0.013000000000000123,0.009200000000000097,59.070332754412284,54.723197560684376,55.21083366973589,67.14285714285745,75.58810274898615,78.23343848580461,79.2849631966352,88.29941860465115,88.54166666666663
11/19/2020,1.1873,1.1854,1.1883,1.1816,0.18%,1.18351,1.17866,1.0,1.1830718759981136,1.1794723215618603,1.1557007715621554,0.008423180592990985,0.41441136671178336,0.0052000000000000934,0.011500000000000066,61.9162004847761,55.61495679956432,55.31614596201132,72.72727272727295,73.64756169172585,84.85804416403805,81.38801261829663,89.82558139534882,89.02616279069764
11/20/2020,1.1853,1.1875,1.1892,1.185,-0.17%,1.18332,1.1785766666666668,1.0,1.1834769894530022,1.17984830127999,1.156039310248766,0.3386100059256754,0.3386100059256754,-0.0019000000000000128,0.0029000000000001247,57.67278449228006,54.556310654143815,55.19193231690182,61.36363636363647,67.07792207792228,78.54889589905379,80.54679284963215,88.3720930232558,88.83236434108524
11/23/2020,1.184,1.1853,1.1907,1.18,-0.11%,1.18359,1.1784166666666667,1.0,1.183572082279729,1.1801161531195827,1.1563586334000078,0.2200778737091532,0.8174386920980782,0.0026999999999999247,0.0026999999999999247,54.9527668431826,53.86683758143249,55.111088528327834,58.64197530864102,64.24429479985014,74.44794952681376,79.2849631966352,87.42732558139528,88.54166666666663
11/24/2020,1.1888,1.1842,1.1896,1.1837,0.41%,1.1843299999999999,1.17838,1.0,1.1845226127743238,1.1806764019105613,1.1567285839207622,0.9425150717500306,1.2089221862761783,0.007400000000000073,0.014399999999999968,62.25584410073462,55.991220413150074,55.353766684773746,88.27160493827152,69.425738870183,89.58990536277642,80.86225026288132,90.91569767441864,88.9050387596899
11/25/2020,1.1913,1.1891,1.1931,1.1881,0.21%,1.18569,1.17848,1.0,1.185754864997174,1.181361796028243,1.1571222526500353,0.9234157912572122,1.7683239364428445,0.013600000000000056,0.016699999999999937,65.49325640014081,57.05668052774564,55.479753432321296,89.59537572254327,78.83631865648526,94.49541284403662,86.17775591120893,92.73255813953487,90.35852713178292
11/26/2020,1.1913,1.1916,1.1942,1.1885,0.00%,1.18678,1.178586666666667,1.0,1.1867630713613244,1.1820029710841111,1.1575108802215028,0.6845841784989855,1.6641065028161866,0.010900000000000132,0.02069999999999994,65.49325640014081,57.05668052774564,55.479753432321296,79.72027972028037,85.86242012703171,91.42011834319551,91.83514551666951,92.73255813953487,92.12693798449612
11/27/2020,1.1962,1.1914,1.1965,1.1907,0.41%,1.18808,1.1787933333333334,1.0,1.1884788765683563,1.1829189092434649,1.157950181566186,0.9195984139036455,1.665816760156369,0.0129999999999999,0.024399999999999977,71.42413158981763,59.1319949068633,55.727089823619536,98.18181818181839,89.16582454154734,99.16897506925217,95.02816875216145,96.29360465116271,93.91957364341083
11/30/2020,1.1928,1.1957,1.2005,1.1923,-0.28%,1.18883,1.1789783333333335,1.0,1.1892645353741098,1.183556399497041,1.158345334042801,0.5648764859624105,0.9051687674477756,0.007500000000000062,0.016199999999999992,63.06699884979257,57.14952324156912,55.51202110136195,62.439024390244725,80.11370743078115,80.79800498753154,90.4623661333264,93.82267441860468,94.28294573643409
12/01/2020,1.207,1.1928,1.2077,1.1926,1.19%,1.19092,1.1794633333333333,1.0,1.1924891653060898,1.1850688910225213,1.158896250942369,1.8393520080999024,1.762077396509581,0.02090000000000014,0.024900000000000144,76.06376082452944,62.57108468064345,56.22120849401181,97.47292418772592,86.03125558659633,98.52008456659635,92.82902154112669,99.51388888888894,96.5433893195521
12/02/2020,1.2115,1.207,1.2119,1.2039,0.37%,1.19355,1.1799849999999998,1.0,1.1959456807049826,1.1867741250942478,1.1594910667837588,2.0382380190347846,2.530467163168588,0.02629999999999999,0.02540000000000009,78.70268590993783,64.0617266980095,56.44235688872747,98.74608150470233,86.21934336089099,99.22330097087388,92.8471301750006,99.7300944669366,97.68888592481007
12/03/2020,1.214,1.2115,1.2176,1.21,0.21%,1.1962199999999998,1.18053,1.0,1.1992282842131676,1.1885306343422346,1.1601065900495353,2.421327933856403,2.3695083902521303,0.026699999999999946,0.032399999999999984,80.0597101286717,64.86589285178303,56.56486521598798,90.42553191489351,95.54817920244056,93.70629370629361,97.14989308125462,97.66081871345025,98.96826735642527
12/04/2020,1.212,1.2142,1.2178,1.211,-0.16%,1.19889,1.1809883333333333,1.0,1.2015504143562281,1.1900447879245821,1.160691793136858,2.364864864864867,2.6422764227642186,0.026699999999999946,0.026100000000000012,75.76832093347006,63.68652474818224,56.437240756203735,84.6560846560846,91.27589935856014,89.8954703832752,94.27502168681423,96.2362102530824,97.87570781115642
12/07/2020,1.2108,1.2129,1.2167,1.2078,-0.10%,1.2015699999999998,1.1813883333333335,1.0,1.2032321572005502,1.1913838346585306,1.161256115723318,1.8506056527590864,2.6536668079694876,0.026800000000000157,0.030000000000000027,73.15416384332919,62.97583278530485,56.360559251973214,79.47214076246367,84.85125244448058,87.80487804878064,90.46888071278316,95.45749513303056,96.45150803318775
12/08/2020,1.2101,1.2109,1.2135,1.2095,-0.06%,1.2037,1.181815,1.0,1.2044808558913593,1.1925913298661537,1.1618054787378302,1.578107949299079,3.0398501362397683,0.021299999999999875,0.03059999999999996,71.55404408739514,62.554589412089726,56.315700410420106,74.07407407407399,79.40076649754074,86.58536585365844,88.09523809523812,95.00324464633351,95.56565001081549
12/09/2020,1.2081,1.2103,1.2149,1.2058,-0.17%,1.2053800000000001,1.18226,1.0,1.2051388820929303,1.1935918897485722,1.1623254937405159,1.4102241249055592,3.4863799897207435,0.016799999999999926,0.03369999999999984,66.90802396328934,61.34183972303996,56.18728425118656,66.8941979522184,73.480137596252,83.10104529616714,85.83042973286875,93.70538611291366,94.72204196409257
12/10/2020,1.2136,1.2083,1.2159,1.2075,0.46%,1.20761,1.1827416666666666,1.0,1.206677267166943,1.1948827361975543,1.162900709974979,1.4546062531349342,4.198506053060869,0.022299999999999986,0.04620000000000002,72.38648712851275,63.36250208209261,56.46167628822267,84.5018450184502,75.15670568158085,92.68292682926831,87.45644599303131,97.27449707981832,95.3277092796885
12/11/2020,1.2111,1.2137,1.2163,1.2104,-0.21%,1.2090999999999998,1.1831983333333334,1.0,1.207481400409317,1.195929011756477,1.1634407424796605,1.5342052313883283,4.046391752577332,0.014900000000000135,0.0464,66.80108589220382,61.84251366360802,56.30059741921731,73.7254901960788,75.04051105558244,88.32752613240429,88.03716608594658,95.65217391304353,95.5440190352585
12/14/2020,1.2143,1.2131,1.2178,1.2115,0.26%,1.21125,1.1838216666666668,1.0,1.2087211457894411,1.197114237307701,1.1640098640555272,0.6048053024026397,3.6888395525574165,0.021499999999999853,0.05030000000000001,70.0840568114513,63.017249963815544,56.460389859346506,86.11111111111082,81.44614877521325,93.90243902439013,91.63763066202091,97.72874756651521,96.88513951979235
12/15/2020,1.2151,1.2144,1.2171,1.2121,0.07%,1.21206,1.1845633333333334,1.0,1.2098809374640882,1.1982746095552157,1.1645808612231485,0.29715229054891024,3.6597850196212387,0.008099999999999996,0.04400000000000004,70.88384444943809,63.30938182527677,56.50035518607319,80.5755395683459,80.13738029184516,95.29616724738689,92.50871080139378,98.24789097988325,97.20960415314732
12/16/2020,1.2197,1.2152,1.2213,1.2125,0.38%,1.21288,1.18546,1.0,1.2116662215615268,1.1996568933233553,1.165196133278578,0.469522240527186,3.1807799678538267,0.008199999999999985,0.0475000000000001,75.13148012923024,64.95596955357375,56.729881078432754,89.67741935483846,85.45469001143171,96.81274900398398,95.33711842525368,98.98477157360404,98.32047004000083
12/17/2020,1.2266,1.2199,1.2274,1.2191,0.57%,1.21414,1.18645,1.0,1.2143814540048856,1.2013951588744791,1.1658807291818094,1.2046204620462002,3.318733153638804,0.012599999999999945,0.044499999999999984,79.9954490020798,67.23747606476333,57.07135795685926,96.2962962962957,88.84975173982667,98.48771266540616,96.86554297225901,99.51130116065966,98.91465457138231
12/18/2020,1.2255,1.2268,1.2273,1.2225,-0.09%,1.21549,1.1874916666666666,1.0,1.2164030078221792,1.202950310420549,1.1665446326030602,1.2140733399405297,3.7416405654787113,0.013500000000000068,0.0383,77.31680002349088,66.52323002189229,56.99928652553857,91.20370370370368,92.39247311827927,96.40831758034024,97.23625974991013,98.83934025656689,99.11180433027687
12/21/2020,1.2242,1.2242,1.2254,1.213,-0.11%,1.21683,1.188455,1.0,1.2178206427636011,1.2043212585524035,1.1671859063378551,1.1651929592595656,3.622820382596915,0.013399999999999856,0.04289999999999994,74.06034981637443,65.67036598661541,56.913919328647545,85.1851851851848,90.89506172839471,93.95085066162552,96.28229363579065,98.04520464263892,98.79861535328848
12/22/2020,1.2161,1.2244,1.2258,1.2152,-0.66%,1.2174299999999998,1.1891533333333335,1.0,1.2175077986247647,1.2050811775717323,1.1677293179328863,0.6621968380100991,3.260592680648721,0.006000000000000005,0.03469999999999995,57.340534834166306,60.65782187471482,56.385103351172745,47.68518518518493,74.69135802469113,78.6389413988656,89.6660365469438,93.09712889431883,96.66055793117488
12/23/2020,1.2185,1.2163,1.2222,1.2154,0.20%,1.21847,1.1899316666666666,1.0,1.2176881988748074,1.2059469082814505,1.1682927022053493,0.40375741595253006,3.2277194171467323,0.010399999999999965,0.04079999999999995,60.291808795301876,61.55722214265994,56.50544725233425,55.27638190954715,62.715584093305615,82.75193798449591,85.11391001499568,94.56322541233956,95.23518631643243
12/24/2020,1.2186,1.2188,1.2216,1.2176,0.01%,1.21897,1.1906633333333334,1.0,1.2178539808975697,1.2067632369827237,1.1688503052322794,0.6192717364379358,2.991886409736298,0.004999999999999893,0.03820000000000001,60.41858323617724,61.59506584798908,56.51047229330376,48.23529411764662,50.39895373745955,81.47368421052606,80.95485453129587,94.6243127672571,94.0948890246385
12/25/2020,1.2204,1.2187,1.2212,1.2165,0.15%,1.2199,1.1914816666666668,1.0,1.2183168934616477,1.2076430283501,1.1694210318843279,0.502347031211397,2.9612756264236824,0.009299999999999864,0.0371999999999999,62.7942815544351,62.28637597550634,56.60117747727546,55.97484276729493,53.16217293149621,85.23206751054832,83.1525632351901,95.72388515577268,94.97047444512312
12/28/2020,1.2214,1.2202,1.2251,1.218,0.08%,1.22061,1.1922033333333333,1.0,1.2188774582868027,1.2085305751015958,1.169995866718335,0.5184758456094125,2.976140291712344,0.007100000000000106,0.03610000000000002,64.12349601349786,62.67253407976235,56.65165805562656,60.78431372549039,54.9981502034773,87.34177215189875,84.68250795765772,96.13402061855669,95.49407284719548
12/29/2020,1.2247,1.2217,1.2276,1.2208,0.27%,1.22157,1.1930583333333333,1.0,1.2199361022346569,1.2095737640174096,1.1706001691094488,0.40993686972205406,3.3327708403644842,0.009599999999999831,0.03859999999999997,68.27883045151783,63.93323276612653,56.81824368605417,80.79470198675428,65.85128615984651,93.90756302520983,88.82713422921897,98.12903225806444,96.66231267746461
12/30/2020,1.2295,1.2248,1.2311,1.2245,0.39%,1.2225499999999998,1.19395,1.0,1.2216749927374464,1.210859327874387,1.1712501076327555,0.2364258927115706,3.5542828265813204,0.009800000000000031,0.044300000000000006,73.2804416668013,65.6774970878003,57.05947661865056,91.16022099447488,77.5797455689065,96.86888454011734,92.70607323907531,98.99053627760249,97.7511963847412
12/31/2020,1.2213,1.2298,1.231,1.2209,-0.67%,1.22202,1.1947083333333335,1.0,1.2216068122397288,1.211532919744613,1.1718017920138197,-0.3427172582619324,3.037205770690967,-0.00529999999999986,0.03400000000000003,56.40041452999694,60.50618527313061,56.517390940495616,45.856353591160065,72.60375885746306,80.82191780821917,90.53278845784878,93.81703470031543,96.97886774532746
01/01/2021,1.2212,1.2216,1.2216,1.221,-0.01%,1.22159,1.195355,1.0,1.2215328463779598,1.2121566024458366,1.1723457097617487,-0.2450579970592952,3.1418918918919023,-0.0042999999999999705,0.03590000000000004,56.22492243222334,60.44614230882693,56.51081080623443,45.303867403314825,60.773480662983246,80.62622309197653,86.10567514677102,93.75394321766561,95.52050473186118
01/04/2021,1.2248,1.2231,1.231,1.2223,0.29%,1.22165,1.19608,1.0,1.2221268743092397,1.212972305641216,1.1729226657274825,0.7154016939396556,3.0282637954239595,0.000600000000000156,0.04080000000000017,61.070187817439276,61.8558092510542,56.69323724950891,60.37735849056628,50.51252649501371,86.70886075949376,82.71900055322983,96.02523659305996,94.53207150368034
01/05/2021,1.2294,1.2247,1.2307,1.2245,0.38%,1.22298,1.1969966666666667,1.0,1.2234492607984688,1.214032157044985,1.1735432210746313,0.8945424702503186,3.198186854696552,0.01330000000000009,0.04059999999999997,66.35704523587472,63.571909533626034,56.92527638021798,89.17197452229281,64.95106680539129,96.04651162790691,87.7938651597924,98.92744479495266,96.23554153522606
01/06/2021,1.2325,1.2296,1.235,1.2266,0.25%,1.22438,1.1979616666666668,1.0,1.2250948497442018,1.2152236309468312,1.1741903484313425,1.1406532086000347,3.458406782506497,0.014000000000000012,0.0411999999999999,69.46240209069707,64.67972012387679,57.0810290826178,86.4864864864857,78.6786064997816,94.62365591397815,92.45967610045962,98.46059113300483,97.80442417367249
01/07/2021,1.227,1.2327,1.2346,1.2245,-0.45%,1.22522,1.1989016666666665,1.0,1.2254412406998016,1.2159833967893194,1.174769408920989,0.5408062930186956,2.574820264169885,0.008400000000000185,0.035700000000000065,58.768827659178825,61.260449033416016,56.71535710798629,56.75675675675714,77.47173925517853,81.94130925507899,90.8704922656547,95.07389162561576,97.4873091845244
01/08/2021,1.2218,1.2273,1.2285,1.2192,-0.42%,1.22536,1.199735,1.0,1.2247791969362014,1.216358661557465,1.1752845789259023,0.03274930407728475,2.4312541918175645,0.0014000000000000679,0.025600000000000067,50.58765121420438,58.248721292260505,56.37220829245638,22.352941176470573,55.19872813990445,69.08665105386407,81.88387207430708,91.87192118226595,95.13546798029552
01/11/2021,1.2149,1.2217,1.2227,1.2132,-0.56%,1.22471,1.200373333333333,1.0,1.2229829793114375,1.2162645543496815,1.1757180885384033,-0.8001959663590928,0.6545153272576651,-0.00649999999999995,0.02210000000000001,41.97292952196018,54.5663351817648,55.92099757192647,7.7981651376148235,28.969287690280826,52.594339622641485,67.87409997719486,87.6231527093596,91.5229885057471
01/12/2021,1.2207,1.2152,1.2211,1.2136,0.48%,1.22431,1.2010166666666668,1.0,1.2225678921639034,1.2165507121635202,1.176209835234312,-0.7157381049207109,0.7593891869583058,-0.0040000000000000036,0.013699999999999823,49.93565380994733,56.933790216141496,56.217054453076955,34.40366972476984,21.518258679618395,54.019292604501146,58.5667610936689,91.19458128078806,90.22988505747121
01/13/2021,1.2157,1.2208,1.2224,1.214,-0.41%,1.22293,1.2015099999999999,1.0,1.2213191844977391,1.216495827502436,1.176641122154255,-0.4585277982477728,0.14003294892916268,-0.013800000000000034,0.0041999999999999815,44.13456653020462,54.40558278391881,55.89180954733739,11.467889908256614,17.889908256880407,33.904109589041035,46.83924727206122,88.11576354679798,88.97783251231522
01/14/2021,1.2156,1.2157,1.218,1.2111,-0.01%,1.22236,1.2020766666666667,1.0,1.2202793327708774,1.2164380321744048,1.1770661938916667,-0.4585653455617466,0.29702970297030096,-0.005700000000000038,0.0016000000000000458,44.020922850297275,54.355643707905024,55.88531054041031,18.828451882844945,21.56667050529045,33.56164383561641,40.49501534305287,88.05418719211818,89.12151067323474
01/15/2021,1.2078,1.2155,1.2163,1.2074,-0.64%,1.22102,1.2024416666666666,1.0,1.2180103631761723,1.2158807397283096,1.1774012018969275,-1.3879817112998143,-0.2477700693756288,-0.013400000000000079,-0.0041999999999999815,35.98947222413449,50.60739115767245,55.38050137146187,1.4492753623186774,10.581872384473394,6.849315068493129,24.771689497716864,83.25123152709354,86.47372742200325
01/18/2021,1.2076,1.2085,1.2091,1.2054,-0.02%,1.2193,1.2028883333333333,1.0,1.2161175698714137,1.215346498412697,1.1777300657085639,-1.7732227102651734,-0.20659449632261356,-0.017200000000000104,-0.0032000000000000917,35.8033699668684,50.5149930346303,55.36761301085156,7.432432432432347,9.236719892531973,7.432432432432347,15.947797112180632,83.12807881773394,84.81116584564855
01/19/2021,1.2128,1.2078,1.2146,1.2074,0.43%,1.21764,1.2034433333333334,1.0,1.2155143753493387,1.215182208180205,1.178111617466062,-1.598377281947248,0.38904064233094515,-0.016599999999999948,0.0027000000000001467,44.1469743899547,52.83131829182794,55.63739200590443,25.00000000000019,11.293902598250385,25.00000000000019,13.093915833641892,86.33004926108376,84.2364532019704
01/20/2021,1.2104,1.2128,1.2159,1.2077,-0.20%,1.21543,1.2040433333333334,1.0,1.2145844889221862,1.2148736785985514,1.1784625804474642,-1.3528932355338361,-0.26367831245880785,-0.02210000000000001,0.0022999999999999687,41.38839522778705,51.67640506370529,55.48183354380351,17.123287671232575,16.51857336788835,16.891891891891493,16.44144144144135,84.85221674876837,84.77011494252868
01/21/2021,1.2162,1.2106,1.2175,1.2102,0.48%,1.21435,1.2048566666666667,1.0,1.2148782182090614,1.2149592477268403,1.1788723957014255,-0.4583401538713414,0.42110478077779556,-0.010800000000000143,0.0025999999999999357,49.80968598023433,54.18048618105237,55.78210813268354,46.753246753246614,29.625511474826443,36.48648648648613,26.12612612612594,88.42364532019697,86.53530377668305
01/22/2021,1.2167,1.2164,1.2191,1.2151,0.04%,1.2138399999999998,1.2057233333333335,1.0,1.2152094512619593,1.2150715543320023,1.179282817091714,0.14816034241499726,0.19764473359136603,-0.0051000000000001044,0.005599999999999827,50.49104856120095,54.39125315742875,55.8079333838281,65.31791907514422,43.064817833207776,38.17567567567513,30.51801801801759,88.73152709359594,87.33579638752042
01/25/2021,1.2137,1.2168,1.2184,1.2115,-0.25%,1.21372,1.2065516666666667,1.0,1.2149350055779666,1.214983066950663,1.1796559005394165,-0.5734414680101495,-0.11521685457987554,-0.0012000000000000899,-0.0005999999999999339,46.30066005659818,52.881417479653095,55.612074270515116,48.823529411764824,53.631565080051864,28.040540540540388,34.23423423423389,86.88423645320192,88.01313628899828
01/26/2021,1.216,1.2138,1.2176,1.2108,0.19%,1.21325,1.2073,1.0,1.2151286409274273,1.2150486755380157,1.1800495215905171,0.024677140741956646,-0.3033532835943295,-0.0046999999999999265,0.0008999999999999009,49.84639392847413,53.89641539528568,55.73178232726552,62.3529411764706,58.83146322112652,35.81081081081054,34.00900900900869,88.30049261083737,87.97208538587842
01/27/2021,1.2108,1.216,1.2171,1.2057,-0.43%,1.21276,1.2079433333333334,1.0,1.2143416153042588,1.2147745674250143,1.1803822686341097,-0.39486673247778176,-1.2881134844284865,-0.004899999999999904,-0.008899999999999908,42.75464304150575,51.31127290237891,55.39234413848897,39.41605839416098,50.19750966079878,18.24324324324344,27.364864864864796,85.09852216748769,86.76108374384232
01/28/2021,1.2121,1.2109,1.2142,1.2079,0.11%,1.21241,1.208443333333333,1.0,1.2139340488853025,1.214602014679805,1.180725183649424,0.35601920847822244,-1.093431252549986,-0.0035000000000000586,-0.014499999999999957,44.930972461375795,51.907843875736376,55.460502636076704,48.90510948905041,50.22470301989397,22.63513513513484,25.56306306306294,85.89901477832504,86.43267651888335
01/29/2021,1.2136,1.2121,1.2157,1.2093,0.12%,1.21299,1.2088833333333333,1.0,1.2138733127243386,1.2145373685685876,1.1810803026111167,0.49685326266975866,-0.8658715896095364,0.005800000000000027,-0.011900000000000022,47.49031927259001,52.60106760657924,55.53928189770972,59.85401459853984,49.39172749391705,27.702702702702588,22.860360360360293,86.48989898989893,85.8291453119039
02/01/2021,1.2059,1.214,1.2146,1.2054,-0.63%,1.21282,1.2092933333333333,1.0,1.2124236195017315,1.2139801189605925,1.181348180696942,-0.5689313984168971,-0.8387468135844081,-0.0017000000000000348,-0.018299999999999983,37.53934904520108,48.860961647549104,55.03705706467047,3.6496350364959365,37.469586374695375,1.6891891891889992,17.342342342342146,81.62878787878782,84.6725672156706
02/02/2021,1.2042,1.2058,1.2089,1.2011,-0.14%,1.21196,1.2096733333333334,1.0,1.2109284159559621,1.2133491435194967,1.1815946118754208,-0.5122273628552532,-1.1735740664751728,-0.008600000000000163,-0.011900000000000022,35.70410358624653,48.08016710560896,54.92684789887552,17.222222222221546,26.908623952419088,9.144542772860992,12.845478221584196,80.55555555555547,82.89141414141407
02/03/2021,1.2034,1.2044,1.2051,1.2003,-0.07%,1.2112599999999998,1.2101016666666666,1.0,1.209559613054878,1.2127072632693232,1.1818295626089033,-1.0524584772241343,-1.247333005087796,-0.006999999999999895,-0.015099999999999891,34.81416115819397,47.709025513084185,54.874877737867855,16.489361702128075,12.453739653615164,8.933717579250972,6.589149847100326,80.05050505050502,80.74494949494944
02/04/2021,1.1962,1.2034,1.2043,1.1957,-0.60%,1.20926,1.210365,0.0,1.2071305924994458,1.211642278506402,1.181984274957777,-1.6848853456069668,-1.982956407735169,-0.020000000000000018,-0.022399999999999975,27.867939504094593,44.51014214445934,54.40922585756717,2.136752136751894,11.949445353700481,1.2722646310431134,6.450174994385031,75.50505050505042,78.70370370370364
02/05/2021,1.2042,1.1964,1.2051,1.1952,0.67%,1.20801,1.210715,0.0,1.2065977574995466,1.2111621314908612,1.18222325484177,-0.7827304935321796,-1.408220075323408,-0.012499999999999956,-0.016199999999999992,42.1241754555987,48.48067481052693,54.83718587879664,38.79310344827561,19.1397390957185,22.613065326632874,10.939682512308991,80.55555555555547,78.70370370370364
02/08/2021,1.2048,1.2042,1.2067,1.2018,0.05%,1.20712,1.2110400000000001,0.0,1.206270892499629,1.2107516713825786,1.1824659224751295,-0.9210526315789372,-1.6248877276067453,-0.008899999999999908,-0.016599999999999948,43.06194881046622,48.76511140971488,54.86911876916914,42.85714285714314,27.92899948072352,24.120603015075474,16.001977657583826,80.93434343434345,78.99831649831644
02/09/2021,1.2117,1.2049,1.2123,1.2045,0.57%,1.20669,1.2114666666666667,0.0,1.207258002954242,1.2108128538757121,1.1827798962335772,0.07433102081267765,-1.4477429849532362,-0.0042999999999999705,-0.0129999999999999,52.828397237653974,51.922842829259864,55.23494188717196,75.34246575342436,52.330904019614344,41.457286432160636,29.396984924623,85.29040404040398,82.26010101010097
02/10/2021,1.2116,1.2119,1.2144,1.2108,-0.01%,1.20677,1.2119066666666667,0.0,1.2080474569625617,1.2108636374979438,1.18308917966268,-0.041250721887628496,-0.7942356505363171,0.0007999999999999119,-0.017900000000000027,52.6828808257288,51.87490913435571,55.228421283700534,80.0,66.06653620352247,41.206030150753634,35.594639865996584,85.22727272727269,83.81734006734004
02/11/2021,1.2128,1.2118,1.215,1.2113,0.10%,1.2068400000000001,1.2123316666666668,0.0,1.2089115556966414,1.2109885641139941,1.1834077729249193,-0.0659195781146928,-0.6878480183426108,0.000700000000000145,-0.008499999999999952,54.35912485008421,52.420176833223394,55.29207394684271,85.85365853658583,80.39870809667003,44.22110552763828,42.294807370184195,85.91370558375637,85.47712745047768
02/12/2021,1.2118,1.213,1.2136,1.2081,-0.08%,1.20666,1.2127733333333335,0.0,1.2094367273881612,1.2110409148174988,1.1837119916003516,0.48926113276391214,-1.0613977792292717,-0.0018000000000000238,-0.009400000000000075,52.632687827413534,51.913119178241146,55.22631483971453,83.83838383838341,83.23068079165638,41.708542713567645,42.37855946398653,85.27918781725883,85.47338870942929
02/15/2021,1.2127,1.2123,1.2146,1.2116,0.07%,1.20734,1.2132516666666668,0.0,1.2100300496812229,1.2111479525734687,1.1840223566800068,0.7058628134861279,-1.358386204652689,0.006799999999999917,-0.012100000000000222,54.09075793794691,52.34231704230219,55.27442849529417,88.38383838383744,86.02529358626886,43.969849246230716,43.29983249581222,85.85025380710648,85.6810490693739
02/16/2021,1.2104,1.213,1.2171,1.2095,-0.19%,1.2079600000000001,1.2136116666666665,0.0,1.210097313375546,1.2110996975677755,1.1843045599736406,0.5816852251952713,-1.793103448275863,0.006199999999999983,-0.019000000000000128,49.742916219914704,51.13571552965924,55.12229143415378,69.40639269406329,80.54287163876135,38.19095477386899,41.28978224455579,84.39086294416234,85.17343485617589
02/17/2021,1.2036,1.2107,1.2111,1.2022,-0.56%,1.20798,1.2138166666666668,0.0,1.2089159836709014,1.2106158461028487,1.1845108393927208,0.6186256478849752,-1.9070904645476843,0.00019999999999997797,-0.028899999999999926,39.351958510309906,47.76787747827229,54.6751358808453,38.35616438356142,65.38213182048736,21.319796954314693,34.49353365813814,80.07614213197965,83.43908629441616
02/18/2021,1.2088,1.2037,1.2096,1.2035,0.43%,1.20924,1.2141083333333331,0.0,1.2088948957307375,1.2104986947393492,1.1847703124787192,0.3819963461219199,-1.0640039286298821,0.012600000000000167,-0.018199999999999994,48.4938371717352,50.35445122713766,54.955963628305625,62.10045662100474,56.621004566209784,40.84084084084115,33.45053085634162,83.2158872517617,82.56096410930122
02/19/2021,1.2117,1.2091,1.2145,1.2081,0.24%,1.2099900000000001,1.2143666666666668,0.0,1.2094049146887853,1.210576198305806,1.1850577828927973,0.5727091633466057,-0.263396164293365,0.007500000000000062,-0.010099999999999998,52.89379889653391,51.73341135064611,55.11184951257616,64.70588235294092,55.05416778583566,60.00000000000016,40.72021259838534,84.96774193548382,82.7532571064084
02/22/2021,1.2154,1.2117,1.2171,1.2091,0.31%,1.21105,1.2147433333333333,0.0,1.2104949301999153,1.2108874113230428,1.1853814470253936,0.3053561112486619,-0.43417711149339405,0.010599999999999943,0.0004999999999999449,57.98223020584605,53.440312730325466,55.310166025312746,88.59060402684551,71.7989810002637,74.26470588235323,58.36851557439818,86.75675675675673,84.98012864800074
02/23/2021,1.2149,1.2155,1.218,1.2135,-0.04%,1.21137,1.214875,0.0,1.211295851981749,1.2111462880155424,1.1856960994662484,0.27236711786068674,-0.06580570864521772,0.0032000000000000917,-0.005799999999999805,57.056809760142684,53.17741876673961,55.27699821387175,80.37974683544384,77.89207773841007,72.42647058823577,68.89705882352972,86.41891891891893,86.04780587038651
02/24/2021,1.2164,1.215,1.2176,1.2109,0.12%,1.21185,1.2149566666666667,0.0,1.2122238788941582,1.2114852371803175,1.1860231551380613,0.29683377308705683,0.06581112207962421,0.0047999999999999154,0.0006999999999999229,59.226040769386216,53.88151363637203,55.35771362380273,89.87341772151872,86.28125619460268,88.70292887029228,78.46470178029377,87.43243243243232,86.86936936936932
02/25/2021,1.2176,1.2163,1.2243,1.2155,0.10%,1.2123300000000001,1.2150166666666669,0.0,1.2132013554588568,1.21187973801228,1.1863592735015733,0.47862683611157186,0.8113926146713057,0.0047999999999999154,0.0020000000000000018,60.97817183118886,54.44839574265845,55.42239944647142,69.68325791855237,79.97880749183828,76.9759450171823,79.36844815857012,88.2432432432432,87.36486486486483
02/26/2021,1.2074,1.2176,1.2186,1.2062,-0.84%,1.21189,1.21494,0.0,1.2121465635572464,1.2115907226533005,1.1865830852355677,-0.43704131277313935,-0.016561775422323448,-0.0043999999999999595,-0.00039999999999995595,43.37474973033297,49.13744297658312,54.744756302781724,23.529411764706296,61.02869580159244,41.92439862542965,69.20109083763475,81.35135135135133,85.67567567567562
03/01/2021,1.2047,1.2079,1.2102,1.2027,-0.22%,1.21109,1.2148383333333332,0.0,1.2107926429104743,1.211146159896656,1.1867756639044535,-0.4709187045604607,-0.6678759894459099,-0.007999999999999785,-0.0028999999999999027,39.98015264580705,47.85912483435674,54.56726037809655,11.312217194570895,34.84162895927649,32.64604810996596,50.51546391752598,79.2181069958848,82.93756719682644
03/02/2021,1.2089,1.2049,1.2095,1.1991,0.35%,1.21094,1.2148183333333333,0.0,1.2104485260176607,1.211001246353467,1.1870106808480043,0.44034562977734154,-0.12392597488432211,-0.0014999999999998348,-0.0039000000000000146,47.1315490887511,49.95421486273253,54.79639009743426,38.888888888889184,24.576839282722094,47.079037800687594,40.549828178694405,81.56779661016951,80.71241831913521
03/03/2021,1.2062,1.2091,1.2114,1.2043,-0.22%,1.2112,1.2147866666666665,0.0,1.2096760667417223,1.2106914885212727,1.1872143834668512,-0.2150893448047781,-0.8222331853313607,0.0025999999999999357,-0.0041999999999999815,43.43491151886561,48.65410051215642,54.61842164002331,28.17460317460284,26.125236419354277,37.80068728522315,39.17525773195891,78.80794701986746,79.86461687530726
03/04/2021,1.1966,1.2064,1.2068,1.1961,-0.80%,1.20998,1.2145033333333333,0.0,1.2072986000614092,1.2097823602215105,1.1873139494691558,-1.2461830486093828,-1.6520095339853527,-0.012199999999999989,-0.01959999999999984,33.16006232193429,44.403436993627054,53.991803005291516,1.773049645390663,22.94551390296087,4.8109965635741325,29.896907216494967,70.02341920374711,76.7997209445947
03/05/2021,1.1917,1.1968,1.1978,1.1894,-0.41%,1.20798,1.2141799999999998,0.0,1.2044624909593349,1.2086157563265678,1.1873604476726998,-1.9499753167681468,-1.812639037653458,-0.020000000000000018,-0.02499999999999991,29.23758572518507,42.4454210253295,53.67590614364259,6.590257879656083,12.179303566549834,6.590257879656083,16.400647242817794,65.4704944178628,71.43395354715912
03/08/2021,1.1843,1.1922,1.1933,1.1844,-0.62%,1.20487,1.21368,0.0,1.2007965835121832,1.207046997841704,1.187328023805673,-2.518725821055246,-2.606907894736847,-0.031100000000000128,-0.029400000000000093,24.395356707454837,39.709798201748065,53.203441013224804,-0.2506265664160122,2.7042269862102164,-0.2506265664160122,3.7168759589380724,58.94736842105254,64.81376068088748
03/09/2021,1.1898,1.1847,1.1917,1.1835,0.46%,1.20236,1.213258333333333,0.0,1.1987972046917863,1.2059342882954465,1.187354196259193,-2.186780664255176,-1.7343904856293466,-0.025100000000000122,-0.0262,33.49172364121621,42.5563658349555,53.509120312850705,15.441176470588186,7.260269261276058,15.441176470588186,7.260269261276091,61.792054099746316,62.06997231288722
03/10/2021,1.1925,1.19,1.1931,1.1869,0.23%,1.19997,1.2128050000000001,0.0,1.1976522583841887,1.2050675600124308,1.187408643594975,-2.061432325887001,-1.61702829799522,-0.023900000000000032,-0.018300000000000205,37.587618694780254,43.90145386226459,53.658468681854195,22.05882352941154,12.416457811194542,22.05882352941154,12.416457811194576,64.04399323181035,61.594471917536396
03/11/2021,1.1984,1.1929,1.1991,1.1915,0.49%,1.1980499999999998,1.212335,0.0,1.1977882114052452,1.204637394847604,1.1875248689537072,-0.7454033460328076,-1.2524719841793097,-0.019200000000000106,-0.013700000000000045,45.70602047229889,46.72159916147091,53.983118430880936,42.450142450142316,26.65004748338065,36.519607843137095,24.673202614378948,69.03553299492373,64.95719344216013
03/12/2021,1.1952,1.1983,1.199,1.191,-0.27%,1.1968299999999998,1.21183,0.0,1.1973176275133823,1.2040285306602665,1.1876059771022993,-0.788578069228859,-0.8873040882328496,-0.012199999999999989,-0.018399999999999972,42.383610691902206,45.43992190365482,53.777755408015125,41.93548387096784,35.4814832835072,28.676470588235436,29.08496732026136,66.32825719120132,66.4692611393118
03/15/2021,1.1928,1.1952,1.1969,1.1911,-0.20%,1.19564,1.2113066666666668,0.0,1.1964962406927675,1.2033041093233157,1.1876608318844366,-1.331789229878402,-0.9466865969108001,-0.011900000000000022,-0.01309999999999989,39.96283352402594,44.49295083898618,53.62398896109185,33.3333333333336,39.239653218147886,22.794117647059064,29.330065359477203,64.29780033840949,66.55386350817817
03/16/2021,1.19,1.1929,1.1953,1.1882,-0.23%,1.19375,1.2108716666666666,0.0,1.1953151060213554,1.2024457796850863,1.1876855210746882,-1.3430608522633056,-1.1135117168023998,-0.01890000000000014,-0.01419999999999999,37.20798753796814,43.40132901972977,53.44480953128026,23.297491039426315,32.85543608124256,15.931372549019507,22.467320261438005,61.92893401015218,64.184997179921
03/17/2021,1.1978,1.1906,1.1986,1.1886,0.66%,1.19291,1.2105266666666668,0.0,1.1957669049265636,1.2021460519620084,1.1877922117586108,0.10028413839209993,0.13375689683999714,-0.008399999999999963,-0.005600000000000049,48.24994202406375,47.13880011812435,53.87629552684449,61.373390557939565,39.334738310233135,35.04901960784313,24.591503267973906,68.5279187817258,64.91821771009582
03/18/2021,1.1915,1.1979,1.199,1.1906,-0.53%,1.1924,1.210075,0.0,1.1949911040308248,1.201459209896815,1.1878312992906273,-0.016782747335737012,-1.0546420860322152,-0.0051000000000001044,-0.0046999999999999265,41.673317304139374,44.67392498350247,53.47398259442034,51.282051282051135,45.31764429313898,19.607843137254942,23.529411764705866,63.19796954314716,64.55160744500837
03/19/2021,1.1903,1.1915,1.1939,1.1873,-0.10%,1.19226,1.2095733333333334,0.0,1.19413817602522,1.2007392608681466,1.1878573089609445,0.5066283880773457,-1.2035192563081156,-0.0014000000000000679,-0.013900000000000023,40.504863296134324,44.218326099468655,53.397650701437705,43.589743589742895,52.08172847657784,16.666666666666487,23.77450980392152,62.18274111675114,64.6362098138747
03/22/2021,1.1931,1.1899,1.1948,1.1871,0.24%,1.19314,1.2091016666666665,0.0,1.1939494167479074,1.2002464053263018,1.1879125124407464,0.27735753908220545,-1.5350334241148758,0.008800000000000141,-0.011700000000000044,44.53661862708976,45.55849250023245,53.553130387849876,61.538461538461654,52.13675213675187,23.529411764706044,19.934640522875828,64.55160744500844,63.310772701635585
03/23/2021,1.1849,1.1935,1.1942,1.1841,-0.69%,1.19265,1.2084383333333333,0.0,1.1923040682482877,1.1992563146563968,1.187880810233586,-0.6373165618448495,-2.20369758996368,-0.004899999999999904,-0.026799999999999935,36.49020555946139,42.4674667940798,53.032368005267585,5.333333333334182,36.82051282051289,3.4313725490197786,14.542483660130772,57.61421319796954,61.44952058657638
03/24/2021,1.1812,1.1851,1.1854,1.1809,-0.31%,1.19152,1.2076333333333333,0.0,1.190285146748599,1.1980913911261142,1.1878105449354674,-1.4352469959946499,-2.6055408970976313,-0.011299999999999866,-0.030399999999999983,33.45946067113414,41.163819622611946,52.79953228413727,1.6483516483514673,22.84004884004908,0.6912442396312621,9.217342851119033,54.48392554991537,58.88324873096445
03/25/2021,1.1764,1.1813,1.1829,1.1761,-0.41%,1.18932,1.206885,0.0,1.1877605746124902,1.1966919465327661,1.1876906027751861,-1.5729585006693567,-2.921274137646485,-0.02200000000000002,-0.03640000000000021,29.881964182237184,39.53508921649293,52.499010374882296,1.3100436681221184,2.763909549935899,0.6224066390040806,1.5816744758850454,50.4230118443315,54.17371686407214
03/26/2021,1.1796,1.1764,1.1806,1.1763,0.27%,1.18776,1.2061916666666666,0.0,1.1862768337738554,1.1955892403014796,1.1876056059563036,-1.1066398390342136,-2.7294466892058966,-0.015600000000000058,-0.032200000000000006,35.02777977966453,41.14120518749215,52.679470527123655,15.283842794759986,6.080746037077834,7.261410788381861,2.8583538890057394,53.13028764805408,52.67907501410031
03/29/2021,1.1762,1.1795,1.1797,1.1761,-0.29%,1.1861000000000002,1.2053816666666666,0.0,1.184444682178609,1.1943383215687797,1.1874858494748897,-1.1596638655462215,-2.8255122273628563,-0.01660000000000017,-0.03649999999999998,32.23498881808236,39.974114687476366,52.46662347706422,0.43668122270737275,5.676855895196468,0.20746887966802685,2.6970954356846613,49.52789699570801,51.027065496031206
03/30/2021,1.1714,1.1764,1.1774,1.1712,-0.41%,1.18424,1.204415,0.0,1.1820729217824983,1.1928584298507114,1.1873170441792962,-2.2040407413591567,-2.675307411100034,-0.01859999999999995,-0.038999999999999924,28.651595776992565,38.38387735645417,52.16755820632809,0.7194244604315743,5.479982825966286,0.37664783427491194,2.615175834108271,45.40772532188835,49.35530332188349
03/31/2021,1.1728,1.1716,1.1761,1.1704,0.12%,1.18174,1.20342,0.0,1.1803869360038624,1.1915643375990443,1.1871647847595794,-1.5694502727654165,-2.9781601588352107,-0.02499999999999991,-0.03079999999999994,31.132585633075706,39.1146893591867,52.247347401777695,8.391608391608257,3.1825713582490436,4.452690166975817,1.6789356269729232,46.60944206008583,47.18168812589406
04/01/2021,1.1775,1.1731,1.178,1.1713,0.40%,1.18034,1.202595,0.0,1.1798620385486147,1.1906569609776296,1.1870634719079993,-1.0753591531546605,-2.8224808120821994,-0.014000000000000012,-0.031300000000000106,39.039653463894226,41.523409946398125,52.5146039410411,29.09836065573726,12.736464502592339,13.17254174397014,6.000626581740295,50.64377682403426,47.55364806866948
04/02/2021,1.1762,1.1777,1.1788,1.1749,-0.11%,1.1789299999999998,1.201835,0.0,1.1791962133579574,1.1897242538157429,1.1869496542020879,-1.4164780823066077,-3.225275629422422,-0.014100000000000001,-0.03550000000000009,37.70904522530363,41.05863029392842,52.4330287315319,23.770491803277913,20.42015361687445,10.760667903524718,9.461966604823564,49.52789699570801,48.927038626609374
04/05/2021,1.1811,1.1761,1.182,1.1738,0.42%,1.17773,1.2012716666666667,0.0,1.1795423563837832,1.189167850342621,1.186888399049408,-0.320702168959408,-2.7821219853485926,-0.01200000000000001,-0.0343,45.48996493306502,43.52352114185276,52.71129793474714,44.957983193277364,32.60894521743082,19.85157699443407,14.594928880642982,53.733905579399114,51.3018597997138
04/06/2021,1.1875,1.1814,1.1879,1.1795,0.54%,1.1779899999999999,1.2007183333333333,0.0,1.1809892006776408,1.1890602470945042,1.186894800143779,0.5333559092448334,-2.375863202893779,0.0025999999999999357,-0.02740000000000009,53.85506872907453,46.54403473955244,53.07167365550749,97.71428571428594,55.48092023694704,31.72541743970305,20.77922077922062,59.22746781115873,54.16309012875529
04/07/2021,1.187,1.1875,1.1915,1.186,-0.04%,1.1785700000000001,1.20024,0.0,1.1820820732817061,1.1889273279268788,1.1868959006113229,0.9010540632438088,-2.5131406044678024,0.005800000000000027,-0.02939999999999987,53.14708730656081,46.3437179538648,53.0399364945123,78.67298578199066,73.78175156318463,30.79777365491651,27.45825602968455,57.559681697612774,56.84035169605688
04/08/2021,1.1912,1.1867,1.1928,1.186,0.35%,1.18005,1.1998333333333335,0.0,1.1837398781395778,1.1890739519318418,1.1869409016709225,0.9833841980332363,-1.341726022859035,0.014800000000000146,-0.02639999999999998,58.26751565391137,48.27804880184863,53.2758230326508,92.85714285714265,89.74813811780639,43.153526970954395,35.22557268852466,61.27320954907163,59.353453019281055
04/09/2021,1.1896,1.1913,1.1921,1.1867,-0.13%,1.1810500000000002,1.19953,0.0,1.1848053548414728,1.1891078905169372,1.1869686895575775,1.1392620302669683,-1.253424088984819,0.010000000000000009,-0.017800000000000038,55.69128286494395,47.60176776181134,53.17356019682687,85.71428571428528,85.74813811780616,46.82926829268273,40.26018963951788,59.09909909909899,59.310663448594475
04/12/2021,1.1909,1.1891,1.192,1.1871,0.11%,1.1825199999999998,1.1992516666666666,0.0,1.1859134721430231,1.1892235104837559,1.187009751683088,1.6646747481645956,-1.488956902969643,0.014700000000000157,-0.013800000000000034,57.39199444127017,48.211525398620715,53.24684246452249,91.51785714285707,90.02976190476164,50.0,46.660931754545715,59.76277372262776,60.04502745693281
04/13/2021,1.1946,1.1911,1.1957,1.1879,0.31%,1.1848400000000001,1.1989483333333333,0.0,1.1874928408442917,1.1895703807756022,1.1870889918353276,1.8587994542974113,-0.9616978942132178,0.02320000000000011,-0.01429999999999998,62.00405124244112,49.92715873555217,53.45520239189662,95.65217391304394,90.9614389233954,59.024390243902545,51.95121951219509,63.13868613138691,60.666852984371225
04/14/2021,1.1978,1.1949,1.1988,1.1947,0.27%,1.18734,1.1987383333333335,0.0,1.1893668697816933,1.1901013239520508,1.187200757174374,1.7239915074309966,0.10028413839209993,0.02499999999999991,-0.008399999999999963,65.58394601126435,51.368544202205285,53.63480824446171,96.36363636363596,94.51122247317896,75.27472527472494,61.433038506209165,66.05839416058387,62.98661800486619
04/15/2021,1.1965,1.198,1.1995,1.1955,-0.11%,1.18924,1.19841,0.0,1.1906638025486582,1.1905141417620912,1.1872977442953079,1.725896956299948,0.40278593605772556,0.018999999999999906,-0.00010000000000021103,62.90851790299723,50.75454267214529,53.550439289607894,88.32684824902682,93.44755284190222,89.6907216494841,74.6632790560372,64.87226277372248,64.68978102189776
04/16/2021,1.1983,1.1967,1.1995,1.195,0.15%,1.1914500000000001,1.1981033333333333,0.0,1.1920522020852657,1.191016455197359,1.1874124381359732,1.4562695792058151,1.1821329055138068,0.02210000000000001,0.006599999999999939,65.09890768510044,51.58347339278792,53.65189441608576,95.33073929961056,93.34040797075777,95.8762886597935,86.94724519466752,65.1471984805317,65.35928513827935
04/19/2021,1.2033,1.1984,1.2049,1.1942,0.42%,1.19367,1.19793,0.0,1.1940972562515813,1.1918089419596518,1.187577980696301,1.3305263157894769,1.1346444780635458,0.022199999999999998,0.019000000000000128,70.47945629670704,53.81731313098096,53.932798873672255,93.70078740157464,92.45279165007065,95.36231884057958,93.64310971661905,69.07317073170726,66.36421066198714
04/20/2021,1.2033,1.2036,1.2081,1.2022,0.00%,1.1952500000000001,1.1977183333333334,0.0,1.1957704823876574,1.1925503005436282,1.1877417215066215,1.373209772535803,0.9056603773585026,0.015800000000000036,0.013500000000000068,70.47945629670704,53.81731313098096,53.93279887367227,78.28054298642573,89.10402322920362,87.267904509284,92.83550400321901,67.65306122448976,67.29114347890958
04/21/2021,1.2033,1.2037,1.2045,1.1998,0.00%,1.19688,1.1975933333333333,0.0,1.1971394855899014,1.1932438295414507,1.1879036817684638,1.0157824042981867,0.4088785046729078,0.01629999999999998,0.010800000000000143,70.47945629670704,53.81731313098096,53.932798873672255,78.28054298642573,83.42062445814202,87.267904509284,89.96604261971585,67.65306122448976,68.12643106022894
04/22/2021,1.2015,1.2035,1.2071,1.1993,-0.15%,1.19791,1.1974166666666666,1.0,1.1979323063917375,1.1937764857005246,1.1880451531739369,1.0003362474781456,0.5271084337349374,0.010299999999999976,0.0031000000000001027,65.49336936484615,52.845596890481886,53.81360553281164,69.15887850467298,75.23998815917479,82.49336870026535,85.67639257294445,65.57040082219935,66.95884109039297
04/23/2021,1.2099,1.2015,1.21,1.2012,0.70%,1.19994,1.1973550000000002,1.0,1.200108250684149,1.19481671243036,1.1882724522175203,1.5954320261986652,1.4336016096579387,0.020299999999999985,0.014699999999999935,74.75421198326057,56.62631108487016,54.287430960611275,99.56331877729262,82.33424675613043,99.74747474747477,89.83624931900805,73.52320675105473,68.91555626591462
04/26/2021,1.2083,1.2094,1.2117,1.206,-0.13%,1.20168,1.1973950000000002,1.0,1.2015976596506672,1.1956866019516363,1.1884806529081426,1.1468273899212977,1.5378151260504187,0.01739999999999986,0.015499999999999847,70.73640455691324,55.74561461114917,54.181024222694965,85.71428571428544,84.81216099875031,91.7675544794187,91.33613264238629,71.19741100323607,70.09700619216339
04/27/2021,1.209,1.2086,1.2094,1.2056,0.06%,1.2031199999999997,1.197475,1.0,1.2029435397141823,1.1965455308585868,1.1886938712228239,0.9350475872432876,0.9350475872432876,0.014399999999999968,0.019000000000000128,71.48150630167198,56.05494268435993,54.220478679013674,84.57142857142907,89.94967768766901,93.46246973365633,94.99249965351659,69.15776986951363,71.29279587460148
04/28/2021,1.2123,1.2091,1.2136,1.2056,0.27%,1.20457,1.1976233333333333,1.0,1.2046447143116037,1.197561948223218,1.1889390564666655,1.3205181780192259,1.7456986991187518,0.014499999999999957,0.014499999999999957,74.83745866732411,57.503563410607455,54.406493052514556,93.29896907216457,87.861561119293,96.99074074074055,94.07358831793852,71.97530864197516,70.77682983824162
04/29/2021,1.2118,1.2126,1.2151,1.2102,-0.04%,1.2061,1.1978833333333334,1.0,1.2059456753458575,1.1984805322093828,1.1891763982955084,1.1265960110156112,1.8062673275644858,0.015300000000000091,0.020299999999999985,73.38366701875786,57.20797963579094,54.37285039140123,84.2105263157892,87.36030798646091,92.61744966442934,94.35688671294207,69.87012987012979,70.33440279387287
04/30/2021,1.2018,1.2116,1.2128,1.2016,-0.83%,1.20645,1.1978433333333334,1.0,1.205191916192065,1.198694691421804,1.1893073997023014,-0.12465719272002466,0.7291928589388927,0.0035000000000000586,0.011500000000000066,51.25672212877897,51.708735469790426,53.705330948342684,36.36363636363637,71.29104391719669,70.24608501118546,86.61809180545178,55.49597855227866,65.78047235479454
05/03/2021,1.2061,1.2031,1.2077,1.2013,0.36%,1.2067299999999999,1.197865,1.0,1.2053570223389622,1.1991724532658161,1.1894815904624807,0.23269342641069674,1.7891805215629915,0.0027999999999999137,0.0129999999999999,57.39453075621593,53.68899586765525,53.949651564426986,43.03797468354368,54.537379120989726,79.86577181208025,80.90976882923168,61.260053619302745,62.2087206805704
05/04/2021,1.2013,1.2064,1.2066,1.1999,-0.40%,1.20653,1.1976916666666668,1.0,1.2046193819136963,1.1993097143455103,1.1896041317982928,-0.16620959029336008,1.701659329495429,-0.0020000000000000018,0.01639999999999997,49.64146489309039,51.261592996370226,53.63210772100344,12.658227848101248,30.68661296509374,69.12751677852339,73.07979120059638,54.82573726541546,57.19392314566562
05/05/2021,1.2005,1.2013,1.2028,1.1986,-0.07%,1.20625,1.1975066666666665,1.0,1.2038704033839334,1.1993865069684169,1.1897170603428167,-0.08322929671245209,2.0486229173750434,-0.0028000000000001357,0.019299999999999873,48.42996505707492,50.86508825169568,53.57928295050289,11.515151515150276,22.403784682265044,67.33780760626358,72.11036539895575,53.753351206434054,56.61304736371742
05/06/2021,1.2064,1.2005,1.2073,1.1993,0.49%,1.20674,1.1973999999999998,1.0,1.2043303300414,1.1998389903900089,1.189889896525447,-0.2892801057938721,2.271956595456081,0.004899999999999904,0.030000000000000027,57.02444793048176,53.603071596606235,53.915720529848436,47.27272727272622,23.815368878659225,80.53691275167749,72.33407904548815,61.66219839142067,56.74709562109007
05/07/2021,1.2163,1.2066,1.2173,1.2053,0.82%,1.2073800000000001,1.197475,1.0,1.2065066336702364,1.2009009910104467,1.1901633945847983,0.6620872299925522,3.409284135351133,0.006399999999999961,0.036699999999999955,67.21214466648674,57.695092222199,54.47217503148382,94.65240641711168,51.14676173499603,97.86780383795285,81.91417473196464,74.93297587131346,63.449508489722724
05/10/2021,1.2129,1.2161,1.2178,1.2128,-0.28%,1.20784,1.1974783333333332,1.0,1.2076690639120118,1.2016751206229748,1.1903987551363315,0.3225806451612915,3.5427693358374674,0.0046000000000001595,0.03670000000000018,61.636516033818076,55.94220042731717,54.24609304279943,74.47916666666701,72.13476678550161,89.66244725738414,89.35572128233815,70.37533512064343,68.99016979445919
05/11/2021,1.2146,1.2129,1.2182,1.2123,0.14%,1.2084,1.1975483333333334,1.0,1.2089292341098279,1.2025089838088905,1.1906491765590206,0.18972201600263705,3.564120054570245,0.005599999999999827,0.043199999999999905,63.32666128943458,56.62384896885102,54.34132035359232,81.63265306122409,83.58807538166757,92.4686192468618,93.33295678073294,72.65415549597829,72.6541554959784
05/12/2021,1.2069,1.2148,1.2153,1.2065,-0.63%,1.20786,1.1976033333333334,1.0,1.2085602824534956,1.2027922751761546,1.1908172645444266,-0.40435715464597327,2.4968152866242117,-0.005399999999999849,0.03410000000000002,51.83401296591477,52.79641915384543,53.83130067662691,42.34693877551042,66.15291950113382,75.90618336887019,86.01241662437205,62.33243967828417,68.45397676496863
05/13/2021,1.2078,1.2073,1.2108,1.2051,0.07%,1.20746,1.1975866666666666,1.0,1.2084220492801327,1.20311535419715,1.1909928539286168,0.4992511233150279,2.6866179221220943,-0.0040000000000000036,0.030299999999999994,52.94310121215313,53.17908769564848,53.88214641226805,46.938775510203826,56.97278911564609,76.57657657657666,81.65045973076955,63.538873994637925,66.17515638963347
05/14/2021,1.214,1.208,1.2151,1.2071,0.51%,1.2086799999999998,1.1976249999999997,1.0,1.2094362221382904,1.2038175894104448,1.1912306389185323,0.6550037310339125,2.785538904411136,0.012199999999999989,0.037800000000000056,59.994178869823564,55.73630657619739,54.23112855003335,78.5714285714285,55.952380952380885,90.54054054054058,81.00776682866247,71.84986595174246,65.90705987488819
05/17/2021,1.2151,1.214,1.217,1.2125,0.09%,1.20958,1.1976200000000001,1.0,1.2104659999313283,1.2045454868680368,1.1914772401845979,1.1487555148589057,2.3242105263157953,0.009000000000000119,0.03400000000000003,61.14199206848023,56.17561358018641,54.29280177062811,84.18367346938822,69.89795918367349,91.98966408268764,86.36892706660161,73.32439678284179,69.5710455764074
05/18/2021,1.222,1.2153,1.2235,1.2151,0.57%,1.2116500000000001,1.1977383333333333,1.0,1.212563090852905,1.2056715844897452,1.1917924595241602,1.7909204498125844,2.948609941027794,0.02069999999999994,0.034499999999999975,67.61748081737575,58.827227287400746,54.67781054817593,93.97590361445758,85.5770018850914,95.99999999999986,92.84340154107603,82.57372654155479,75.91599642537967
05/19/2021,1.2172,1.2222,1.2245,1.2159,-0.39%,1.21332,1.1977516666666665,1.0,1.213406165243286,1.2064153532325226,1.192054753271544,0.8952254641909932,2.1826729348556095,0.01670000000000016,0.030200000000000005,59.90168546678055,56.37264158279002,54.35768814111927,71.03174603174645,83.06377437186406,81.03896103896139,89.67620837388296,76.13941018766751,77.34584450402137
05/20/2021,1.2226,1.2171,1.223,1.2169,0.44%,1.21494,1.197835,1.0,1.2150777715626886,1.2074595239919512,1.1923699682858477,0.5179643180136457,2.7740416946872832,0.016199999999999992,0.03139999999999987,64.90721030151725,58.393060259783546,54.65783695664866,90.20618556701018,85.07127840440471,94.97354497354492,90.67083533750206,83.37801608579063,80.69705093833765
05/21/2021,1.2179,1.2229,1.2241,1.2161,-0.38%,1.2151,1.19801,1.0,1.2155909040058361,1.2081331030893874,1.1926333309645043,0.41223513892323305,2.2671928793349494,0.0016000000000000458,0.028299999999999992,57.91555062359589,56.05567966395945,54.34522083201223,65.97938144329903,75.73910434735186,82.3529411764707,86.12181572965899,77.07774798927598,78.86505808757805
05/24/2021,1.2215,1.2178,1.2231,1.2172,0.30%,1.21596,1.19829,1.0,1.216665285095684,1.2089954835354042,1.1929310049086814,0.5680882595093141,2.2517997656119135,0.008599999999999941,0.03059999999999996,61.44964283201044,57.40662613150768,54.54535386515159,84.53608247422724,80.24054982817879,91.80327868852488,89.70992161284683,81.9034852546916,80.78641644325273
05/25/2021,1.225,1.2217,1.2267,1.2211,0.29%,1.217,1.1985583333333334,1.0,1.2181806878055599,1.2100280329849245,1.1932615817374346,1.4997100008285695,2.270829854733688,0.010400000000000187,0.030399999999999983,64.65588534769581,58.684069701667845,54.73921781140625,92.12962962963044,80.8816978490522,94.76923076923134,89.64181687807564,86.59517426273457,81.85880250223406
05/26/2021,1.219,1.2252,1.2264,1.2182,-0.49%,1.21821,1.1987716666666666,1.0,1.2183296536590946,1.2106068695666428,1.193526806115777,0.9273058453386404,1.8804847471792885,0.0121,0.021200000000000108,55.81387823852873,55.72046109874553,54.33991912563626,64.35185185185244,80.33918798523668,76.30769230769285,87.62673392181635,78.55227882037532,82.35031277926716
05/27/2021,1.2192,1.2192,1.2216,1.2175,0.02%,1.21935,1.1991483333333333,1.0,1.2184878984483503,1.2111612650785624,1.1937912646682702,0.42833607907743765,1.7441375281649123,0.011400000000000077,0.022700000000000164,56.03655288432061,55.79743616734922,54.351074535131126,61.73469387755153,72.73872511967811,76.92307692307739,82.6666666666672,78.8203753351206,81.32260947274351
05/28/2021,1.2189,1.2195,1.2205,1.2132,-0.02%,1.21984,1.1996016666666667,1.0,1.2185628260031958,1.2116605382993761,1.194049818077909,0.3127314624310777,1.2964348042882121,0.0049000000000001265,0.020600000000000174,55.569815498255046,55.64732748162995,54.33106369940374,45.07042253521259,57.05232275487216,76.00000000000058,76.41025641025693,78.41823056300268,78.59696157283287
05/31/2021,1.2225,1.2192,1.2233,1.2183,0.30%,1.22058,1.2002383333333333,1.0,1.2192786758207967,1.212359858409193,1.1943426778774218,0.040916530278227906,1.5956120668162457,0.007399999999999851,0.019199999999999884,60.0108310445925,57.08066690581001,54.53295239947641,68.88888888888867,58.564668433884236,85.05338078291811,79.3254859019987,83.243967828418,80.16085790884709
06/01/2021,1.2211,1.2227,1.2255,1.2211,-0.11%,1.22049,1.20076,1.0,1.219609825671561,1.2129237385119005,1.1946180171708347,0.3204074926059821,1.4792653536109064,-0.0008999999999999009,0.017800000000000038,57.52624945711212,56.34808330555428,54.43889285876949,58.51851851851932,57.4926099808735,80.07117437722466,80.37485172004779,81.36729222520104,81.00983020554058
06/02/2021,1.2209,1.2214,1.2228,1.2163,-0.02%,1.22086,1.2012333333333334,1.0,1.2198444028221864,1.2134383360273258,1.194888373189405,-0.1390479306396052,1.614648356221397,0.0037000000000000366,0.01760000000000006,57.15066779341184,56.241411515678415,54.425414889231604,57.03703703703798,61.48148148148196,79.35943060498275,81.4946619217085,81.09919571045576,81.9034852546916
06/03/2021,1.2124,1.221,1.2216,1.2117,-0.70%,1.21984,1.201466666666667,1.0,1.2184908750363344,1.2133713466062002,1.1950684502093747,-0.45159701124887597,0.2066286469956151,-0.010199999999999987,0.01089999999999991,43.682886149275824,51.92007642513531,53.8558880086922,4.666666666666183,40.07407407407447,49.11032028469721,69.51364175563488,69.70509383377993,77.3905272564789
06/04/2021,1.2165,1.2129,1.2187,1.2104,0.34%,1.2197,1.2018216666666668,1.0,1.2181288977570008,1.2135731952122737,1.1952887635360052,-0.40933278755629265,0.6786394107423641,-0.0014000000000000679,0.006599999999999939,49.99804350669873,53.69538636646192,54.088789928337654,37.423312883435585,33.042338862379886,63.70106761565813,64.05693950177937,75.20107238605873,75.33512064343148
06/07/2021,1.2189,1.2168,1.2203,1.2144,0.20%,1.21944,1.2022566666666665,1.0,1.218269098164819,1.2139168600373234,1.1955314037591023,-0.49795918367346886,0.8188585607940462,-0.0025999999999999357,0.010600000000000165,53.396977615024426,54.708088461841164,54.224712680200284,52.14723926380481,31.412406271302164,72.24199288256276,61.684460260972706,78.41823056300268,74.44146559428044
06/08/2021,1.2171,1.219,1.2196,1.2163,-0.15%,1.2186499999999998,1.2027083333333333,1.0,1.2180565348621246,1.2141222239059026,1.1957529805624203,-0.1558654634946688,0.39594159861421574,-0.007900000000000018,0.008099999999999996,50.5343729001444,53.79526660957146,54.103975569149576,41.8750000000009,43.81518404908041,65.8362989323847,67.25978647686854,76.00536193029487,76.54155495978542
06/09/2021,1.2178,1.2173,1.2219,1.2171,0.06%,1.21853,1.2030416666666668,1.0,1.21800989215992,1.2143594997829623,1.1959793991608967,-0.11482939632546486,0.49513120977058966,-0.0012000000000000899,0.00550000000000006,51.654289492788116,54.10334716866161,54.143882034321926,49.006622516556405,47.67628726012068,68.32740213523141,68.80189798339296,76.94369973190335,77.12243074173364
06/10/2021,1.2169,1.218,1.2195,1.2142,-0.07%,1.2183,1.2034650000000002,1.0,1.217808093585389,1.214523403022785,1.1961941810246448,-0.16408236934941353,1.2564486603428286,-0.0022999999999999687,0.0051000000000001044,50.0359621378034,53.62775448625185,54.08311734278957,43.04635761589486,44.642660044150695,65.12455516014278,66.4294187425863,75.73726541554959,76.2287756925826
06/11/2021,1.2106,1.217,1.2196,1.2093,-0.52%,1.21747,1.2038033333333333,1.0,1.2164975311153183,1.2142702802471017,1.1963420319582594,-0.9734151329243372,0.37310339109526147,-0.008300000000000196,0.008799999999999919,40.2322629942392,50.4183743167782,53.6594518447524,8.02469135802381,33.35922383015833,42.70462633451913,58.718861209964444,67.29222520107211,73.32439678284169
06/14/2021,1.2118,1.211,1.2131,1.2094,0.10%,1.2164,1.204115,1.0,1.215643434548897,1.2141109073279222,1.1965006317444054,-0.7616083858815892,0.8740531091317701,-0.010699999999999932,0.005700000000000038,42.61198964887083,50.99623737706026,53.728840645017584,15.432098765431776,22.16771591311679,46.975088967971445,51.60142348754445,68.9008042895441,70.64343163538861
06/15/2021,1.2124,1.212,1.2149,1.21,0.05%,1.21553,1.2045733333333333,1.0,1.2150537191763702,1.214000526209984,1.1966637098017325,-0.696207715619639,0.9912536443148706,-0.008700000000000152,0.011099999999999888,43.85394785733567,51.28987834453144,53.763630999717535,22.962962962961964,15.473251028805821,49.11032028469721,46.263345195729265,69.70509383377993,68.63270777479873
06/16/2021,1.1994,1.2127,1.2136,1.1994,-1.07%,1.21338,1.2048766666666666,1.0,1.2122075884170302,1.2130585567770218,1.1966917670234283,-1.0722533817221958,-0.5802387267904423,-0.021500000000000075,-0.0010999999999998789,28.83236553883846,45.21687991083222,52.89756070663425,0.0,12.798353909464552,0.3649635036495966,32.15012425210608,52.27882037533502,63.62823949955302
06/17/2021,1.1906,1.1996,1.2007,1.1892,-0.73%,1.2112,1.2051133333333333,1.0,1.20827893597757,1.2116096176300308,1.1966293225499696,-2.129058775174666,-2.1129655512620107,-0.02179999999999982,-0.015799999999999814,22.925872792853937,41.75477499551319,52.32412757028847,4.28134556574945,9.08143617623711,3.733333333333527,17.736205707226777,40.48257372654156,54.155495978552175
06/18/2021,1.186,1.1908,1.1927,1.1847,-0.39%,1.20815,1.20522,1.0,1.2042282203452848,1.2099573842344526,1.196520397975406,-2.699154975797863,-2.217825047407053,-0.03049999999999997,-0.030299999999999994,20.48814760869675,40.09470987531551,52.02782535917191,3.494623655913603,2.591989740554322,3.095238095237768,2.397844977406964,34.31635388739926,42.35924932975862
06/21/2021,1.1915,1.1868,1.1922,1.1847,0.46%,1.20541,1.205475,0.0,1.2019139984643241,1.2087665852515226,1.196468966458614,-2.1033604469641003,-1.9018606948789645,-0.02740000000000009,-0.021400000000000086,30.329804958426138,42.902497180807245,52.35205954789378,18.279569892472942,8.68517970471197,16.190476190476062,7.673015873015785,41.68900804289532,38.82931188561205
06/22/2021,1.1938,1.1918,1.1954,1.1881,0.19%,1.20308,1.2058483333333332,0.0,1.200438726016265,1.207800999106216,1.1964416322486853,-1.9707669568073591,-1.0854254702129515,-0.0233000000000001,-0.02079999999999993,34.11877087996103,44.037212126473044,52.48702533381321,24.46236559139761,15.412186379928023,21.66666666666649,13.65079365079344,44.77211796246632,40.259159964253634
06/23/2021,1.1925,1.1939,1.1971,1.1911,-0.11%,1.20055,1.206176666666667,0.0,1.198995321286035,1.2068138378735118,1.19640127579058,-2.005094913304314,-1.2667660208643892,-0.0253000000000001,-0.01440000000000019,32.99195055380409,43.53137486519714,52.40270628349417,22.349570200572558,21.69716856148101,18.571428571428193,18.809523809523583,43.02949061662171,43.16353887399445
06/24/2021,1.193,1.1927,1.1957,1.1917,0.04%,1.1981600000000001,1.206435,0.0,1.1979052628703923,1.2059226225267956,1.196366461815462,-1.4538245498099984,-1.7298187808896133,-0.023900000000000032,-0.014799999999999924,33.924529701579175,43.78827705499525,52.43224488797257,23.78223495702003,23.53139024966337,19.761904761904788,19.999999999999826,43.69973190348521,43.83378016085775
06/25/2021,1.1933,1.1932,1.1976,1.1926,0.03%,1.1964299999999999,1.20672,0.0,1.1970679423485027,1.2051082597830989,1.1963350838027407,-1.5266545634593134,-1.7940910213151213,-0.01729999999999987,-0.02069999999999994,34.53196049033761,43.94656118033088,52.45003939841783,28.476821192052782,24.869542116548427,20.476190476190425,19.60317460317447,44.10187667560312,43.610366398570015
06/28/2021,1.1924,1.1935,1.1946,1.1902,-0.08%,1.19449,1.2069083333333335,0.0,1.1962192255578659,1.2042883720551263,1.1962948288580895,-1.6496205872649308,-2.422258592471364,-0.019400000000000084,-0.022700000000000164,33.505249663131906,43.565845188948195,52.39094751732044,25.496688741721247,25.918581630264658,18.33333333333298,19.523809523809394,42.89544235924907,43.56568364611247
06/29/2021,1.1895,1.1926,1.1933,1.1877,-0.24%,1.1922,1.2069416666666666,0.0,1.1949975481837085,1.2033342835354073,1.196225338844028,-0.8254127063531782,-2.275714755175818,-0.02289999999999992,-0.03249999999999997,30.281795440884466,42.34309547217673,52.20049399146337,16.608996539792138,23.527502157855363,11.428571428571278,16.74603174603156,39.00804289544223,42.001787310098145
06/30/2021,1.1855,1.1897,1.191,1.1845,-0.34%,1.1908100000000001,1.2069166666666669,0.0,1.1932707212412161,1.2021836845976015,1.1961156822459398,-0.4283554510331013,-3.034516603958769,-0.013900000000000023,-0.03170000000000006,26.390644099624993,40.71265083063445,51.9387581257616,6.172839506172163,16.092841595895155,2.3696682464452485,10.710524336116501,33.64611260053606,38.51653261840912
07/01/2021,1.1848,1.1859,1.1885,1.1837,-0.06%,1.1902300000000001,1.20681,0.0,1.1917305901064494,1.201062156559012,1.19600002160668,-0.10118043844855548,-2.717792922243198,-0.005800000000000027,-0.037799999999999834,25.747328309660176,40.43081432331288,51.892995352748024,7.913669064748914,10.231835036904377,2.55813953488396,5.452126403300162,32.70777479892759,35.120643431635294
07/02/2021,1.1864,1.185,1.1875,1.1807,0.14%,1.1902700000000002,1.2067566666666667,0.0,1.1907613919052769,1.2001162109745325,1.1959019237839617,-0.42803189257239654,-2.873516168645119,0.00039999999999995595,-0.031500000000000083,30.07623719943669,41.39017843097737,51.99016929187215,33.72781065088666,15.938106407269217,12.391304347825736,5.773037376384981,34.852546916889814,33.73547810545116
07/05/2021,1.1861,1.1862,1.1881,1.1851,-0.03%,1.18973,1.2066766666666666,0.0,1.1899138661043174,1.199211939298732,1.195801789684921,-0.6449991623387535,-3.1755102040816454,-0.005400000000000071,-0.0354000000000001,29.715321678241807,41.26128550389913,51.970387044247026,31.95266272189276,24.531380812509415,11.739130434782327,8.896191439164008,34.4504021447719,34.00357462019644
07/06/2021,1.1822,1.1863,1.1896,1.1807,-0.33%,1.18857,1.20647,0.0,1.1885113449944416,1.1981143948278183,1.1956628739521926,-0.8637316561844844,-3.0188679245283154,-0.011600000000000055,-0.04280000000000017,25.32555125344878,39.6027537816858,51.71330192313805,8.875739644969482,24.852071005916272,3.2822757111593868,9.13757016458915,29.222520107238363,32.84182305630003
07/07/2021,1.1789,1.1823,1.1839,1.1782,-0.28%,1.1872099999999999,1.2061549999999999,0.0,1.1867638277227248,1.196874756451801,1.195491718893137,-1.1818943839061191,-3.3054461942257216,-0.013599999999999834,-0.040100000000000025,22.237065071981434,38.25670386035845,51.496668045510724,3.6082474226811443,14.812216596514434,1.4799154334041082,5.500440526448607,24.798927613940965,29.490616621983747
07/08/2021,1.1842,1.1792,1.1869,1.1783,0.45%,1.1863299999999999,1.20595,0.0,1.1862976772276839,1.1960570302290863,1.1953764563050628,-0.762591133830563,-2.8468291082123365,-0.008800000000000141,-0.03500000000000014,36.135494582669644,41.557004010141696,51.82243557523123,30.92783505154629,14.47060737306561,12.684989429175456,5.815726857912984,31.90348525469145,28.64164432529026
07/09/2021,1.1873,1.1844,1.1882,1.1825,0.26%,1.18573,1.2057666666666667,0.0,1.1864799177317413,1.1954920605368755,1.1952940354041426,-0.42770882254276105,-2.8793456032719758,-0.006000000000000005,-0.03160000000000007,42.781666964597186,43.38797473952128,52.01190210494014,55.487804878048784,30.00796245075871,19.23890063424965,11.134601832276404,36.05898123324386,30.92046470062543
07/12/2021,1.1859,1.1872,1.1881,1.1835,-0.12%,1.18508,1.2054766666666665,0.0,1.186374478144152,1.1948732179215813,1.1951981929240139,-0.3026481715006345,-2.882646793874385,-0.00649999999999995,-0.036599999999999966,40.65848566791947,42.762085611667885,51.919227840917834,50.993377483443595,45.80300580434619,16.279069767441904,16.06765327695567,34.18230563002662,34.048257372653985
07/13/2021,1.1774,1.1862,1.1876,1.1772,-0.72%,1.18387,1.205045,0.0,1.1847427548452152,1.1937459135395234,1.1950166529658406,-0.683256010122311,-3.5629453681710292,-0.0121,-0.04370000000000007,30.460493167878198,39.20958304885275,51.360814073211074,1.4492753623186774,35.97681924127033,0.4385964912280211,11.985522297639859,22.788203753351077,31.009830205540528
07/14/2021,1.1835,1.1776,1.1839,1.1772,0.52%,1.1836699999999998,1.204715,0.0,1.1845167994188126,1.193084886859543,1.1948992134671839,-0.10972316002701543,-2.3837017485978165,-0.0020000000000000018,-0.0374000000000001,42.05045307604885,42.741034075427365,51.7352228546663,50.80645161290314,34.416368152888445,14.093959731543574,10.270541996737833,30.965147453082974,29.31188561215356
07/15/2021,1.1812,1.1837,1.1852,1.1795,-0.19%,1.18331,1.2043766666666669,0.0,1.1839137449790285,1.1923181199653667,1.1947595521177472,-0.438300741739706,-2.9017673653925105,-0.0036000000000000476,-0.031199999999999894,39.3059476706767,41.79402632031252,51.58475075351248,32.258064516129146,28.17126383045029,8.948545861297555,7.82703402802305,27.882037533511973,27.211796246648678
07/16/2021,1.1805,1.1814,1.1823,1.1792,-0.06%,1.18272,1.2038866666666665,0.0,1.1832930640737505,1.1915556606127513,1.1946142137520959,-0.47213557035661646,-3.1503814915087367,-0.005899999999999794,-0.03599999999999981,38.45716142994806,41.50449397100404,51.538899424880206,26.612903225807173,36.55913978494646,7.382550335570656,10.141685309470594,26.943699731903493,28.59696157283282
07/19/2021,1.1798,1.1808,1.1825,1.1764,-0.06%,1.18209,1.2034116666666665,0.0,1.182657961514887,1.1907972308957893,1.1944632586268038,-0.20301133479952274,-3.0646619012406626,-0.006299999999999972,-0.039100000000000135,37.55605210753833,41.209169117403334,51.49289973999379,25.75757575757609,28.20951449983744,7.472527472527609,7.93454122313194,26.005361930294725,26.943699731903404
07/20/2021,1.1779,1.1801,1.1805,1.1755,-0.16%,1.18166,1.2028933333333334,0.0,1.1817928776030893,1.189965151483147,1.1942945213719227,-0.08482483671219881,-3.276400065692236,-0.0042999999999999705,-0.039200000000000124,35.07726604481975,40.40195987683125,51.36783253693125,18.897637795275358,23.756038926219514,5.172413793103357,6.6758305337338735,23.458445040214272,25.469168900804167
07/21/2021,1.1792,1.1782,1.1806,1.1752,0.11%,1.18169,1.2023416666666666,0.0,1.1813214453116185,1.1892706255810004,1.194140783260072,-0.4222259753419941,-3.0980359930972194,0.00029999999999996696,-0.03859999999999997,38.17925732503828,41.216959338587976,51.44892148021933,30.769230769231033,25.141481440694132,9.009009009009018,7.2179834248799954,25.201072386058886,24.888293118855966
07/22/2021,1.177,1.1793,1.1831,1.1757,-0.19%,1.1809699999999999,1.2017616666666666,0.0,1.1805357279822335,1.1884789723177012,1.1939662448929411,-0.8675145287627368,-2.7754832314554645,-0.007199999999999873,-0.03990000000000005,35.0319117551404,40.253287247778694,51.30342896366545,13.846153846154136,21.171007470220147,4.054054054054109,6.078492285388829,22.252010723860522,23.637176050044562
07/23/2021,1.1771,1.1769,1.1788,1.1753,0.01%,1.17995,1.2013500000000001,0.0,1.179911050167282,1.18774484507139,1.1937945419519156,-0.7420524496163183,-2.863508829839904,-0.010199999999999987,-0.03349999999999986,35.30128065204268,40.31890037298638,51.30971911217364,14.728682170542836,19.781355595309307,4.785894206549143,5.94965242320409,22.38605898123316,23.279714030384195
07/26/2021,1.1799,1.1778,1.1818,1.1763,0.24%,1.17935,1.2009133333333333,0.0,1.179909041045958,1.1872387260345212,1.1936531242808661,0.2123322575165574,-2.6806334543055077,-0.006000000000000005,-0.03190000000000004,42.69337821144773,42.158804762014924,51.48606444706124,37.903225806451125,22.159353941049336,11.838790931989719,6.892913064197657,26.139410187667362,23.592493297587023
07/27/2021,1.1814,1.1804,1.1841,1.177,0.13%,1.1797499999999999,1.2005816666666667,0.0,1.1801801244921475,1.1868620340322906,1.193528441231416,-0.17743979721165956,-1.500750375187595,0.0040000000000000036,-0.030999999999999917,46.34253776455577,43.13042137933874,51.580481905311224,61.99999999999978,38.21063599233122,16.145833333333297,10.923506157290719,28.150134048257247,25.55853440571926
07/28/2021,1.1842,1.1817,1.1851,1.1773,0.24%,1.17982,1.2003100000000002,0.0,1.1809110109481207,1.1866902899011735,1.1934335400118528,0.25397900440229354,-0.5375440954140923,0.0006999999999999229,-0.015200000000000102,52.602449448864185,44.917171967396264,51.75662562625116,89.99999999999889,63.30107526881657,35.29411764705831,21.092913970793774,31.90348525469145,28.731009830205355
07/29/2021,1.1886,1.1845,1.1894,1.1841,0.37%,1.18056,1.2000133333333334,0.0,1.1823090089575532,1.1868134970043247,1.193384377828318,0.686149936467598,0.21922428330524096,0.007400000000000073,-0.0020000000000000018,60.623439713797005,47.593779320161744,52.03221844793067,94.3661971830992,82.12206572769925,59.82142857142899,37.08712651727353,37.80160857908847,32.618409294012395
07/30/2021,1.187,1.1888,1.191,1.1851,-0.13%,1.1812099999999999,1.199525,0.0,1.1831619164198162,1.186825529455659,1.1933194563285914,0.6102729276148581,-0.37767519932857313,0.00649999999999995,0.001000000000000112,56.7436000936818,46.73941660460683,51.92381551110993,74.6835443037975,86.34991382896517,52.67857142857163,49.26470588235298,35.65683646112595,35.120643431635294
08/02/2021,1.1867,1.1864,1.1898,1.1858,-0.03%,1.1819,1.1990883333333333,0.0,1.183805204343486,1.1868174307811004,1.1932521590695,0.7470922828763173,-0.5947394873513054,0.006900000000000128,-0.0047999999999999154,55.996985269852146,46.57723919233093,51.903438380669286,72.78481012658253,80.61151720449305,51.33928571428606,54.61309523809556,35.25469168900803,36.23771224307416
08/03/2021,1.186,1.1868,1.1894,1.1853,-0.06%,1.18271,1.1986116666666669,0.0,1.1842042580992156,1.1867646933113516,1.193178445331701,0.5766621438263159,-0.5450733752620505,0.008099999999999996,-0.007800000000000029,54.149798361254106,46.190374933215416,51.85571548770083,68.35443037974618,71.94092827004205,48.21428571428542,50.744047619047706,34.31635388739926,35.07596067917775
08/04/2021,1.1835,1.1864,1.19,1.1833,-0.21%,1.18314,1.1982216666666665,0.0,1.1840762111720855,1.1865540679364244,1.1930800909471506,0.5522514868309218,-0.7963118189438444,0.0042999999999999705,-0.008999999999999897,47.88196272783915,44.8151462876648,51.68514054920765,52.229299363057066,64.4561799564619,37.05357142857135,45.53571428571428,30.965147453082974,33.51206434316342
08/05/2021,1.1832,1.1837,1.1858,1.1828,-0.03%,1.18376,1.1978116666666667,0.0,1.1839169000498881,1.1863376764566538,1.19297970867476,0.5182227508283064,-0.8463923573284169,0.006199999999999983,-0.009800000000000031,47.15421639760446,44.65012097461818,51.66464449773156,50.31847133757958,56.96740036012758,35.714285714285786,40.32738095238085,30.563002680965056,31.948168007149103
08/06/2021,1.176,1.1834,1.1837,1.1753,-0.61%,1.1836499999999999,1.1971783333333335,0.0,1.1824774636771813,1.185670729588479,1.192807230079385,-0.3305364861428947,-1.3753773901375352,-0.001100000000000101,-0.017300000000000093,33.55455053832375,40.909967844555965,51.17514556507873,4.458598726114145,35.668789808916905,4.1237113402057135,25.630522827687617,20.91152815013383,27.479892761393955
08/09/2021,1.1737,1.1762,1.177,1.1734,-0.20%,1.18303,1.1964883333333334,0.0,1.180881561190421,1.1848984244537346,1.1926131805819677,-0.6517690875232809,-1.3282891971416593,-0.006199999999999983,-0.01869999999999994,30.438634792510868,39.80803264812688,51.0199531049303,1.7045454545452612,18.8272051727463,1.5075376884420428,13.781844914311185,17.828418230562825,23.100983020553908
08/10/2021,1.1718,1.1738,1.1744,1.171,-0.16%,1.18207,1.1956516666666668,0.0,1.1792303682467082,1.184053364811554,1.1924018492091644,-1.0471204188481649,-1.1556305356389747,-0.009600000000000053,-0.01770000000000005,28.04796855922403,38.91233137762374,50.891819750563236,3.999999999999556,3.3877147268862924,3.999999999999556,3.2104163428824397,15.281501340482379,18.007149240393016
08/11/2021,1.1737,1.172,1.1753,1.1706,0.16%,1.1810200000000002,1.1949266666666667,0.0,1.1782248467473067,1.1833854057914508,1.1922119943521796,-1.2535756352010883,-0.9368669817690842,-0.010499999999999954,-0.011800000000000033,33.82304880483214,40.301888251113944,51.015459494877796,15.196078431371983,6.966874628638905,15.196078431371983,6.901205373271196,5.108359133126717,12.739426234723979
08/12/2021,1.1727,1.1738,1.1749,1.1724,-0.09%,1.17943,1.1940950000000001,0.0,1.1772203291568872,1.1826960247726446,1.1920139550631028,-1.2047177759056427,-1.1547538772757775,-0.015900000000000025,-0.0121,32.30665885118002,39.808859588240715,50.94760925542882,10.29411764705879,9.830065359476748,10.29411764705879,9.830065359476778,3.560371517027816,7.983410663545642
08/13/2021,1.1791,1.173,1.1806,1.1728,0.55%,1.1786400000000001,1.1934483333333332,0.0,1.1775620874919988,1.1824640231744086,1.1918829094788126,-0.6404314485548201,-0.5901694629457799,-0.007900000000000018,-0.007299999999999862,48.67099684041895,44.31868267971754,51.36368000224791,43.814432989690786,23.10154302270716,41.66666666666649,22.385620915032423,13.467492260061814,7.37874097007212
08/16/2021,1.1777,1.1794,1.1801,1.1767,-0.12%,1.17774,1.192718333333333,0.0,1.1775871624934535,1.1821566668405747,1.1917390154561172,-0.6998313659359169,-0.38064625274910746,-0.009000000000000119,-0.008399999999999963,45.9699502424815,43.57978661734658,51.26807535614582,36.59793814432956,30.23549626035968,34.803921568626926,28.92156862745074,11.300309597523007,9.442724458204216
08/17/2021,1.1708,1.1776,1.1786,1.1708,-0.59%,1.17622,1.1918149999999998,0.0,1.1763531329491892,1.1814239786573093,1.1915266182245328,-1.0730882974228926,-0.6870811773687332,-0.01519999999999988,-0.011399999999999855,35.25554981837435,40.16554330852008,50.799712874469236,1.0309278350514401,27.1477663230239,0.9803921568626384,25.816993464052022,0.6191950464395604,8.462332301341466
08/18/2021,1.171,1.171,1.1743,1.1694,0.02%,1.17497,1.1910150000000002,0.0,1.1753798360493366,1.1807514639052228,1.1913184444431135,-1.031102096010817,-1.1146765749028777,-0.012499999999999956,-0.007900000000000018,35.737927231762015,40.30577489527673,50.81280303530846,9.756097560975906,15.794987846785608,7.4074074074075975,14.397240377632393,2.4390243902439686,4.786176344735517
08/19/2021,1.1674,1.1711,1.1717,1.1666,-0.31%,1.17339,1.1901516666666667,0.0,1.173928956767639,1.1798900791371414,1.191075918366549,-0.7312925170067978,-1.6760717594542265,-0.015800000000000036,-0.016799999999999926,31.103243594481697,38.62036093636502,50.5694063691214,4.678362573098929,5.155129323042064,3.278688524589806,3.888829362953352,1.1695906432747247,1.4092700266527558
08/20/2021,1.1696,1.1675,1.1706,1.1664,0.19%,1.1727500000000002,1.1893299999999998,0.0,1.1731418737189774,1.1792262030637755,1.1908582000437244,-0.3493226548521763,-1.3744835146302372,-0.006399999999999961,-0.01770000000000005,36.67914605660166,40.2011558786078,50.7144032270761,22.53521126760473,12.323223800559825,13.008130081300306,7.898075337765907,4.664723032069781,2.757779355196163
08/23/2021,1.1743,1.1694,1.1751,1.1692,0.40%,1.1728100000000001,1.1885266666666667,0.0,1.1733524421337087,1.178908383511273,1.1906903679854253,0.2133469875405314,-0.2632919993205455,0.0005999999999999339,-0.011600000000000055,46.883361953988675,43.42149149992522,51.022869861598494,55.633802816900015,27.615792219201197,32.11382113821061,16.13354658136691,11.516034985422444,5.783449553588987
08/24/2021,1.1753,1.1746,1.1766,1.1727,0.09%,1.17316,1.1877633333333333,0.0,1.1737065435639435,1.1786755845750612,1.190534401895273,0.13632103603987783,-0.6928601605407677,0.0035000000000000586,-0.0020999999999999908,48.83269070267237,44.08426899358482,51.08833042283185,62.676056338027564,46.94835680751074,36.17886178861758,27.100271002709505,12.973760932944472,9.718172983478903
08/25/2021,1.177,1.1754,1.1776,1.1726,0.14%,1.17349,1.1870316666666665,0.0,1.1743053538250448,1.1785674823444119,1.1903972693768274,0.3666751939967571,-0.3555706061632223,0.0033000000000000806,-0.00649999999999995,52.14969212036115,45.21293761380135,51.19976862898587,74.64788732394331,64.31924882629026,43.08943089430879,37.127371273712335,15.451895043731698,13.313896987366212
08/26/2021,1.175,1.1772,1.178,1.1746,-0.17%,1.1737199999999999,1.1864083333333333,0.0,1.1744316531295822,1.178337322193159,1.1902412903874453,-0.34772283945382004,-0.4659042778483744,0.0022999999999999687,-0.006199999999999983,48.07572530240946,44.128862176036804,51.062212720642755,60.563380281689774,65.96244131455352,34.95934959349576,38.07588075880738,12.536443148687962,13.654033041788049
08/27/2021,1.1793,1.1752,1.1803,1.1734,0.37%,1.17374,1.1857883333333334,0.0,1.1753168071060218,1.178399430438762,1.1901304717643677,0.1358580283603673,-0.04238006441769325,0.00019999999999997797,-0.0012000000000000899,56.24192343697971,46.95753176259059,51.3446727679993,92.80575539568414,76.00567433377238,52.43902439024364,43.4959349593494,18.80466472303194,15.597667638483871
08/30/2021,1.1795,1.1793,1.1811,1.1782,0.02%,1.17392,1.1851316666666667,0.0,1.1760773876321997,1.178470434926584,1.1900228204476453,0.7430816535702024,0.1358349605229685,0.0018000000000000238,-0.00029999999999996696,56.594709300263126,47.08642987771661,51.35779671284317,89.11564625850305,80.82826064529229,53.25203252032485,46.883468834688095,19.09620991253628,16.81243926141873
08/31/2021,1.1807,1.1797,1.1848,1.1795,0.10%,1.1749100000000001,1.184525,0.0,1.1769178626081633,1.1786142778345468,1.1899284279420346,0.8283518360375783,0.12720488466757607,0.00990000000000002,0.0028000000000001357,58.80865838181499,47.872683603115654,51.43678625335741,77.71739130434784,86.54626431951165,58.13008130081303,54.60704607046051,20.845481049562654,19.582118561710296
09/01/2021,1.1837,1.181,1.1858,1.1793,0.25%,1.17618,1.1839566666666665,0.0,1.178150978497588,1.178942388941996,1.1898653768227103,1.396265204728455,0.5692438402718716,0.012699999999999934,0.0044999999999999485,63.920557521012036,49.80175136088876,51.63412498217111,89.17525773195874,85.33609843160319,70.32520325203213,60.56910569105668,25.218658892128094,21.72011661807568
09/02/2021,1.1873,1.1839,1.1877,1.1834,0.30%,1.1781700000000002,1.1834633333333333,0.0,1.179814436952572,1.1794815896554165,1.1898394116956021,1.5133378932968578,0.8665364030243807,0.01990000000000003,0.010299999999999976,69.04296814640803,52.00654833027672,51.8699983721795,98.12206572769972,88.33823825466874,84.95934959349576,71.13821138211364,30.46647230320688,25.510204081632548
09/03/2021,1.1882,1.1875,1.191,1.1866,0.08%,1.18003,1.18309,0.0,1.1813390847793772,1.1800440677421644,1.189822821442765,1.1836838967895789,0.703449444868207,0.01859999999999995,0.011099999999999888,70.21752191290084,52.54558698427713,51.92890184097953,87.15596330275169,91.48442892080334,88.61788617886121,81.30081300812971,31.778425655976417,29.154518950437136
09/06/2021,1.1868,1.1879,1.1888,1.1855,-0.12%,1.18128,1.1826733333333335,0.0,1.1823319784558541,1.1804799343394448,1.1897922367648426,0.9784735812133127,0.4570848146267201,0.012500000000000178,0.006900000000000128,65.89619667720419,51.61275432478239,51.82973501146594,77.17391304347832,87.4839806913099,82.92682926829272,85.50135501354991,29.73760932944603,30.66083576287645
09/07/2021,1.1839,1.187,1.1886,1.1837,-0.24%,1.18214,1.1821983333333332,0.0,1.1826170732820624,1.1807005837369002,1.189732629555142,0.5862361937128213,-0.025333558520517396,0.008599999999999941,0.0024999999999999467,57.7204303789563,49.721269242839384,51.62449596138796,61.413043478260235,75.24763994149671,71.13821138211334,80.8943089430891,25.510204081632438,29.008746355684966
09/08/2021,1.1813,1.184,1.1852,1.1801,-0.22%,1.18257,1.1818966666666668,1.0,1.1823776054125967,1.1807392557538745,1.1896473373098586,0.5361702127659551,-0.6141679286555681,0.0042999999999999705,-0.0028999999999999027,51.37120539468767,48.08682323554715,51.44095108473758,44.88636363636358,61.15777338603402,60.56910569105667,71.54471544715425,21.72011661807568,25.65597667638472
09/09/2021,1.1825,1.1817,1.1843,1.1805,0.10%,1.1833200000000001,1.1817616666666666,1.0,1.1823998589739428,1.1808528521568507,1.1895750570916994,0.2713474094802079,-0.37910699241785584,0.007500000000000062,-0.006099999999999994,53.96787994639416,48.889006959474266,51.5209024319545,51.704545454545894,52.66798418972321,65.44715447154485,65.71815718157163,23.469387755102048,23.566569484936725
09/10/2021,1.1814,1.1826,1.1852,1.1809,-0.09%,1.18353,1.181685,1.0,1.182218066433226,1.180888152017699,1.189492397102719,0.16108520559559245,-0.4466166680711285,0.0020999999999999908,-0.005600000000000049,51.18414184859833,48.18297470005379,51.44287107280238,25.000000000000433,40.53030303030328,60.97560975609727,62.33062330623293,21.865889212827845,22.35179786200186
09/13/2021,1.1808,1.1814,1.1818,1.177,-0.05%,1.1836600000000002,1.1815066666666667,1.0,1.1819602361726393,1.1808824647907508,1.1894045203108214,0.008469551960700344,-0.43844856661044446,0.0013000000000000789,-0.005900000000000016,49.632556337554846,47.79351357842637,51.40019485136568,27.142857142857302,34.615800865801184,58.53658536585363,61.65311653116526,20.991253644314824,22.10884353741491
09/14/2021,1.1802,1.1812,1.1847,1.1799,-0.05%,1.18361,1.18128,1.0,1.1816401932321596,1.1808384348042507,1.189311480977605,-0.2956830277942096,-0.2788339670469016,-0.000500000000000167,-0.005800000000000027,48.01530517080463,47.39719321949486,51.35737545882396,22.857142857141906,24.999999999999854,56.0975609756091,58.53658536585334,20.116618075801476,20.99125364431472
09/15/2021,1.1815,1.1806,1.1833,1.1799,0.11%,1.18339,1.1810966666666665,1.0,1.181614703553585,1.180881116429783,1.1892325349465065,-0.4885033268761077,-0.14367816091954316,-0.0021999999999999797,-0.0020000000000000018,51.79658024127502,48.35704433132407,51.44545491958993,32.14285714285675,27.380952380951953,61.382113821137885,58.67208672086688,22.01166180758002,21.03984450923211
09/16/2021,1.1764,1.1816,1.1822,1.1751,-0.43%,1.1823000000000001,1.18082,1.0,1.1806665756347514,1.1805920121439903,1.1891028643338684,-0.9930988049150004,0.03401360544217313,-0.010900000000000132,-0.006800000000000139,39.32730365205877,45.022942141736735,51.0807691485744,8.176100628929904,21.058700209642822,40.65040650406424,52.710027100270416,14.577259475218348,18.90184645286662
09/17/2021,1.1725,1.1762,1.179,1.1724,-0.33%,1.18073,1.1804733333333333,1.0,1.1791817437011605,1.1800699468443778,1.188935121105673,-1.2049207954162435,-0.10224077702989418,-0.015699999999999825,-0.0034999999999998366,32.64905343082813,42.694279706978534,50.80398517643798,0.6097560975609095,13.642904623115824,24.796747967479696,42.276422764227284,8.892128279883375,15.16034985422725
09/20/2021,1.1725,1.1732,1.1737,1.17,0.00%,1.1793,1.1801416666666666,0.0,1.1779668812100403,1.1795815631769981,1.188769098037801,-0.9629191654700444,0.059737156511362424,-0.01429999999999998,-0.0011999999999998678,32.64905343082815,42.694279706978534,50.80398517643798,13.440860215054546,7.408905647181758,24.796747967479696,30.081300813007886,8.892128279883375,10.787172011661704
09/21/2021,1.1723,1.1726,1.1751,1.1715,-0.02%,1.1781400000000002,1.179855,0.0,1.1769365391718511,1.1791117849075141,1.1886027569409814,-0.7618725133327791,-0.11928090653489545,-0.011600000000000055,0.0004999999999999449,32.30177700730741,42.57343621330621,50.789729801672514,15.131578947368112,9.727398419994493,23.98373983739758,24.52574525745233,8.60058309037871,8.794946550048492
09/22/2021,1.1686,1.1726,1.1757,1.1684,-0.32%,1.17687,1.1795733333333334,0.0,1.1754208047769692,1.1784336052360613,1.1884007554905134,-1.175475687103596,-0.34962053381086317,-0.012699999999999934,-0.005099999999999882,26.506367383614815,40.38578971171551,50.52612972095191,1.1904761904760646,9.920971784299544,8.943089430894242,19.241192411923844,3.206997084548076,6.899902818270058
09/23/2021,1.1736,1.1686,1.1751,1.1683,0.43%,1.1759799999999998,1.1793866666666666,0.0,1.1750897493629748,1.1781217597369604,1.1882513095729053,-0.6602336211274784,-0.4664574675600085,-0.00890000000000013,0.0008999999999999009,42.10324648304609,44.381115969225554,50.87241992653305,31.360946745562362,15.894333961135482,29.268292682926365,20.731707317072733,10.49562682215725,7.43440233236135
09/24/2021,1.1714,1.1738,1.1749,1.17,-0.19%,1.17498,1.1791366666666667,0.0,1.174418885842434,1.1776880978184465,1.1880811838352012,-0.7960704607046133,-0.5349409866689286,-0.010000000000000009,-0.00770000000000004,38.14555367533985,43.067324961864145,50.71544360550701,18.90243902439065,17.151287320142995,20.32520325203212,19.512195121950914,7.288629737609174,6.997084548104838
09/27/2021,1.1694,1.1724,1.1728,1.1685,-0.17%,1.17384,1.1788583333333333,0.0,1.1735063611438097,1.1771533818301594,1.1878926116667252,-0.9150991357396985,-0.11957635804578645,-0.011400000000000077,-0.008299999999999974,34.837738346034186,41.90083419008595,50.57286526894126,6.707317073171268,18.9902342810414,12.195121951219095,20.596205962059198,4.37317784256544,7.38581146744396
09/28/2021,1.1681,1.1696,1.1704,1.1668,-0.11%,1.17263,1.1786233333333336,0.0,1.1725233863903897,1.1765692926798264,1.1876928492520245,-1.1341515023275563,-0.24765157984629588,-0.0121,-0.0027000000000001467,32.78451166637291,41.151364178248514,50.48015576076047,7.87878787878703,11.162847992116289,6.910569105690309,13.143631436313846,2.4781341107868995,4.713313896987176
09/29/2021,1.1595,1.1683,1.1691,1.1589,-0.74%,1.17043,1.1783000000000001,0.0,1.1701554979557733,1.1754680479908048,1.1874083456628757,-1.4365861951717032,-0.6767174918622596,-0.02200000000000002,-0.011500000000000066,22.874866508229346,36.66346166753585,49.872303324242836,2.575107296137069,5.720404082698427,1.869158878504466,6.99161664513796,0.7884362680682436,2.5465827404735326
09/30/2021,1.1581,1.1596,1.1612,1.1562,-0.12%,1.1686,1.1778650000000002,0.0,1.1679635892365419,1.1743475287655913,1.1871126269446095,-1.2281449893390353,-0.9832421340629331,-0.018299999999999983,-0.009300000000000086,21.689051301082813,36.002248275118475,49.77424405506686,8.333333333333332,6.2624095027524485,5.45977011494254,4.746499366379109,2.4111675126903656,1.8925792971818407
10/01/2021,1.1594,1.1582,1.1608,1.1563,0.11%,1.16729,1.1773999999999998,0.0,1.1664065730117161,1.1733831720710368,1.1868330479404352,-1.1172707889125892,-1.2688410116665174,-0.013100000000000112,-0.010199999999999987,25.66485946560188,37.09206181337507,49.866236417161666,16.410256410256817,9.10623234657571,9.195402298850794,5.508110430765939,4.060913705583862,2.420172495447495
10/04/2021,1.1621,1.1593,1.1641,1.1587,0.23%,1.1662499999999998,1.1770033333333336,0.0,1.1656235597368585,1.1726552254858083,1.1865835629301444,-0.8700844493730262,-1.1231175019144133,-0.010400000000000187,-0.012199999999999989,33.46063764272408,39.31245911016583,50.057175888692655,30.256410256410227,18.33333333333343,16.954022988505717,10.536398467433022,7.487309644670052,4.653130287648097
10/05/2021,1.1596,1.1623,1.1623,1.158,-0.22%,1.16498,1.1767066666666668,0.0,1.1645283670574298,1.1718129528738206,1.1863114139714348,-0.7701523190142151,-1.4783347493627936,-0.012699999999999934,-0.015700000000000047,30.20200897666298,38.02683238931803,49.880389669127766,17.43589743589773,21.36752136752156,9.77011494252889,11.973180076628472,4.314720812182818,5.287648054145582
10/06/2021,1.1556,1.1603,1.1605,1.1529,-0.34%,1.1636799999999998,1.1762416666666666,0.0,1.1629050275924424,1.1707669559142189,1.1860017088692576,-1.533742331288345,-1.651063829787241,-0.013000000000000123,-0.021400000000000086,25.744759233007187,36.07418234785018,49.59871396887954,12.162162162161824,19.9514899514899,7.086614173228146,11.270250701420922,3.288672350791623,5.030234269214836
10/07/2021,1.155,1.1556,1.1572,1.1548,-0.05%,1.16182,1.175805,0.0,1.1614677498483619,1.169749732952011,1.1856891182508482,-1.4000341471743187,-2.0605443907402687,-0.01859999999999995,-0.020000000000000018,25.126720498199646,35.789015827609035,49.556526003844866,9.545454545454495,13.047838047837987,5.51181102362202,7.45618004645969,2.557856272837989,3.387083145270815
10/08/2021,1.1567,1.1551,1.1586,1.154,0.15%,1.16035,1.1754083333333334,0.0,1.160600886239569,1.1689078146970424,1.185396859410206,-1.0860270224046464,-1.9330224671470904,-0.014699999999999935,-0.022599999999999953,30.387715713836684,37.243083321568065,49.6784101181105,19.095477386934775,13.601031364850336,9.973753280839956,7.524059492563379,4.628501827040223,3.49167681688995
10/11/2021,1.1551,1.1571,1.1588,1.1549,-0.14%,1.1589199999999997,1.1749966666666667,0.0,1.159600725105102,1.1680169879423943,1.1850914564871418,-1.1129184145192963,-2.168205301939533,-0.01429999999999998,-0.024399999999999977,28.307666220239653,36.43966101473343,49.56512670679041,12.571428571428406,13.737453501272531,5.774278215223041,7.086614173228344,2.6796589524969283,3.288672350791719
10/12/2021,1.1527,1.1555,1.1571,1.1524,-0.21%,1.15738,1.1745766666666666,0.0,1.1583460478132652,1.1670287951719172,1.1847649817685826,-0.5864596808969312,-2.6189068176058052,-0.015399999999999858,-0.028000000000000025,25.408917758123195,35.25937468044167,49.395320868052714,1.7964071856285513,11.15443771466388,0.7772020725387752,5.50841118953393,0.3631961259079503,2.5571189684817055
10/13/2021,1.1592,1.1528,1.1598,1.1527,0.56%,1.15735,1.1742433333333333,0.0,1.1585013118472172,1.1665237116124385,1.184507344528531,0.09498316207582255,-2.3667143940032016,-0.00029999999999996696,-0.024499999999999966,42.9798383107408,40.64567759607162,49.8628568249465,58.119658119658304,24.16249795890506,17.616580310880632,8.056020199547488,8.272506082724977,3.771787053709957
10/14/2021,1.1594,1.1593,1.1625,1.1584,0.02%,1.15748,1.17395,0.0,1.1586647096931777,1.1660641173148618,1.184254351492015,0.0,-2.423834371317955,0.0013000000000000789,-0.027900000000000036,43.435378420709235,40.80244564186389,49.877177167983305,59.82905982905985,39.91504171144887,18.134715025906477,12.176165803108633,9.198423127463744,5.9447084453655625
10/15/2021,1.16,1.1599,1.162,1.1588,0.05%,1.15754,1.173665,0.0,1.1589074897489637,1.1656728839397092,1.1840099844424963,-0.1807073401600543,-2.2581732389619273,0.0005999999999999339,-0.028200000000000003,44.902640551538404,41.28373705290824,49.92030460899862,64.95726495726448,60.968660968660856,20.879120879120418,18.876805405302516,10.228802153431827,9.233243787873521
10/18/2021,1.1609,1.1597,1.1624,1.1571,0.08%,1.15742,1.1733483333333332,0.0,1.1592697643400611,1.165364955943599,1.1837771761872622,0.11210762331839245,-1.9427316496325626,-0.0011999999999998678,-0.025900000000000034,47.18593120660359,42.015267689137524,49.985180756124024,84.1584158415837,69.64824687596932,23.480662983425276,20.83149962948406,11.440107671601579,10.289110984165722
10/19/2021,1.1632,1.1611,1.167,1.1608,0.20%,1.15778,1.173045,0.0,1.159984352641868,1.1652252813665926,1.1835699088870895,0.6576670128072042,-1.5322102768136803,0.0036000000000000476,-0.02069999999999994,52.74636246741044,43.86420659396426,50.15104077578253,73.97260273972576,74.36276117952463,32.9268292682925,25.762204376946073,14.535666218034923,12.068192014356114
10/20/2021,1.1649,1.1634,1.166,1.1616,0.15%,1.15871,1.1727233333333333,0.0,1.160878106706983,1.165204295471974,1.183381875900112,0.8571428571428589,-1.4883720930232607,0.009300000000000086,-0.01639999999999997,56.506962653337574,45.200283802900536,50.27353865458781,85.6164383561644,81.24915231249126,38.10975609756091,31.505749449759566,16.823687752355298,14.266487213997271
10/21/2021,1.1621,1.165,1.1668,1.162,-0.24%,1.1594200000000001,1.1722816666666667,0.0,1.1611002691238952,1.1650040183447496,1.1831675626015887,0.46684533586927024,-1.633654985610301,0.007099999999999884,-0.020400000000000196,49.323376318382685,43.43870947853119,50.069864968866426,66.43835616438257,75.34246575342421,29.57317073170682,33.53658536585342,13.055181695827518,14.804845222072585
10/22/2021,1.1647,1.1623,1.1656,1.162,0.22%,1.16022,1.17191,0.0,1.1617547656468232,1.1649844042579915,1.1829816123836003,0.8310968747294651,-1.3634823848238484,0.008000000000000007,-0.016699999999999937,55.199548942274156,45.47977081607622,50.25793151299351,84.24657534246592,78.76712328767093,38.08049535603708,35.254474061768285,16.55450874831764,15.477792732166824
10/25/2021,1.1606,1.1644,1.1666,1.159,-0.35%,1.1607699999999999,1.171475,0.0,1.1615448082564916,1.1647015394671534,1.1827562782911158,0.6853474451288295,-1.6607354685646367,0.00550000000000006,-0.020199999999999996,45.878512588768224,42.951361142690374,49.95969827867104,56.16438356164394,68.94977168949744,25.386996904024727,31.013554330589553,11.036339165545094,13.548676536563425
10/26/2021,1.1595,1.1607,1.1627,1.1585,-0.09%,1.1614499999999999,1.1710333333333334,0.0,1.1611730249371295,1.1643659562757243,1.1825221657432525,0.02587991718426216,-1.862039779940755,0.006799999999999917,-0.02069999999999994,43.6797654395333,42.29869922443753,49.87988729941543,47.55244755244704,62.65446881885227,22.977346278316833,28.814946179459554,9.555854643337689,12.38223418573348
10/27/2021,1.1604,1.1597,1.1627,1.1585,0.08%,1.16157,1.1706483333333333,0.0,1.1610324749485605,1.1641100881289033,1.1822994958130078,0.08625150940142418,-1.3600816048962763,0.0012000000000000899,-0.021099999999999897,46.0311125237806,43.03138887072021,49.94563968159335,33.33333333333408,45.683388149141656,26.845637583892795,25.069993588744794,10.76716016150744,10.45311799013008
10/28/2021,1.1679,1.1606,1.1693,1.1582,0.65%,1.16242,1.1703933333333334,0.0,1.1622811158670039,1.1643545985722,1.1821545748599867,0.6810344827586223,-0.3923240938166447,0.008499999999999952,-0.008499999999999952,61.07742543409298,48.65219195330227,50.48963015795805,88.52459016393385,56.47012368323829,58.27067669172884,36.031220184646166,20.86137281292044,13.728129205921862
10/29/2021,1.1561,1.1679,1.1691,1.1534,-1.01%,1.1620300000000001,1.1700616666666666,0.0,1.1611572766184577,1.1638220438256062,1.1818923835132584,-0.4134723059695183,-1.398720682302788,-0.0039000000000000146,-0.016400000000000192,41.06385493599206,41.920380339176994,49.636629573896805,16.981132075471198,46.27968519091302,15.879828326179545,33.66538086726707,4.979811574696937,12.202781516374946
11/01/2021,1.1606,1.1559,1.161,1.1546,0.39%,1.162,1.1698433333333333,0.0,1.16105595359692,1.1636141700304057,1.1816781390489273,-0.2235213204951802,-0.9980380448690457,-0.00029999999999996696,-0.011900000000000022,48.249218723323146,44.92662943069654,49.960645430513274,45.28301886792506,50.26291370244334,35.193133047210424,36.44787935503961,11.036339165545094,12.292507851054163
11/02/2021,1.1577,1.1605,1.1614,1.1574,-0.25%,1.1614499999999999,1.1696083333333334,0.0,1.1604457802156618,1.1632326106736053,1.1814368974138825,-0.6180788050476518,-0.932740030806104,-0.00550000000000006,-0.014599999999999946,44.37529337846232,43.428048326676844,49.75332790510469,27.044025157232475,29.769392033542886,22.74678111587935,24.60658082975645,7.1332436069984855,7.716464782413511
11/03/2021,1.161,1.1579,1.1617,1.1562,0.29%,1.1610600000000002,1.1693966666666666,0.0,1.1605465474491778,1.1630885712753083,1.1812313066019149,-0.09465622579811367,-1.0736196319018358,-0.0039000000000000146,-0.007600000000000051,49.50167965282478,45.565469442540305,49.99065754571538,47.79874213836502,40.04192872117416,37.885462555065914,31.94179223938524,11.574697173620407,9.914759982054669
11/04/2021,1.1552,1.1612,1.1618,1.1528,-0.50%,1.16037,1.1691049999999998,0.0,1.1595744479129635,1.1625796311930303,1.1809694659126841,-0.815660685154981,-1.3829605600136583,-0.006899999999999906,-0.018399999999999972,41.95142122930528,42.63654448934047,49.57702366750008,14.545454545454325,29.796073947017245,12.44444444444408,24.358896038463126,3.768506056527484,7.492148945715466
11/05/2021,1.1566,1.1553,1.1574,1.1513,0.12%,1.1595600000000001,1.16873,0.0,1.1590336392015157,1.1621938485354155,1.1807243677312333,-0.3446493193175946,-1.0945784162818475,-0.008099999999999996,-0.014799999999999924,44.23270339773893,43.54272682540798,49.67803307462928,29.44444444444488,30.59621370942138,24.651162790697974,24.993689930069333,7.029177718833009,7.457460316326973
11/08/2021,1.1586,1.1555,1.1595,1.155,0.17%,1.15936,1.1684116666666668,0.0,1.158954795710331,1.1619619873395823,1.1805018737181703,-0.07761966364811565,-0.8132865336871709,-0.0020000000000000018,-0.01079999999999992,47.5072146201958,44.830688871887894,49.8223517475615,40.55555555555599,28.181818181818368,38.21989528795832,25.105167507700134,9.681697612732219,6.826460462697576
11/09/2021,1.1591,1.1589,1.161,1.157,0.04%,1.15932,1.1682166666666667,0.0,1.1589811964902708,1.161777342995093,1.1802866683450834,-0.11203033436746627,-0.0344976282880514,-0.00039999999999995595,-0.008999999999999897,48.34965202620921,45.15427449548742,49.85848269238144,43.33333333333346,37.777777777778084,43.33333333333346,35.40146380399659,10.344827586206948,9.018567639257398
11/10/2021,1.1478,1.1593,1.1597,1.1475,-0.97%,1.1580599999999999,1.16783,0.0,1.156948251673858,1.1608755789308935,1.1799600347853805,-1.7210377600821996,-0.8893877903462547,-0.012600000000000167,-0.011700000000000044,34.46164430016121,39.70908240863088,49.05616209381603,1.3761467889906716,28.421678559293344,1.3761467889906716,27.643125136760826,0.3787878787878374,6.801771025909008
11/11/2021,1.145,1.1482,1.1489,1.1443,-0.24%,1.15577,1.1674566666666666,0.0,1.154775842278611,1.1598513480321262,1.179608569641701,-0.9601245566992378,-1.2420217353803664,-0.02289999999999992,-0.01309999999999989,31.93604307028849,38.51842797123495,48.86035787934583,2.822580645160987,15.844020255828342,2.799999999999702,15.836493374107953,0.8495145631067045,3.8577100093671692
11/12/2021,1.145,1.1454,1.1463,1.1433,0.00%,1.15466,1.1670466666666668,0.0,1.1529984164097726,1.1588931965461826,1.1792606737621794,-1.344132345338623,-1.471474055589011,-0.011099999999999888,-0.014399999999999968,31.936043070288477,38.51842797123494,48.86035787934583,9.189189189189397,4.4626388744469905,6.538461538461666,3.57153610915069,2.0383693045563986,1.0888905821503194
11/15/2021,1.1367,1.1452,1.1465,1.1355,-0.72%,1.1522700000000001,1.16642,0.0,1.1500350679716322,1.1574613774141709,1.178832884569147,-1.8139414356050714,-1.9748189030700174,-0.023900000000000032,-0.025399999999999867,25.182119918917167,35.17285800510368,48.28332634380142,4.562737642585895,5.524835825645398,3.550295857988426,4.296252465483274,1.3157894736843099,1.4012244471158104
11/16/2021,1.1319,1.1368,1.1387,1.1309,-0.42%,1.14969,1.1656966666666666,0.0,1.146737782885881,1.1558122562906756,1.1783611967214112,-2.506459948320424,-2.0508826583592987,-0.025800000000000045,-0.027700000000000058,22.169456029001935,33.43547540792022,47.95416464185962,3.236245954692208,5.662724262155805,2.6041666666663805,4.2309746877055,1.0438413361167966,1.4660000381191745
11/17/2021,1.1319,1.1321,1.1333,1.1264,0.00%,1.14678,1.1649450000000001,0.0,1.1440400041793573,1.1542695300783736,1.1778942961575953,-2.0169667590027784,-2.0000000000000107,-0.029100000000000126,-0.023700000000000054,22.169456029001935,33.43547540792022,47.95416464185962,15.536723163841407,7.778568920373142,12.82051282051246,6.3249917817224315,5.483549351944015,2.6143933872483798
11/18/2021,1.1369,1.1319,1.1375,1.1313,0.44%,1.1449500000000001,1.16431,0.0,1.1427418216012923,1.1531489152346077,1.1774823746734286,-1.7032681998962518,-1.7117662315207087,-0.018299999999999983,-0.018100000000000005,32.54718286239667,36.909455796103416,48.32482545567834,30.346820809248452,16.37326330926066,24.475524475524406,13.30006798756776,10.468594217347928,5.665328301802919
11/19/2021,1.1288,1.1371,1.1374,1.125,-0.71%,1.14217,1.1634683333333333,0.0,1.140206944946512,1.151578017477536,1.1769932492930124,-2.5720697393405874,-2.276859146394251,-0.027800000000000047,-0.027900000000000036,26.247570986279797,33.94089410966231,47.77090665090468,10.555555555555616,18.81303317621513,8.577878103837529,15.291305133291475,3.7364798426745613,6.562874470655507
11/22/2021,1.1234,1.1292,1.1292,1.123,-0.48%,1.13865,1.1625333333333334,0.0,1.137151136774419,1.149760080866082,1.176454835229431,-3.0799758433267246,-2.5418582458575605,-0.03520000000000012,-0.03170000000000006,22.956267714926256,32.157206683515895,47.4068220436811,1.0526315789472516,13.985002647917078,0.8639308855290623,11.305777821630343,0.38572806171644775,4.863600707246319
11/23/2021,1.1246,1.1237,1.1275,1.1226,0.11%,1.1351999999999998,1.1615983333333335,0.0,1.1348691119063428,1.1481368498424638,1.175933935836658,-2.021258058895268,-2.9848171152518947,-0.034499999999999975,-0.028100000000000014,25.270029118990024,32.96703810696249,47.496192513010016,5.390835579514842,5.66634090467254,4.282655246252684,4.574821411873103,1.921229586935643,2.0144791637755572
11/24/2021,1.1197,1.1248,1.1256,1.1186,-0.44%,1.13239,1.1605316666666667,0.0,1.132111091559735,1.1463022143687565,1.1753691006045237,-2.2096069868995722,-3.424184923236163,-0.028100000000000014,-0.03950000000000009,22.239744773225752,31.38453457903664,47.1672673535273,3.6303630363032315,3.357943398255079,2.169625246548086,2.4387371261099546,1.017576318223756,1.108177988958622
11/25/2021,1.1206,1.1198,1.1231,1.1198,0.08%,1.1299499999999998,1.15942,0.0,1.1300181658216015,1.144644006990127,1.1748190305204647,-2.131004366812225,-3.396551724137921,-0.024399999999999977,-0.038799999999999946,24.097287684406453,32.00470819330401,47.23472169076343,7.168458781362004,5.396552465726663,3.9447731755424127,3.465684556114405,1.8501387604070347,1.5963148885221512
11/26/2021,1.1317,1.1209,1.1332,1.1205,0.99%,1.12862,1.1584783333333335,0.0,1.1303239538540375,1.1438089097649573,1.1743860075500054,-0.4398697985396424,-2.5152898613145074,-0.01330000000000009,-0.028299999999999992,42.81657472161422,39.03503227991234,48.056762184384205,46.95340501792069,19.25074227852861,25.83826429980256,10.650887573964363,12.118408880665964,4.995374653098925
11/29/2021,1.1291,1.1309,1.1316,1.1258,-0.23%,1.12786,1.1575166666666665,0.0,1.130101416789667,1.1428599478446375,1.1739312646590971,-0.2473716759430969,-2.9315680880330137,-0.007600000000000051,-0.03180000000000005,40.234110728322314,38.080966986208196,47.881157173483786,52.238805970149,35.45355658981054,20.710059171597557,16.83103221564752,9.71322849213688,7.8939253777366325
11/30/2021,1.1336,1.1291,1.1384,1.1235,0.40%,1.12803,1.1566783333333333,0.0,1.1307375228279095,1.1422625318546609,1.1735263121791981,0.15018994610831654,-2.6869259163876817,0.0017000000000000348,-0.02960000000000007,46.4458361856753,40.676993538986764,48.21034329323444,75.75757575757511,58.316595581881565,29.585798816567877,25.37804076265601,13.876040703052656,11.902559358618506
12/01/2021,1.1319,1.1339,1.1361,1.1302,-0.15%,1.12803,1.1558549999999999,0.0,1.1309488823137441,1.1415939814124247,1.1731083943527174,-0.43979241797872415,-2.5987436537303163,0.0,-0.03300000000000014,44.50426037410817,40.021248131041304,48.09500856852168,67.17171717171637,65.05603296648013,26.23274161735676,25.509533201840743,12.303422756706645,11.964230650632066
12/02/2021,1.1299,1.132,1.1349,1.1294,-0.18%,1.12733,1.1549783333333332,0.0,1.130758176438518,1.1408395309987198,1.1726746316374161,0.0974486180014067,-2.987893878251924,-0.007000000000000117,-0.032200000000000006,42.198354136494906,39.25115511522353,47.959348781694054,57.07070707070627,66.66666666666588,22.287968441814346,26.03550295857967,10.45328399629961,12.210915818686312
12/03/2021,1.1313,1.1301,1.1334,1.1266,0.12%,1.12758,1.1541433333333335,0.0,1.1308566898133328,1.1402240773858991,1.1722593145950961,0.7032223606907618,-2.5245562640013874,0.0024999999999999467,-0.033400000000000096,44.43747511893689,40.08599313189154,48.062412985324414,64.14141414141368,62.79461279461208,25.049309664694164,24.5233399079551,11.748381128584597,11.50169596053029
12/06/2021,1.1285,1.1321,1.1321,1.1266,-0.25%,1.1280899999999998,1.1532716666666667,0.0,1.130428200756363,1.1394676852964862,1.1718200987179908,0.3467899697670296,-2.6735661923242704,0.0051000000000001044,-0.03210000000000002,40.91530271751477,38.97775207696116,47.871844009068674,50.0,57.07070707070662,19.526627218934962,22.287968441814503,9.15818686401483,10.453283996299685
12/07/2021,1.1263,1.1287,1.1301,1.1228,-0.19%,1.12826,1.1523733333333332,0.0,1.1296776188006608,1.138618157212842,1.171363249374532,0.5894436009645585,-2.9386418476387464,0.0017000000000000348,-0.033199999999999896,38.26734123254113,38.12111843312898,47.722423336214035,38.888888888889014,51.01010101010087,15.187376725838353,19.92110453648917,7.123034227567114,9.34320074005552
12/08/2021,1.1342,1.1268,1.1355,1.1265,0.70%,1.12971,1.151585,0.0,1.1304998699278133,1.1383331148120135,1.1709903031990363,1.2136355523826572,-2.885521020635315,0.01450000000000018,-0.0262,50.93646622958764,42.79164120898399,48.304744463647026,77.41935483870999,55.43608124253297,30.769230769230905,21.827744904668084,14.43108233117491,10.237434474252291
12/09/2021,1.1292,1.1342,1.1348,1.1278,-0.44%,1.13057,1.1507983333333334,0.0,1.130263529940938,1.1377438815983352,1.1705709586101176,-0.22090660068922388,-2.3267883401089806,0.008599999999999941,-0.03869999999999996,44.512360652812646,40.776527986590196,47.964892015292634,48.6033519553068,54.97053189430191,20.99009900990088,22.315568834990057,9.80573543015722,10.453283996299755
12/10/2021,1.1311,1.1293,1.1325,1.1265,0.17%,1.13051,1.1501083333333333,0.0,1.130415615406222,1.1373152440758618,1.1701749208376018,0.17713222920910476,-2.5417887299672652,-0.0005999999999999339,-0.02499999999999991,47.31772618089694,41.85293169595314,48.104333572236214,53.205128205127835,59.742611666381514,28.935185185185148,26.898171654772323,11.563367252543914,11.933395004625353
12/13/2021,1.1283,1.1317,1.1321,1.126,-0.25%,1.13043,1.1493716666666667,0.0,1.1300309580596362,1.1367336154258063,1.1697547975888536,-0.4675370501058452,-2.5395180098470993,-0.0007999999999999119,-0.032299999999999995,43.699993287153966,40.72452656431931,47.914164000787146,35.25641025641051,45.68829680561502,22.45370370370385,24.126329299596637,8.973172987974149,10.114091890225103
12/14/2021,1.1257,1.1285,1.1327,1.1253,-0.23%,1.12964,1.148595,0.0,1.1292435111397023,1.1360217692693027,1.1693128405342055,-0.54775156815973,-3.0404823428079335,-0.007900000000000018,-0.03200000000000003,40.50483548666424,39.69644088035738,47.738041978580696,21.80451127819461,36.75534991324429,16.435185185184952,22.608024691357993,6.567992599444859,9.034844279987647
12/15/2021,1.1285,1.126,1.13,1.1222,0.25%,1.1293,1.1479266666666665,0.0,1.1291083272961202,1.1355364938325734,1.1689034402057898,-0.1239047703336442,-2.3112880886426543,-0.0033999999999998476,-0.03249999999999997,45.2912459531261,41.346040480880475,47.94513842498198,47.368421052631845,34.80978086241229,22.916666666666764,20.601851851851865,9.15818686401483,8.233117483811286
12/16/2021,1.1328,1.1286,1.1361,1.1281,0.38%,1.12959,1.1472466666666667,0.0,1.1297795405150075,1.1353599458433752,1.1685413099502087,0.13259082471493477,-2.0577554902299884,0.0029000000000001247,-0.022399999999999975,51.89494001722276,43.78886156587159,48.261575609980525,76.25899280575486,48.477308378860414,33.49056603773583,24.28080596319586,13.135985198889925,9.620721554116544
12/17/2021,1.1239,1.133,1.1349,1.1235,-0.79%,1.12885,1.146455,0.0,1.1287105331486424,1.1346205944986412,1.168093577711175,-0.4076207354896021,-2.9949939582254594,-0.007400000000000073,-0.03270000000000017,40.61929196995958,40.20372710091822,47.65892043892585,12.230215827336762,45.2858765619078,12.499999999999673,22.9690775681341,4.902867715078508,9.065679925994427
12/20/2021,1.1275,1.1242,1.1305,1.1234,0.32%,1.12875,1.1457566666666668,0.0,1.1284904362125256,1.1341612013051805,1.1676864746876798,0.10654354967591831,-2.726253127426458,-0.001000000000000112,-0.031100000000000128,45.902122821963765,42.184443317284774,47.92328327353317,38.129496402876626,42.20623501198939,20.990566037735636,22.327044025157054,8.233117483811212,8.757323465926554
12/21/2021,1.1283,1.1277,1.1304,1.1261,0.07%,1.1289500000000001,1.145093333333333,0.0,1.128455811446612,1.1337830592854914,1.16729150841112,-0.520190442602717,-1.6989022477783458,0.0020000000000000018,-0.03079999999999994,47.064935497455686,42.62137049136097,47.981961381542256,43.884892086330815,31.41486810551471,23.600973236009885,19.03051309124841,8.973172987974149,7.369719395621296
12/22/2021,1.1324,1.1279,1.1343,1.1264,0.36%,1.12877,1.1446416666666666,0.0,1.1291729366381371,1.1336938296541694,1.1669416446998429,0.28338646829614694,-1.1004366812227024,-0.0018000000000000238,-0.015399999999999858,52.83760560821759,44.83176875624993,48.282115321917146,73.38129496402856,51.79856115107864,45.54455445544567,30.045364576397073,12.76595744680856,9.990749306197978
12/23/2021,1.1328,1.1325,1.1343,1.129,0.04%,1.12913,1.14422,0.0,1.1298324027039304,1.1336361632248682,1.166599326350589,0.15029617186809607,-1.0655021834061125,0.0036000000000000476,-0.012199999999999989,53.38861490542294,45.04542892842201,48.31135942058295,76.25899280575486,64.50839328537138,50.89605734767015,40.013861679708576,13.135985198889925,11.62503854455755
12/24/2021,1.1317,1.133,1.1345,1.1303,-0.10%,1.12919,1.1437583333333334,0.0,1.1301719658486702,1.133511249468425,1.166249437819756,0.30133829655232186,-0.4398697985396424,0.0005999999999999339,-0.01330000000000009,51.548400363215904,44.55454090380684,48.23597559610325,68.34532374100594,72.66187050359643,46.95340501792069,47.79800560701218,12.118408880665964,12.673450508788155
12/27/2021,1.1325,1.1318,1.1335,1.1303,0.07%,1.12961,1.143265,0.0,1.1305952447852756,1.1334460075672363,1.1659111031839722,0.6040685795505143,0.053008216273536184,0.0041999999999999815,-0.0041999999999999815,52.861360795039126,45.005432417046514,48.29494627445449,74.10071942446014,72.90167865707362,69.15422885572148,55.66789707377078,12.858464384828899,12.704286154794934
12/28/2021,1.1309,1.1329,1.1334,1.1289,-0.14%,1.1301299999999999,1.1427866666666666,0.0,1.1306506548243163,1.1332817490145113,1.1655601466812087,0.2126716880815204,-0.0883470271225276,0.0052000000000000934,-0.0009999999999998899,49.858923788127676,44.26073819774692,48.184608723051504,62.589928057553344,68.34532374100645,62.12121212121189,59.40961533161803,11.378353376503233,12.118408880666037
12/29/2021,1.1348,1.1311,1.137,1.1273,0.34%,1.13076,1.1424400000000001,0.0,1.131405081219895,1.1333797006909943,1.1652518251832655,0.17655367231638433,-0.1847128155510591,0.006299999999999972,0.0029000000000001247,56.543747411650436,46.493228950204625,48.47299731635001,83.82352941176492,73.50472563125943,81.81818181818161,71.03120759837167,14.98612395929696,13.07431390687637
12/30/2021,1.1323,1.1349,1.1361,1.1298,-0.22%,1.13071,1.1420616666666668,0.0,1.1315677937253685,1.133310042581898,1.1649215597596043,0.7473974552896331,0.31006378454996975,-0.0004999999999999449,-0.0045999999999999375,51.64013059369369,45.290320681779875,48.2998096196269,65.44117647058893,70.61821131330237,69.19191919191928,71.04377104377095,12.673450508788218,13.012642614862807
12/31/2021,1.1368,1.1324,1.1387,1.1303,0.40%,1.1320000000000001,1.14173,0.0,1.1325191039571196,1.1335352011250015,1.164639726926865,0.8248337028824911,1.1928075485134484,0.012900000000000134,0.008000000000000007,58.78812645422104,47.80491633866975,48.631826913895274,87.58169934640522,78.94880174291966,90.54726368159199,80.51912156389763,16.836262719703992,14.831945729263062
01/03/2022,1.1294,1.1366,1.1381,1.128,-0.65%,1.13219,1.1413016666666667,0.0,1.1319519941467344,1.1332684139556466,1.1642865815076107,0.09749180182574481,0.4268184243286426,0.0019000000000000128,0.006000000000000005,46.287322845365566,44.33815405708691,48.12108662884283,26.19047619047518,59.73778400248975,53.73134328358168,71.15684205236433,9.990749306197905,13.16682084489671
01/04/2022,1.1285,1.1298,1.1324,1.1271,-0.08%,1.13221,1.1408983333333333,0.0,1.131324358847328,1.1329607743456047,1.163927981386652,-0.34440127163546574,0.7859248012860713,0.00019999999999997797,0.0039000000000000146,44.99439291425487,43.93727015476083,48.05939226172806,17.073170731707275,43.61511542286252,49.25373134328366,64.51077943615245,9.15818686401483,11.995066296638916
01/05/2022,1.1313,1.1287,1.1347,1.1277,0.25%,1.1320999999999999,1.1404333333333334,0.0,1.1313199299659955,1.1328536276136303,1.1636010550515115,-0.13241525423729317,0.9548456184186982,-0.001100000000000101,0.011600000000000055,49.83791738346972,45.5225167313093,48.266774751309946,36.20689655172381,26.490181157968724,60.84656084656075,54.6105451578087,11.748381128584597,10.299105766265782
01/06/2022,1.1291,1.1314,1.1332,1.1285,-0.19%,1.13173,1.1399283333333334,0.0,1.1309163063358145,1.1326114580901705,1.1632553849118425,-0.22974286471679206,-0.22974286471679206,-0.0037000000000000366,0.008499999999999952,46.28019652223981,44.49976964202877,48.11507398186911,17.24137931034476,23.507148864591915,47.25274725274694,52.45101314753046,9.71322849213688,10.20659882824544
01/07/2022,1.1359,1.1293,1.1366,1.129,0.60%,1.13215,1.1395266666666666,0.0,1.1318224324565753,1.132823622084353,1.1629813269582223,0.30022075055186287,0.6022495793109482,0.0041999999999999815,0.0041999999999999815,56.85722713906647,48.21955000171463,48.616751011653065,75.86206896551619,43.10344827586155,83.03030303030216,63.70987037653663,16.003700277520714,12.488436632747401
01/10/2022,1.1324,1.1353,1.1362,1.1285,-0.31%,1.1321400000000001,1.1390516666666668,0.0,1.131927444737198,1.1327962916272982,1.162674971023651,0.13263772216818964,-0.10585744530697493,-9.999999999998899e-05,0.0033000000000000806,51.10293612624402,46.558052452324674,48.37479400987005,45.68965517241429,46.26436781609171,61.81818181818189,64.03374403374367,12.76595744680856,12.827628738822057
01/11/2022,1.1364,1.1325,1.1376,1.1313,0.35%,1.13269,1.1386049999999999,0.0,1.132740636603162,1.1330287889416661,1.1624117728295027,0.14099400775467447,0.39756162205143303,0.00550000000000006,0.0028000000000001357,56.671341302253694,48.64991397305956,48.66822596151841,80.17241379310381,67.24137931034473,86.06060606060622,76.96969696969676,16.46623496762263,15.078630897317305
01/12/2022,1.1442,1.1366,1.1454,1.1354,0.69%,1.13363,1.1382599999999998,0.0,1.134824157220769,1.1337495122357524,1.1622293564360138,1.0509582266183892,1.2655987255509518,0.009400000000000075,0.0123000000000002,65.24644506209037,52.40780561174833,49.23372572426291,93.4426229508204,73.1015639721128,94.8275862068971,80.90212469522841,23.681776133210082,17.63798951588043
01/13/2022,1.1453,1.1443,1.1483,1.1435,0.10%,1.13493,1.13798,0.0,1.1367288559079018,1.1344947049947358,1.162059796454064,0.747712878254746,1.237514364006012,0.0129999999999999,0.01540000000000008,66.29178015307315,52.910550919639995,49.31286988121112,85.84905660377312,86.48803111589909,88.50574712643635,89.79797979797989,24.69935245143384,21.615787850755524
01/14/2022,1.1414,1.1454,1.1484,1.1398,-0.34%,1.13539,1.1375916666666668,0.0,1.1375781548337378,1.1349402078983013,1.1618528869160776,1.0625110678236243,1.1431103234381843,0.0045999999999999375,0.010099999999999998,59.268938794228006,50.93703280231951,49.040444975797,67.1361502347414,82.14260992977826,73.28244274809116,85.53859202714155,21.091581868640112,23.157570151094685
01/17/2022,1.1407,1.1414,1.1435,1.1391,-0.06%,1.13652,1.1372600000000002,0.0,1.1381457630457854,1.1353118073887334,1.161641052770815,1.08108108108108,1.2785225961111575,0.011300000000000088,0.012199999999999989,58.042653946136845,50.586691131277604,48.991622622776326,63.84976525821594,72.27832403224345,70.6106870229006,77.46629229914272,20.444033302497722,22.07832254085723
01/18/2022,1.1325,1.1409,1.1423,1.1314,-0.72%,1.13692,1.1368099999999999,1.0,1.1371192606738245,1.135130400460428,1.1613492404121186,0.10607265977195172,-0.1498853817668872,0.0040000000000000036,0.006199999999999983,45.728055654827486,46.694758143411015,48.424054254184796,23.188405797101932,51.39144043001972,39.31297709923655,61.06870229007611,12.858464384828899,18.13135985198892
01/19/2022,1.1341,1.1321,1.1357,1.1318,0.14%,1.1372,1.1363716666666666,1.0,1.1365703041876747,1.1350639230113682,1.1610763896005891,0.44283057302277173,0.4339355295784738,0.0028000000000001357,-9.999999999998899e-05,48.11466445713908,47.509904941648806,48.54096140531695,28.140703517588143,38.392958190968635,45.41984732824436,51.78117048346051,14.338575393154567,15.880357693493734
01/20/2022,1.131,1.1342,1.137,1.1303,-0.27%,1.1373900000000001,1.1357566666666665,1.0,1.1355575216080975,1.1348017344299894,1.1607752490548715,-0.4313760014085663,-0.00884095128635744,0.0019000000000000128,0.0018000000000000238,43.95364317480747,46.097029686869966,48.32765288115837,12.562814070351472,21.29730779501382,33.58778625954167,39.44020356234087,11.470860314523573,12.889300030835685
01/21/2022,1.134,1.1312,1.1361,1.1301,0.27%,1.1372000000000002,1.1353883333333334,1.0,1.1352743358611708,1.1347500096280547,1.1605071779490856,0.14129282938889293,0.5051847912788988,-0.0019000000000000128,0.0028999999999999027,48.722018665077734,47.6554128727935,48.54756151442706,27.638190954773016,22.78056951423751,45.03816793893057,41.34860050890554,14.246068455134022,13.351834720937392
01/24/2022,1.1323,1.1343,1.1346,1.129,-0.15%,1.13719,1.1349166666666666,1.0,1.134733547522776,1.1345919444907608,1.160224787924539,-0.3607884547694467,0.5863018566225603,-9.999999999998899e-05,0.0040000000000000036,46.244763299931854,46.86121984655385,48.43017863806523,17.010309278350856,19.070438101158416,38.549618320610676,39.05852417302765,12.673450508788218,12.796793092815276
01/25/2022,1.1299,1.1325,1.133,1.1263,-0.21%,1.13654,1.1344533333333333,1.0,1.133854720700453,1.1342892383945826,1.1599212164365642,-1.24978150672961,0.12405848471420874,-0.006500000000000172,0.0041999999999999815,42.82888723207836,45.74777330601149,48.26459963091742,16.2895927601802,20.312697664434655,29.38931297709854,37.659033078879936,10.45328399629961,12.457600986740621
01/26/2022,1.1237,1.1301,1.1311,1.1235,-0.55%,1.13449,1.1338316666666668,1.0,1.132008407845825,1.1336060617239643,1.1595586396480262,-1.8859687418143773,-0.8033192090395577,-0.020500000000000185,-0.0048000000000001375,35.33677329541666,43.01632615719436,47.83994366502756,0.8032128514055294,11.367704963312164,1.1999999999998614,23.0463104325697,4.717853839037825,9.281529448041889
01/27/2022,1.1143,1.124,1.1245,1.1132,-0.84%,1.1313900000000001,1.13315,0.0,1.1287886973284023,1.1323605093546762,1.1591056247497005,-2.3742772034343704,-0.8541685203309753,-0.030999999999999917,-0.01849999999999996,27.293676763347904,39.33300653606544,47.207053280822535,3.1250000000002762,6.739268537195302,3.1250000000002762,11.238104325699569,0.9691629955948031,5.380100276977418
01/28/2022,1.1143,1.1146,1.1174,1.1121,0.00%,1.12868,1.1324450000000001,0.0,1.1261543887232381,1.1311953152027618,1.1586571708464655,-2.3143683702989373,-1.1707317073170624,-0.027099999999999902,-0.009599999999999831,27.293676763347904,39.33300653606544,47.20705328082254,7.006369426751556,3.644860759385754,6.0606060606060055,3.461868686868724,1.9197207678882926,2.5355792008403117
01/31/2022,1.1233,1.1147,1.1248,1.1138,0.81%,1.12694,1.1318566666666667,0.0,1.1256354089553766,1.13068594002839,1.158303306084326,-0.8123620309050857,-0.4431445537534446,-0.017400000000000082,-0.0041999999999999815,42.7078755190183,44.22625290673041,47.873953892740786,37.08609271523137,15.739154047327702,30.85399449035779,13.346533516988032,9.773123909249472,4.220669224244194
02/01/2022,1.1269,1.1234,1.128,1.1221,0.32%,1.12638,1.1313199999999999,0.0,1.1258653345998535,1.13044168583301,1.1579890309813512,-0.6348646503835724,-0.4856941010243783,-0.005600000000000049,-0.0014000000000000679,47.64136876789238,46.0276087716034,48.13733037408006,59.43775100401595,34.510071048666255,40.771349862258745,25.895316804407525,12.914485165794021,8.202443280977267
02/02/2022,1.1303,1.127,1.1331,1.1266,0.30%,1.126,1.1310283333333333,0.0,1.1266716373998802,1.1304325448115256,1.1577119431784448,-0.06189213085764128,-0.2206920903954755,-0.0038000000000000256,-0.0020999999999999908,51.980576667578724,47.67861458714805,48.38487444632624,73.09236947791186,56.53873773238636,50.13774104683194,40.5876951331495,15.88132635253056,12.856311809191356
02/03/2022,1.1438,1.1306,1.1452,1.1267,1.19%,1.12728,1.1310083333333334,0.0,1.1297858851453564,1.1312949612752978,1.1575727324380167,0.8641975308642004,1.0691879473358665,0.012799999999999923,0.010999999999999899,64.83700590142811,53.518868668747494,49.34961859570121,95.7703927492445,76.1001710770574,87.32782369145961,59.412304866850114,27.661431064572326,18.81908086096564
02/04/2022,1.1446,1.1439,1.1485,1.1411,0.07%,1.1283400000000001,1.1310016666666667,0.0,1.1324793605734733,1.13215335087044,1.1574429272792628,1.0862845535635413,1.0684326710816776,0.010600000000000165,0.012900000000000134,65.44614108924684,53.834766770197284,49.405939269367956,89.28571428571425,86.04949217095684,89.28571428571425,75.58375967466861,28.35951134380456,23.967422920302486
02/07/2022,1.1442,1.1469,1.1469,1.1414,-0.03%,1.1295300000000001,1.1311266666666666,0.0,1.1346103859237509,1.1329305540400891,1.1573104259380633,1.2655987255509518,1.176054469891245,0.011900000000000022,0.011700000000000044,64.82229175441041,53.64618382228604,49.378348195603756,88.18681318681327,91.0809734072573,88.18681318681327,88.26678372132905,28.01047120418854,28.01047120418848
02/08/2022,1.1414,1.1443,1.145,1.1395,-0.24%,1.13068,1.1312849999999999,0.0,1.1358448612103416,1.1334769699084706,1.1571512438794473,1.5751535107235073,0.5816002819880101,0.011500000000000066,0.010499999999999954,60.34809797738133,52.31903207850506,49.18510775079169,80.49450549450519,85.98901098901088,80.49450549450519,85.98901098901091,25.56719022687603,27.31239092495638
02/09/2022,1.1422,1.1416,1.1449,1.1402,0.07%,1.13253,1.1314566666666666,1.0,1.1370003409902794,1.1340397460434077,1.1570016665047202,2.5038140536659816,0.8743265918926096,0.018500000000000183,0.007400000000000073,61.1983162340235,52.66514515744183,49.242146972298166,82.69230769230776,83.7912087912087,82.69230769230776,83.79120879120875,26.26527050610826,26.614310645724284
02/10/2022,1.1427,1.1429,1.1496,1.1374,0.04%,1.13537,1.1315533333333332,1.0,1.1380366426284103,1.1345984721051234,1.1568585954643167,2.5486852732657255,0.5190007037297691,0.02839999999999998,0.010399999999999965,61.767608617145235,52.886262993356326,49.277910195706546,81.60000000000018,81.59560439560435,81.60000000000018,81.59560439560438,26.701570680628283,26.178010471204193
02/11/2022,1.1349,1.1428,1.1431,1.133,-0.68%,1.13743,1.1316549999999999,1.0,1.1374663439686994,1.134617925517696,1.156638937785836,1.0326715926288663,0.48698423941916597,0.02059999999999995,-0.0019000000000000128,49.24421320412704,49.17886601856351,48.73949666029921,58.93854748603376,74.4102850594472,60.80000000000003,75.03076923076934,19.89528795811516,24.28737638161724
02/14/2022,1.1305,1.1344,1.137,1.128,-0.39%,1.13815,1.131773333333333,1.0,1.1361997359743903,1.1343522529036514,1.156377476891817,0.31946046676724177,0.1772264067346036,0.007200000000000095,0.001100000000000101,43.69185639219505,47.246124690645566,48.43944376070165,30.54545454545457,57.028000677162815,49.06666666666676,63.82222222222233,16.055846422338572,20.884235020360673
02/15/2022,1.1356,1.1307,1.1369,1.1302,0.45%,1.13902,1.1319566666666667,1.0,1.1360906930699557,1.1344327527163192,1.156169656183637,0.46890206139961604,0.38009369751612926,0.00869999999999993,0.007099999999999884,50.83160882082019,49.62018917822659,48.806578401709906,39.130434782608404,42.871478938032205,62.6666666666665,57.5111111111111,20.506108202443187,18.819080860965645
02/16/2022,1.1373,1.136,1.1397,1.1345,0.15%,1.13972,1.13225,1.0,1.1363105670572364,1.1346177364120404,1.155980927707512,-0.5682811680363657,0.7262421397573275,0.006999999999999895,0.006000000000000005,53.03708914012114,50.39004426696045,48.928405206681674,46.28820960698681,38.65469964501656,67.19999999999995,59.64444444444441,21.98952879581146,19.517161140197747
02/17/2022,1.136,1.1374,1.1387,1.1323,-0.11%,1.13894,1.1325066666666668,1.0,1.136254100319557,1.134706914708038,1.1557810949165597,-0.7513541848680904,0.008803591865480147,-0.007800000000000029,0.006899999999999906,51.08991717244031,49.7881829694355,48.83908133609416,37.03703703703696,40.818560475544025,63.73333333333305,64.53333333333318,20.855148342059206,21.116928446771286
02/18/2022,1.1321,1.1362,1.1378,1.1314,-0.34%,1.13769,1.1325133333333333,1.0,1.1354988093523648,1.134538726662358,1.155544268160228,-1.0575074287711939,-0.026492405510417424,-0.012499999999999956,-0.0037999999999998035,45.519349887933465,48.008611895672274,48.57172641194013,18.98148148148242,34.102242708502025,53.33333333333356,61.42222222222219,17.452006980802835,20.098894706224502
02/21/2022,1.131,1.1315,1.1391,1.1306,-0.10%,1.1363699999999999,1.1325450000000001,1.0,1.1346808440155711,1.1343104217163995,1.1552988214704043,-0.9111617312072863,-0.4751847940865955,-0.0132000000000001,-0.0014000000000000679,44.015329405346016,47.5131003637314,48.496471329062864,13.888888888889376,23.302469135802884,50.399999999999956,55.822222222222194,16.492146596858593,18.266433973240215
02/22/2022,1.1325,1.1312,1.1368,1.1288,0.13%,1.13548,1.1325266666666667,1.0,1.134284326921831,1.1341936203153415,1.1550708409120674,-0.8492383120294205,-1.0225485055060342,-0.008899999999999908,-0.0039000000000000146,46.684446850432664,48.266333995085915,48.60560118494574,20.83333333333406,17.90123456790192,54.40000000000013,52.71111111111122,17.801047120418854,17.24840023269343
02/23/2022,1.1309,1.1327,1.136,1.1301,-0.14%,1.13435,1.13251,1.0,1.1336689947542253,1.1339811286820938,1.1548291525632008,-1.0326419882733904,-1.257312494542912,-0.011300000000000088,-0.01330000000000009,44.187636568323505,47.513928936261,48.49544391132597,13.425925925926464,16.049382716049934,50.13333333333332,51.644444444444474,16.404886561954587,16.899360093077348
02/24/2022,1.1191,1.1313,1.1313,1.1106,-1.04%,1.13199,1.13233,0.0,1.1310200866170934,1.133021055863894,1.1544719081673465,-1.3921931447704676,-1.9537410198002443,-0.023600000000000065,-0.0262,30.722960611746927,42.463705803564515,47.694260546632236,26.15384615384603,20.137701804368817,21.794871794871714,42.10940170940173,7.321274763135195,13.84240281516955
02/25/2022,1.1267,1.1192,1.1275,1.1166,0.68%,1.13117,1.1322533333333333,0.0,1.1302346163230763,1.1326132458081588,1.1541942391672806,-0.33613445378151485,-1.2273165600070142,-0.008199999999999985,-0.014699999999999935,43.125293329855225,46.268845758358545,48.24769877494018,55.32646048109985,31.63541085362408,41.28205128205137,37.736752136752145,13.867355727820863,12.531172350970218
02/28/2022,1.1219,1.1179,1.1247,1.1122,-0.43%,1.1303100000000001,1.132143333333333,0.0,1.1287192315370624,1.1319220686592453,1.1538713704933032,-1.2064107079957773,-0.9359823399558644,-0.008600000000000163,-0.01880000000000015,38.31208182829623,44.352398967664364,47.92581883301176,38.831615120274584,40.10397391840679,28.974358974358687,30.683760683760596,9.73298880275614,10.307206431237404
03/01/2022,1.1126,1.1218,1.1234,1.109,-0.83%,1.1280100000000002,1.131915,0.0,1.1257884621666874,1.1306754835844552,1.1534587705835837,-2.1718104282071526,-1.895776386562038,-0.02299999999999991,-0.01990000000000003,30.890079152175318,40.952590530953074,47.3112083255455,11.72638436482102,35.29481998873178,8.866995073891749,26.374468443433944,3.0664395229983383,8.888928017858452
03/02/2022,1.1121,1.1127,1.1147,1.1057,-0.04%,1.12549,1.1315466666666665,0.0,1.1232996508636532,1.129477065288684,1.1530453163438135,-2.103873239436603,-1.6710875331564914,-0.02519999999999989,-0.02200000000000002,30.536691087897978,40.778737837213576,47.2784472901355,19.16167664670708,23.2398920439342,14.57858769931703,17.47331391585583,5.342237061769763,6.047221795841419
03/03/2022,1.1064,1.1118,1.1125,1.1033,-0.51%,1.12253,1.1311666666666667,0.0,1.1202269870702617,1.1279882223668334,1.1525790353996452,-2.270117480787921,-2.4338624338624206,-0.02959999999999985,-0.024599999999999955,26.67172022065877,38.834515004974094,46.906307085456646,8.659217877095246,13.182426296207751,6.695464362851193,10.04701571202,2.5368248772504916,3.648500487339536
03/04/2022,1.0926,1.1067,1.1069,1.0886,-1.25%,1.1185800000000001,1.130525,0.0,1.1152038985120323,1.1257051112463925,1.1519794941087282,-3.3952254641909803,-3.5061379493067264,-0.03950000000000009,-0.04139999999999988,19.89720707277165,34.691957441539486,46.024818642078095,7.92079207920793,11.913895534336723,6.55737704918034,9.277143037116197,2.9218407596785996,3.6003008995662893
03/07/2022,1.0852,1.0953,1.0953,1.0806,-0.68%,1.114,1.1298066666666668,0.0,1.1097486442371174,1.1230918782627544,1.1513120069062168,-4.1766004415011135,-3.9561023099389296,-0.04580000000000006,-0.04710000000000014,17.281868687818005,32.753803386900955,45.56336221712146,8.185053380782803,8.25502111236196,6.666666666666581,6.6398360262327145,3.174603174603131,2.8777562705107456
03/08/2022,1.0899,1.0855,1.096,1.0848,0.43%,1.10974,1.12921,0.0,1.1061397998303688,1.1209504667619314,1.150698197550023,-3.62543107259704,-3.0079202634154876,-0.04259999999999997,-0.039999999999999813,24.30345819254002,35.134809878758816,45.909542496042455,16.787003610108492,10.964283023366377,13.47826086956535,8.900768195137433,6.5400843881857105,4.212176107489152
03/09/2022,1.1075,1.0903,1.1096,1.089,1.61%,1.1074,1.12886,0.0,1.10638710895212,1.1200826947127749,1.1502664534303788,-1.0365472254490264,-0.6102485865565951,-0.023400000000000087,-0.016199999999999992,44.060623828435276,42.95866185721149,47.173847167137765,53.057199211045244,26.00975206731215,38.98550724637673,19.71014492753623,19.037508846425993,9.584065469738283
03/10/2022,1.0983,1.1075,1.1122,1.0976,-0.83%,1.10532,1.1282850000000002,0.0,1.1049167255062802,1.118677359570015,1.1497470980102114,-2.520635484157272,-1.4358790271919604,-0.02079999999999993,-0.016000000000000014,38.260562307303005,40.3282899745645,46.60159955364158,37.739872068230426,35.861358296461354,25.65217391304357,26.038647342995223,12.52653927813167,12.701377504247796
03/11/2022,1.0909,1.0984,1.1044,1.0902,-0.67%,1.10174,1.127735,0.0,1.102368229959684,1.1168852718558206,1.149159002832936,-2.763169622961041,-2.8843585863081977,-0.035800000000000054,-0.023400000000000087,34.2331158857215,38.373222161314075,46.14904986530145,23.356009070294714,38.051026783190096,14.927536231884034,26.521739130434792,7.289455060155681,12.951167728237786
03/14/2022,1.0939,1.0943,1.0995,1.0901,0.28%,1.09894,1.127175,0.0,1.100828551785196,1.115402351090929,1.1486067896403471,-1.6807477979507404,-2.9283876120330037,-0.027999999999999803,-0.02939999999999987,37.21035343104613,39.60120718160139,46.361281585154835,31.074766355140433,30.723549164555163,19.275362318840724,19.95169082125612,9.412597310686548,9.742863882991305
03/15/2022,1.0951,1.094,1.1021,1.0926,0.11%,1.0971899999999999,1.1266216666666666,0.0,1.0997869969151601,1.1140925219882885,1.1480721095853388,-1.5286395108353679,-3.1142174643899954,-0.01750000000000007,-0.03180000000000005,38.44875234693567,40.095141162506486,46.446130187377484,42.52199413489721,32.31758985344409,21.01449275362314,18.40579710144931,10.261854210898768,8.987968860580338
03/16/2022,1.1032,1.0956,1.1048,1.0949,0.74%,1.0962999999999998,1.126135,0.0,1.1004075429305857,1.1133897786342055,1.147623732800082,-0.28922631959509143,-3.54957160342717,-0.00890000000000013,-0.027100000000000124,46.38030365920353,43.331166752526514,47.01472408168737,70.84639498432578,48.14771849145444,32.75362318840575,24.347826086956548,16.25899280575536,11.977814775780232
03/17/2022,1.1089,1.1036,1.1139,1.1008,0.52%,1.0965500000000001,1.1257366666666668,0.0,1.1019516260341156,1.1131001154965148,1.1472368088862566,1.4918542925132694,-3.118993534859345,0.0024999999999999467,-0.03489999999999993,51.28827598726473,45.47532140172915,47.40962158246904,84.98498498498526,66.11779136806939,41.0144927536232,31.59420289855071,20.35971223021582,15.626853082289989
03/18/2022,1.1055,1.1091,1.112,1.1003,-0.31%,1.0978400000000001,1.1253,0.0,1.1025967849370037,1.1126097854644814,1.1468197959699622,1.8706229266494643,-3.382275825904577,0.012899999999999912,-0.039100000000000135,48.354823173798536,44.43781251458508,47.19873907247559,74.7747747747748,76.86871824802859,36.08695652173905,36.61835748792267,18.540580789277666,18.386428608416285
03/21/2022,1.1014,1.1059,1.1071,1.101,-0.37%,1.09946,1.1247816666666666,0.0,1.1023791876757303,1.1118865734990309,1.1463660032394336,1.055142673639769,-3.504468196951116,0.016199999999999992,-0.04280000000000017,44.91294886440762,43.208083972575984,46.945662812766,57.04467353951891,72.26814443309296,30.1449275362318,35.74879227053136,15.487714072970899,18.129335697488134
03/22/2022,1.1027,1.1018,1.1047,1.096,0.12%,1.1007399999999998,1.1243116666666666,0.0,1.1024375171892338,1.111293891337803,1.1459297506010382,-0.4334085778780962,-3.4582384871301075,0.012799999999999923,-0.03869999999999996,46.26056223656456,43.71894359008956,47.03616037642463,55.02008032128549,62.279842878526374,32.02898550724641,32.75362318840576,16.616541353383464,16.88161207187735
03/23/2022,1.1004,1.1027,1.1045,1.0964,-0.21%,1.1000299999999998,1.1237383333333333,0.0,1.102067059518464,1.1105910596385897,1.145474896263251,0.19120458891013298,-3.7017589918613814,-0.007099999999999884,-0.04180000000000006,44.13795346912986,43.01083370962068,46.89392945519879,43.27731092436997,51.780688261724755,28.69565217391312,30.289855072463784,16.486261448792693,16.196838958382358
03/24/2022,1.0996,1.1004,1.1014,1.0965,-0.07%,1.10016,1.1231933333333333,0.0,1.1016185032423795,1.1098819590167452,1.1450166121678016,0.7975066458887092,-3.1104062031897177,0.0012999999999998568,-0.04310000000000014,43.36889902578694,42.761620785693886,46.84441191966159,39.91596638655426,46.07111921073655,30.39999999999985,30.374879227053132,16.23931623931616,16.447373013830774
03/25/2022,1.0981,1.0994,1.1039,1.0979,-0.14%,1.10088,1.1225483333333335,0.0,1.1009787753801288,1.1091218326285681,1.1445479400371914,0.38394734436419975,-2.8659885006634216,0.007200000000000095,-0.036799999999999944,41.84976301445451,42.28637563726655,46.75138362581585,33.61344537815154,38.935574229691895,29.610829103215046,29.568827092376015,14.957264957265018,15.894280881791294
03/28/2022,1.0978,1.0989,1.1001,1.0944,-0.03%,1.10127,1.1220216666666665,0.0,1.1004008162201053,1.108391391813822,1.1440809711674234,0.24655282622592883,-3.328636843959126,0.0039000000000000146,-0.03269999999999995,41.52651842122941,42.189364906847594,46.73272905236935,24.413145539906687,32.64751910153746,29.10321489001713,29.704681331077353,14.70085470085479,15.299145299145328
03/29/2022,1.1085,1.098,1.1138,1.097,0.97%,1.1026099999999999,1.1216883333333334,0.0,1.1018733950891773,1.1083983987935753,1.1437255638333388,0.4804205946338001,-2.53231337378,0.013400000000000079,-0.027099999999999902,55.23034919186059,46.700906002037726,47.483872683385485,72.30769230769288,43.44476107525034,47.20812182741128,35.30738860688117,23.84615384615388,17.834757834757898
03/30/2022,1.1156,1.1087,1.1172,1.1083,0.64%,1.10385,1.1214266666666668,0.0,1.1043691414365995,1.1088630182262478,1.1434446370605045,0.6042023627017701,-1.795774647887322,0.012399999999999967,-0.021700000000000053,61.8263251690126,49.41092149522325,47.9731349133335,92.98245614035065,63.23443132931671,59.829059829059695,45.38013218216272,29.914529914529847,22.820512820512846
03/31/2022,1.1065,1.1158,1.1186,1.1061,-0.82%,1.1036100000000002,1.1210499999999999,0.0,1.104756570266309,1.1087105654374576,1.143075636718308,0.09045680687472744,-2.2612843388393307,-0.0023999999999999577,-0.02949999999999986,51.103962997200966,46.29025188724279,47.4042476390513,50.0,71.76338281601448,44.27350427350433,50.436895309991776,22.136752136752165,25.299145299145305
04/01/2022,1.1053,1.1065,1.1077,1.1027,-0.11%,1.10359,1.1205399999999999,0.0,1.1048553756724346,1.1084905289576217,1.142698350627618,0.3540947884510636,-2.2723253757736566,-0.00019999999999997797,-0.026800000000000157,49.83756220438264,45.89483811575003,47.32986353354771,45.04132231404922,62.674592818133256,42.22222222222213,48.77492877492873,21.666666666666597,24.57264957264954
04/04/2022,1.097,1.1039,1.1056,1.096,-0.75%,1.1031499999999999,1.11995,0.0,1.103427125550174,1.107749204508743,1.1422419530538543,-0.5169130316495909,-3.134657836644599,-0.0043999999999999595,-0.03400000000000003,41.86462820053278,43.25132329567658,46.819169995643534,10.743801652892298,35.261707988980476,29.181494661921644,38.559073719216045,14.551907719609552,19.451775507676107
04/05/2022,1.0903,1.0973,1.0989,1.09,-0.61%,1.1019100000000002,1.1191816666666667,0.0,1.1010403754501423,1.1066234493791467,1.141723218666297,-0.9178480552526352,-3.5900610133521944,-0.012399999999999967,-0.042200000000000015,36.61134024596614,41.26644042738155,46.412878952701945,1.048951048950935,18.944691671964122,17.509025270758233,29.63758071830068,8.786231884058004,15.00160209011139
04/06/2022,1.0893,1.0906,1.0939,1.0874,-0.09%,1.1008,1.1182666666666667,0.0,1.0989057617319347,1.1055058074837179,1.1411996971110843,-0.9367042560931226,-2.6628540791707667,-0.01110000000000011,-0.04160000000000008,35.864998939326,40.976095321821795,46.352541189990134,6.089743589743608,5.960832097195585,17.159763313609343,21.283427748763085,7.880434782608628,10.406191462092066
04/07/2022,1.0878,1.0893,1.0939,1.0865,-0.14%,1.09962,1.1173083333333333,0.0,1.0968865323261283,1.104363497323478,1.1406664433096674,-0.9379837901830411,-3.452560575130907,-0.01179999999999981,-0.031299999999999883,34.686495053769065,40.533561184743206,46.261875679731624,4.049844236760368,3.7295129584849422,15.351812366737963,16.673533650368523,6.521739130434866,7.729468599033837
04/08/2022,1.0876,1.0879,1.0892,1.0836,-0.02%,1.09857,1.1164116666666666,0.0,1.095198071903196,1.1032819813671244,1.1401365363970861,-0.9291309892512487,-3.0573134860504503,-0.010500000000000176,-0.039100000000000135,34.51845694034681,40.47327101523114,46.249753139434745,11.428571428571392,7.189386418358428,15.873015873015625,16.12819718445432,6.340579710144829,6.914251207729445
04/11/2022,1.0883,1.0935,1.0951,1.0873,0.06%,1.09762,1.1155383333333333,0.0,1.0939438770117058,1.102315401924084,1.1396189293595607,-1.8222823635543524,-2.184073341722091,-0.009500000000000064,-0.03359999999999985,35.72929476505722,40.7921327919896,46.29925205648683,13.428571428571798,9.635662364634491,17.99065420560759,16.4051608151204,6.974637681159453,6.612318840579721
04/12/2022,1.0826,1.0882,1.0905,1.0821,-0.52%,1.09503,1.1147066666666667,0.0,1.0918813539186685,1.101043440509627,1.1390495942028331,-2.9580494801003874,-2.652639151155479,-0.025900000000000034,-0.030000000000000027,30.608438813464048,39.03096860852566,45.95292839719217,1.3698630136984802,8.742335290280527,5.263157894736842,13.042275991120029,1.8115942028985514,5.042270531400949
04/13/2022,1.0885,1.083,1.0896,1.0808,0.54%,1.09232,1.1139466666666666,0.0,1.0912665622970923,1.1002341862831997,1.1385448730376335,-1.6267510167193868,-1.6178597252349987,-0.027099999999999902,-0.023600000000000065,40.42805555595032,41.72502060397687,46.370247299098885,20.37037037037045,11.722934937546881,20.789473684210556,14.681095261518339,7.155797101449288,5.314009661835769
04/14/2022,1.0827,1.0887,1.0925,1.0757,-0.53%,1.08994,1.1131416666666667,0.0,1.0897090055158027,1.0991029484584771,1.137987299439174,-2.0446937483036236,-0.9060955518945653,-0.023800000000000043,-0.023700000000000054,35.01572325715817,39.93068894431059,46.019182176418305,21.874999999999805,14.538411128022881,16.317016317016098,14.123215965321174,6.0711188204682545,5.012836708272036
04/15/2022,1.0806,1.0829,1.0831,1.0796,-0.19%,1.08747,1.1122516666666666,0.0,1.0880528226947477,1.0979092098482528,1.1374143452742536,-1.4949863263445735,-0.423884998157016,-0.024699999999999944,-0.01200000000000001,33.226224559068626,39.29771186768571,45.892749139930665,16.387959866220516,19.544443412196895,11.421911421911215,16.17613380771263,4.249783174327759,5.8255663654151055
04/18/2022,1.078,1.0805,1.0823,1.077,-0.24%,1.0855700000000001,1.1113466666666667,0.0,1.0862250367502482,1.0966247446967528,1.136821173119822,-1.1281298725121505,-1.0918432883750822,-0.018999999999999906,-0.007199999999999873,31.043727383800075,38.5157301065501,45.73639313804987,9.913793103448189,16.05891765655614,5.361305361305297,11.033411033410879,1.9947961838681436,4.105232726221391
04/19/2022,1.0786,1.0783,1.0815,1.0761,0.06%,1.0844,1.1104916666666667,0.0,1.0848386664320213,1.0954618579421236,1.136239932596496,-0.9822821995777044,-2.609480812641077,-0.011700000000000044,-0.011300000000000088,32.185890549463195,38.80642429525772,45.77923722845251,14.948453608247029,13.750068859305216,6.759906759906542,7.847707847707693,2.5151777970510873,2.9199190517490017
04/20/2022,1.085,1.0788,1.0867,1.0784,0.59%,1.0839699999999999,1.1098466666666666,0.0,1.0848679998080173,1.0947868993652123,1.1357284049380385,-0.25740025740026984,-1.2109623964308558,-0.0042999999999999705,-0.022499999999999964,43.3138931287869,41.840623246245656,46.23432276476029,47.938144329896545,24.266797013863894,21.678321678321392,11.266511266511088,8.065915004336398,4.1919629950852135
04/21/2022,1.0836,1.0853,1.0937,1.0824,-0.13%,1.08355,1.109335,0.0,1.0846374543883777,1.0940651639222954,1.135208024707524,-0.36778227289444687,-0.6691722431020336,-0.004200000000000204,-0.014700000000000157,41.6526053194136,41.37636262220774,46.149166568707095,40.72164948453532,34.53608247422627,18.414918414917967,15.61771561771531,6.85169124024267,5.8109280138767225
04/22/2022,1.0794,1.0838,1.0852,1.077,-0.39%,1.08273,1.1087533333333333,0.0,1.083685189954127,1.0931190243144053,1.1346509301347976,-0.8177892125333208,-1.3255324984002357,-0.008199999999999985,-0.011500000000000066,36.9310213144143,39.998972228951445,45.89430244836486,19.072164948452787,35.910652920961525,8.624708624708205,16.239316239315865,3.209019947961679,6.0422087308469195
04/25/2022,1.0711,1.0842,1.0843,1.0697,-0.77%,1.0810099999999998,1.1078833333333333,0.0,1.0813969735988314,1.0916984421005727,1.1340165636184463,-1.062257528172923,-2.191580677563695,-0.017200000000000104,-0.022800000000000153,29.57074513760594,37.45031036667167,45.39636857392557,5.83333333333274,21.87571592210692,2.862985685071263,9.967537574899156,1.154163231656922,3.7382914732870947
04/26/2022,1.0636,1.0713,1.074,1.0636,-0.70%,1.07911,1.1068283333333333,0.0,1.0781611602172259,1.0898856393844067,1.1333136865561328,-2.2875516766191937,-3.5895576504713436,-0.018999999999999906,-0.03149999999999986,24.640268645247957,35.34508384763947,44.953437755678046,0.0,8.301832760595147,0.0,3.8292314365931666,0.0,1.4543943932062044
04/27/2022,1.0555,1.0638,1.0656,1.0514,-0.76%,1.0758100000000002,1.1055816666666665,0.0,1.0740409492686394,1.0876672110370256,1.132536998054982,-2.512237923709235,-4.815583010190269,-0.03299999999999992,-0.047699999999999854,20.532155352858624,33.25643190201177,44.4823485331757,9.69267139479956,5.175334909377405,6.101190476190782,2.9880587204206925,2.9369627507164826,1.3637086607911388
04/28/2022,1.0494,1.0557,1.0566,1.0471,-0.58%,1.07248,1.1040083333333333,0.0,1.0695607766743414,1.0851983587120562,1.131707201361106,-2.887284841754571,-5.074626865671625,-0.033299999999999885,-0.059499999999999886,18.018438118525964,31.792793419108165,44.132307761411276,4.9356223175969784,4.876097904132151,3.2167832167834782,3.1059912309914304,1.5983321751217434,1.511764975279413
04/29/2022,1.0541,1.0498,1.0593,1.0491,0.45%,1.06983,1.1025,0.0,1.0667497263699155,1.0831920129886978,1.130932621866286,-2.2170686456400768,-4.294534229162875,-0.026499999999999968,-0.05139999999999989,25.795857942931818,34.10435856523958,44.47068270806729,15.021459227468071,9.883250979954841,9.790209790209937,6.369394494394743,4.86448922863107,3.133261384823103
05/02/2022,1.0504,1.055,1.0569,1.049,-0.35%,1.06707,1.1009366666666667,0.0,1.0637770488481126,1.0810763992474917,1.1301288689574063,-2.614500278138328,-4.742903781626917,-0.02760000000000007,-0.050999999999999934,23.819299346673645,33.188372323276255,44.258594816404134,7.081545064377859,9.01287553648094,4.615384615384721,5.874125874126055,2.2932592077832368,2.918693537178688
05/03/2022,1.052,1.0502,1.0579,1.0492,0.15%,1.06441,1.0994466666666667,0.0,1.0616357672393648,1.0792005025218472,1.1293491301769278,-3.041474654377873,-4.398400581606688,-0.026599999999999957,-0.05069999999999997,26.524371033116836,33.98157783053897,44.37389126663479,10.515021459227745,10.872675250357863,6.8531468531470185,7.086247086247236,3.4051424600417803,3.5209636321520335
05/04/2022,1.0621,1.0516,1.0631,1.0505,0.96%,1.0621200000000002,1.0981116666666666,0.0,1.0617201731958439,1.0780972442946313,1.1286779930295718,-1.9841269841269709,-3.4103310294652482,-0.02289999999999992,-0.0383,41.17495580957461,38.73159207300419,45.09438972711097,32.188841201717025,16.59513590844085,20.97902097902112,10.815850815850963,10.423905489923635,5.374102385916221
05/05/2022,1.054,1.0623,1.0643,1.0493,-0.76%,1.0591599999999999,1.0966333333333333,0.0,1.060316505342054,1.076542583372397,1.1279327389147311,-2.3531591624976715,-4.016027684181771,-0.02959999999999985,-0.04559999999999986,34.9628407000979,36.549855378541565,44.628474416410526,18.110236220472768,20.271366293805816,9.650349650349813,12.49417249417266,4.794996525364921,6.208014825110116
05/06/2022,1.0551,1.0544,1.0601,1.0482,0.10%,1.0567300000000002,1.0953033333333335,0.0,1.0593680498253168,1.0751591908967584,1.1272059209487422,-1.4937914293716754,-3.889597376571341,-0.02429999999999999,-0.04300000000000015,36.410469218085794,37.04802503328623,44.706447291626496,21.50537634408597,23.934817922091895,11.188811188811181,13.93939393939405,5.559416261292563,6.92610609219371
05/09/2022,1.0555,1.0551,1.0594,1.0495,0.04%,1.05517,1.0940533333333335,0.0,1.0586647680388956,1.0738908560001932,1.1264903685798024,-0.7615644979315528,-4.781235904375276,-0.015599999999999836,-0.042300000000000004,36.977253358555345,37.23340541958072,44.7348887808983,31.226765799257024,23.61412612127189,11.748251748251988,10.862470862471005,5.8373870743573155,5.397266620338271
05/10/2022,1.0527,1.0557,1.0586,1.0525,-0.27%,1.0540800000000001,1.0926716666666667,0.0,1.0575802647590964,1.072523704000181,1.1257540366975154,-0.2652771198484259,-5.638221584797415,-0.010900000000000132,-0.05580000000000007,34.58000695398286,36.45600495709254,44.57359024915972,30.270270270270238,27.667470804537714,7.8321678321678885,10.256410256410364,3.8915913829048256,5.096131572851571
05/11/2022,1.0511,1.0529,1.0578,1.0502,-0.15%,1.0536400000000001,1.091235,0.0,1.056402034802897,1.0711415295485565,1.1250091077244484,0.1619973318086347,-5.006778129236341,-0.0044000000000001815,-0.0645,33.21289463546006,36.011538572620225,44.48148122875569,23.255813953488254,28.250950007671808,5.594405594405591,8.391608391608498,2.7797081306462816,4.169562195969478
05/12/2022,1.0379,1.0512,1.053,1.0354,-1.26%,1.05249,1.0896000000000001,0.0,1.0530380284750975,1.0689969147389722,1.124139921363444,-1.5368560857603635,-6.097891975029395,-0.011500000000000066,-0.0686,24.378190263584415,32.6176348540795,43.732179835284555,8.650519031141707,20.72553441830004,3.457814661134099,5.6281293625692035,1.6066838046272156,2.7593277727261114
05/13/2022,1.0411,1.0379,1.0421,1.0349,0.31%,1.0511899999999998,1.0880833333333333,0.0,1.0508674778432616,1.0671971137880707,1.1233113609944758,-0.8853769992383936,-5.095715587967189,-0.013000000000000123,-0.06420000000000003,29.434256484852284,34.173450853672236,43.96217121882101,21.088435374149537,17.664922786259805,8.769448373408748,5.94055620964949,3.971812940422792,2.7860682918987663
05/16/2022,1.0431,1.0405,1.0444,1.0389,0.19%,1.05046,1.0866183333333332,0.0,1.0494552091444869,1.0656424612856144,1.1225110456876781,-0.84600760456275,-4.329083738420629,-0.007300000000000084,-0.05390000000000006,32.56528292221867,35.1416861503279,44.10567921313187,27.891156462584892,19.21003695595868,12.812499999999966,8.346587678180947,5.253042921204342,3.610513222084787
05/17/2022,1.0547,1.0434,1.0556,1.0429,1.11%,1.0507300000000002,1.0853216666666665,0.0,1.0504088074818527,1.0649364960413812,1.121834474016223,-0.696732887675367,-3.1763517855503505,0.0026999999999999247,-0.035600000000000076,47.56007260423589,40.40145579162287,44.92779347977144,67.34693877551013,38.77551020408149,32.89036544850503,18.157437940637923,12.684176809737362,7.303010890454836
05/18/2022,1.0466,1.0549,1.0564,1.046,-0.77%,1.04918,1.0839166666666666,0.0,1.0497162970306069,1.063753496296776,1.1210838568267414,-0.7020872865275212,-3.7874609303180846,-0.01550000000000007,-0.04269999999999996,40.56224357249619,38.16569890888013,44.468781855984425,39.795918367346964,45.01133786848063,19.43521594684392,21.712693798449646,7.495195387572092,8.47747170617127
05/19/2022,1.0586,1.047,1.0608,1.0461,1.15%,1.0496400000000001,1.0829083333333334,0.0,1.0513315157523146,1.0634210126647259,1.1204604697265852,0.33172211164819054,-2.6664214784847293,0.0045999999999999375,-0.029200000000000115,52.1512270055876,42.99987898089843,45.30085645913142,91.5057915057916,66.21621621621621,39.368770764119674,30.564784053156217,15.182575272261392,11.787315823190285
05/20/2022,1.056,1.0586,1.06,1.0532,-0.25%,1.0497299999999998,1.08173,0.0,1.0521803310700757,1.0629422376540985,1.1198173794690212,0.04737091425863997,-2.9679316364972887,0.0009000000000001229,-0.03159999999999985,49.81305886912224,42.25936762978504,45.15352829432781,81.46718146718182,70.92296378010677,35.04983388704337,31.28460686600233,13.51697629724542,12.06491565235964
05/23/2022,1.0689,1.0572,1.0699,1.0558,1.22%,1.05107,1.0808466666666665,0.0,1.0552202708755165,1.06332660941835,1.1193094152692273,1.5388999715018516,-1.2654720118233924,0.013399999999999856,-0.019400000000000084,59.759145801736885,46.948592072069495,46.02878380228264,97.14285714285683,90.03861003861006,57.82312925170076,44.080577967621274,21.780909673286356,16.826820414264393
05/24/2022,1.0734,1.069,1.0749,1.0661,0.42%,1.05314,1.0801933333333333,0.0,1.058525676170877,1.0639765055849082,1.118851423647663,2.1215869089525246,-1.387230133210851,0.02069999999999994,-0.009200000000000097,62.62971627595244,48.459081527813424,46.32906287019594,96.24999999999986,91.62001287001281,65.47619047619048,52.78305120497822,24.66367713004481,19.987187700192198
05/25/2022,1.068,1.0735,1.074,1.0642,-0.50%,1.05483,1.0794583333333334,0.0,1.0602482805034448,1.0642360858697528,1.118344143681722,2.9000867135562207,-1.3577168190634465,0.016900000000000137,-0.020499999999999963,57.190187488893606,46.80477696797571,46.02026793915098,82.75000000000024,92.04761904761894,56.29251700680298,59.863945578231416,21.20435618193472,22.5496476617553
05/26/2022,1.0724,1.0684,1.0732,1.0662,0.41%,1.05828,1.0788916666666666,0.0,1.062457684048273,1.064762790007188,1.1178858290829463,3.0064355009125068,-0.7588376827688308,0.034499999999999975,-0.010299999999999976,60.31099813904546,48.292679539985116,46.31330272006351,93.75000000000013,90.9166666666667,63.77551020408182,61.84807256235843,24.023062139654105,23.297031817211217
05/27/2022,1.0727,1.0726,1.0766,1.0697,0.03%,1.06144,1.07856,0.0,1.0643199233122234,1.0652748680712405,1.1174350904014123,2.837695331224243,-0.4916512059369278,0.03160000000000007,-0.007900000000000018,60.52898407118778,48.39448938469711,46.33326633144845,89.65517241379308,88.71839080459779,64.28571428571442,61.45124716553308,24.21524663677132,23.147554986120053
05/30/2022,1.0777,1.0737,1.0787,1.0726,0.47%,1.0649,1.078435,0.0,1.0667526645281826,1.0660764894859993,1.117038733947267,2.1807148952308837,-0.08344149823844807,0.034600000000000186,-0.00029999999999996696,64.17295969067581,50.088855574919066,46.665471624257314,97.20670391061483,93.53729210813599,72.78911564625884,66.95011337868503,27.418321588725263,25.218876788383568
05/31/2022,1.0733,1.0779,1.078,1.0679,-0.41%,1.06676,1.0781583333333333,0.0,1.0679430891594222,1.0665425224223866,1.1166024520435687,2.5511179055990776,-1.0783410138248888,0.01859999999999995,-0.005300000000000082,58.859763715443705,48.6351794786045,46.41138284660143,83.48623853210985,90.1160382855059,65.30612244897962,67.46031746031764,24.59961563100574,25.41106128550078
06/01/2022,1.0646,1.0734,1.0739,1.0627,-0.81%,1.06856,1.0774433333333335,0.0,1.0673352547668,1.0664171983951358,1.1160837545093965,0.5667863215567736,-1.7534145441122102,0.018000000000000016,-0.020399999999999974,49.80105358703029,45.909830848737776,45.91458015801781,56.74846625766866,79.14713623346442,50.51020408163278,62.868480725623755,19.026265214606045,23.681400811445684
06/02/2022,1.0745,1.0649,1.0751,1.0644,0.93%,1.07015,1.0770466666666667,0.0,1.068637935718291,1.0669386694664174,1.1156689881399409,1.7518939393939357,-0.4539559014267097,0.015900000000000025,-0.009099999999999886,57.97810792954309,49.25706667084251,46.568686173782176,83.52941176470601,74.58803885149482,78.72763419483115,64.84798690848119,25.368353619474725,22.99807815502884
06/03/2022,1.0718,1.0747,1.0765,1.0704,-0.25%,1.07173,1.0767283333333333,0.0,1.0692128564967835,1.0672523036943904,1.1152314387981792,0.27130695107120634,0.06535337503502428,0.015800000000000036,-0.007599999999999829,55.25084346188613,48.411843454193445,46.414824610551385,69.86899563318808,70.04895788518756,74.69635627530378,67.97806485058925,23.63869314541968,22.677770659833488
06/06/2022,1.0694,1.0722,1.0753,1.0684,-0.22%,1.07178,1.07632,0.0,1.0692468825882775,1.067390864746365,1.1147743268286752,-0.3726476616359236,0.5453177886423284,0.0004999999999999449,-0.0017000000000000348,52.797914600352726,47.65982917311779,46.27822883098522,41.87499999999951,65.09113579929783,78.76712328767107,77.39703791926867,22.101217168481707,23.702754644458707
06/07/2022,1.0699,1.0695,1.0715,1.0652,0.05%,1.0714299999999999,1.0759,0.0,1.0693656312085906,1.067552744440148,1.1143267713929161,0.17790262172284763,1.3642823306489784,-0.0034999999999998366,0.006299999999999972,53.27807136937732,47.83446772855531,46.31131138614958,45.000000000000554,52.24799854439602,79.90867579908696,77.79071845402062,22.421524663677204,22.720478325859535
06/08/2022,1.0714,1.07,1.0749,1.0671,0.14%,1.0717700000000001,1.07537,0.0,1.0697355164433924,1.0678009544762674,1.1138986499264407,-0.09324878776576948,2.09643605870019,0.0033999999999998476,0.015899999999999803,54.81035630456275,48.369104912146604,46.410811614251955,54.37499999999952,47.083333333333165,83.33333333333316,80.66971080669707,23.382447149263257,22.635062993807395
06/09/2022,1.0614,1.0717,1.0774,1.061,-0.93%,1.07067,1.0745783333333334,0.0,1.0682199679991393,1.067387989671347,1.1133750773344253,-1.0534166122867612,0.6925339151882992,-0.01100000000000012,0.011999999999999789,44.09762520930484,45.17598556652324,45.841583228616564,2.2598870056494627,33.87829566854982,60.50228310502267,74.58143074581427,16.976297245355507,20.926756352765324
06/10/2022,1.0515,1.0617,1.0644,1.0505,-0.93%,1.06855,1.0736783333333333,0.0,1.0651799738174776,1.066362958079647,1.1127580070776202,-2.4311032754941078,0.10472201066261431,-0.021199999999999886,-0.0025999999999999357,36.29446294582033,42.31509730612982,45.28890630392239,3.546099290780538,20.060328765476477,37.89954337899577,60.578386605783884,10.786224821312642,17.048323071977137
06/13/2022,1.0408,1.0514,1.0521,1.04,-1.02%,1.06486,1.0726683333333333,0.0,1.060747251305209,1.0647137349777342,1.1120403975858475,-3.028044349203389,-1.0646387832699713,-0.036900000000000155,-0.009600000000000053,29.933546579677355,39.51708271124259,44.70347158142761,2.105263157894503,2.6370831514414728,13.470319634703214,37.29071537290723,3.8386467143786662,10.533722927015608
06/14/2022,1.0414,1.0411,1.0486,1.0397,0.06%,1.0616700000000001,1.0716466666666666,0.0,1.0572295692497164,1.063209623043687,1.1113359438619879,-2.179222243095988,-1.9489690236324206,-0.03189999999999982,-0.010599999999999943,30.690375674182008,39.74819096288614,44.74372591428665,4.509283819628758,3.3868820894345713,14.8401826484022,22.0700152207004,4.32468396540264,6.316518500364652
06/15/2022,1.0443,1.0417,1.0509,1.0359,0.28%,1.0596400000000001,1.0707116666666667,0.0,1.0548787384770406,1.0619896473634491,1.1106674499655118,-2.8106095858538858,-0.920303605313097,-0.020299999999999985,-0.017800000000000038,34.49048677881456,40.877736588553645,44.93843534271711,20.24096385542166,8.951836944314946,21.461187214612014,16.59056316590582,6.254158349966779,4.805829676582699
06/16/2022,1.0547,1.0442,1.0602,1.0381,1.00%,1.0576599999999998,1.0699633333333334,0.0,1.054846240572124,1.0615193475335492,1.1101093452179895,-1.595446911737275,-0.03791109847407412,-0.01980000000000004,0.0006999999999999229,46.23633640208915,44.72226044880549,45.62896956880383,45.301204819277075,23.350484164775803,45.20547945205482,27.168949771689686,13.173652694610796,7.917498336660075
06/17/2022,1.0498,1.0549,1.0561,1.0444,-0.46%,1.05546,1.0691583333333334,0.0,1.0539287422862833,1.0607632605959008,1.109507956349979,-1.8328034411819565,-0.5400284225485588,-0.02200000000000002,-0.00529999999999986,42.268805897790365,43.34837560096734,45.35960184620049,33.49397590361462,33.01204819277109,34.01826484018291,33.561643835616586,9.946595460614233,9.79146883506394
06/20/2022,1.0509,1.0472,1.0547,1.0472,0.10%,1.0536100000000002,1.0683766666666665,0.0,1.0533780618705955,1.0601269212026168,1.108923545839933,-1.7758669034489323,-0.17098888572243032,-0.01849999999999996,-0.0046000000000001595,43.47857928066677,43.74967773043513,45.432281727929436,36.14457831325289,38.313253012048165,36.529680365296784,38.58447488584485,10.680907877169558,11.267052010798198
06/21/2022,1.0525,1.0511,1.0583,1.0507,0.15%,1.0518699999999999,1.0674433333333333,0.0,1.0532184142577599,1.0596348617701898,1.1083609291952725,-1.7640470412544258,0.1331937969746045,-0.017400000000000082,-0.00019999999999997797,45.330091652859366,44.342917271819665,45.53818191044186,40.0,36.54618473895581,40.18264840182656,36.91019786910209,11.859838274932647,10.829113870905482
06/22/2022,1.0565,1.0527,1.0606,1.0469,0.38%,1.0503799999999999,1.0664583333333333,0.0,1.0538150662108945,1.059432612623726,1.1078438187045778,-0.4616544186922842,1.7920801618653,-0.014899999999999913,0.005400000000000071,49.88980114816688,45.82067066685138,45.802457734029765,49.63855421686751,41.92771084337344,49.31506849315076,42.00913242009138,14.663951120162977,12.40156575742173
06/23/2022,1.0523,1.0567,1.0582,1.0482,-0.40%,1.04947,1.065555,0.0,1.0535395996270955,1.0589724440673565,1.1072899973033932,0.07608178792200779,1.0757852271635864,-0.009099999999999886,0.014399999999999968,45.465751502639385,44.536248723913936,45.56911081432685,57.543859649122766,49.06080462199673,39.7260273972604,43.07458143074592,12.074947952810595,12.86624578263541
06/24/2022,1.0554,1.0526,1.0572,1.0511,0.29%,1.04986,1.0647233333333335,0.0,1.0538778542403509,1.0587419638049465,1.1067726184399345,1.4027671022290495,1.179177451826285,0.0038999999999997925,0.01429999999999998,49.162836408021555,45.69848357183541,45.77404284288506,78.9473684210522,62.043260762347465,45.56074766355111,44.867281184654104,14.559659090909062,13.766186054627548
06/27/2022,1.0583,1.0555,1.0616,1.0549,0.27%,1.05161,1.0640783333333335,0.0,1.0546818807421052,1.0587134500110789,1.106289323064826,1.6228154407528246,0.3413292879491844,0.01750000000000007,0.015200000000000102,52.50934573031955,46.77777137807236,45.9653143424087,87.15953307392968,74.55025371470153,52.33644859813084,45.874407886314124,16.61931818181824,14.417975075179301
06/28/2022,1.0518,1.0585,1.0607,1.0503,-0.61%,1.0526499999999999,1.0634366666666668,0.0,1.054157902425359,1.058267420978106,1.105746049236131,0.7181844297615687,0.496846932925673,0.010399999999999965,-0.0028999999999999027,45.11346700493402,44.71696927283076,45.602964240977066,61.8677042801556,75.99153525837913,37.149532710280475,45.01557632398749,12.002840909091002,14.393939393939439
06/29/2022,1.0439,1.0518,1.0537,1.0435,-0.75%,1.05261,1.06268,0.0,1.0522928292571119,1.0573404905924217,1.105129439136528,-1.023987863847532,-1.388626487814088,-0.00039999999999995595,-0.0026999999999999247,37.90391235045026,42.370077757635535,45.16803361425659,24.680851063829824,57.902696139305,18.69158878504677,36.0591900311527,6.419400855920195,11.680519982276484
06/30/2022,1.0482,1.0441,1.0489,1.0382,0.41%,1.05196,1.06202,0.0,1.0515486784830916,1.056750781521943,1.1045618592924,-0.15240998285388127,-0.7386363636363664,-0.00649999999999995,-0.010399999999999965,43.37655829729279,44.024266526149404,45.45262324407443,42.73504273504261,43.09453269300932,28.73831775700933,28.193146417445533,9.500000000000055,9.307413921670419
07/01/2022,1.0428,1.0481,1.0486,1.0366,-0.52%,1.0512599999999999,1.0612733333333333,0.0,1.049958009667984,1.0558507311011727,1.1039461128746721,-0.770767913217242,-2.441762559640753,-0.007000000000000117,-0.0132000000000001,38.626477336573714,42.44164241745303,45.15681465988685,24.799999999999798,30.738631266290714,16.121495327102604,21.18380062305291,5.728788977519949,7.216063277813402
07/04/2022,1.0421,1.0424,1.0463,1.0417,-0.07%,1.05038,1.0605033333333334,0.0,1.0485292806374416,1.0549635871591616,1.1033295384603279,-0.9881235154394266,-2.9159679523010884,-0.008799999999999919,-0.026799999999999935,38.02669146208946,42.23802413062485,45.11855965637504,22.000000000000124,29.845014245014152,14.485981308411194,19.781931464174388,5.313653136531428,6.8474807046838135
07/05/2022,1.0266,1.0419,1.045,1.0235,-1.49%,1.04779,1.0595700000000001,0.0,1.0445421387033613,1.0531336783101835,1.1025645985537829,-2.8300993847610068,-3.8764044943820317,-0.025900000000000034,-0.04679999999999995,27.515014164273154,38.05584282112471,44.28368877487473,8.136482939632227,18.312160979877355,5.6159420289853,12.074472888166376,2.1262002743483417,4.389547462799909
07/06/2022,1.0181,1.0268,1.0277,1.0162,-0.83%,1.04395,1.0583966666666667,0.0,1.039734477120932,1.050873440999849,1.1017225615438306,-3.2500237574836084,-5.063409175680717,-0.03839999999999999,-0.049900000000000055,23.548637288773193,36.031905860881395,43.83662921534581,4.185022026431737,11.440501655354668,3.0400000000000205,7.713974445798847,1.2410189418680684,2.893624117582615
07/07/2022,1.0159,1.0181,1.0222,1.0143,-0.22%,1.04031,1.0572833333333334,0.0,1.0354009358262173,1.0486170899676006,1.1008670029875451,-3.7426568125828954,-5.295049874149339,-0.03639999999999999,-0.056499999999999995,22.611268664530897,35.52602383228556,43.72181373684721,3.382663847780215,5.234722937948031,2.4844720496895114,3.713471359558287,1.0322580645161583,1.4664924269108586
07/08/2022,1.0183,1.016,1.0193,1.0072,0.24%,1.0366,1.0562449999999999,0.0,1.032291674766905,1.0466611486793684,1.100043914216699,-3.779646603042619,-5.511737960471385,-0.03709999999999991,-0.054400000000000004,26.173350108971732,36.53163741135398,43.88296121522338,20.404411764705674,9.324032546305846,15.52447552447539,7.016315858054983,6.847624922887041,3.040300643090425
07/11/2022,1.0039,1.0174,1.0185,1.0034,-1.41%,1.03116,1.05501,0.0,1.0271295520820132,1.0439023648936028,1.0990854985028886,-4.554097737212403,-6.466039317991233,-0.054400000000000004,-0.07380000000000009,20.027720515616238,33.30716374773996,43.13810464853837,0.8726003490400449,8.219891987175282,0.670241286863197,6.226396287009376,0.30138637733571133,2.7270897882463063
07/12/2022,1.0036,1.004,1.0075,1.0,-0.03%,1.02634,1.05376,0.0,1.0228514517034653,1.041302212319822,1.0981336636637904,-3.8605230386052307,-5.72985158745068,-0.04820000000000002,-0.06969999999999987,19.91945236606344,33.2439248913565,43.122778989919865,6.703910614525219,9.326974242756952,4.651162790697741,6.948626534012118,2.1264028352038085,3.0918047118088565
07/13/2022,1.006,1.004,1.0123,0.9998,0.24%,1.02255,1.0524433333333334,0.0,1.0197875513937444,1.039024650234672,1.0972152577999044,-4.0259492463270385,-6.375058166589112,-0.037900000000000045,-0.058599999999999985,23.591096946658993,34.27663725218207,43.284782563785086,12.627291242362512,6.734600735309232,7.989690721649474,4.437031599736813,3.657817109144533,2.0285354405613534
07/14/2022,1.0016,1.0061,1.0065,0.9952,-0.44%,1.01789,1.0510766666666667,0.0,1.016480723867609,1.036610156671145,1.0962621638438825,-3.9509014192558407,-6.549729427131931,-0.046599999999999975,-0.07289999999999996,21.575968114390548,33.299641161892794,43.0588043627953,11.985018726591894,10.43874019449318,7.785888077858974,6.808913863402073,3.6760482481332977,3.153422730827215
07/15/2022,1.0087,1.0018,1.0099,1.0006,0.71%,1.01448,1.0498983333333334,0.0,1.015066046800771,1.0348095014020389,1.0953893587213297,-3.2050666922560302,-5.676080044884981,-0.03410000000000002,-0.06310000000000016,31.991491425501664,36.32909653180627,43.5368605246727,26.418786692759195,17.010365553904506,16.423357664233535,10.732978821247338,7.7541642734060625,5.0293432102279665
07/18/2022,1.0141,1.0085,1.0202,1.0078,0.54%,1.01168,1.0489483333333334,0.0,1.0148904019279035,1.0334734045373912,1.094579094128355,-1.2176115332164383,-5.2154406953920995,-0.028000000000000025,-0.055299999999999905,38.85414182430956,38.525880611926155,43.89690115942146,37.951807228915754,25.45187088275559,22.99270072992706,15.733982157339867,10.855829982768537,7.428680834769302
07/19/2022,1.0224,1.0143,1.0269,1.012,0.82%,1.01126,1.0482616666666666,0.0,1.0162557833955574,1.0327589913414306,1.093859650070115,0.4223553678420558,-4.5734552921411185,-0.0041999999999999815,-0.0475000000000001,47.842620827279696,41.72294614074325,44.44414088468088,83.69230769230748,49.35430053799413,33.09002433090027,24.168694241686968,15.62320505456634,11.411066436913648
07/20/2022,1.0177,1.0228,1.0274,1.0155,-0.46%,1.01122,1.0476316666666667,0.0,1.0165183682327288,1.0317874435129513,1.0931005429634872,0.1771827935820478,-4.117203693235336,-0.00039999999999995595,-0.05369999999999986,43.79225945284307,40.48943256249753,44.1987842677834,69.87577639751551,63.83996377291289,27.37226277372274,27.81832927818337,12.923607122343522,13.134214053226136
07/21/2022,1.0228,1.0178,1.0279,1.0154,0.50%,1.0119099999999999,1.0471883333333334,0.0,1.0176604830995055,1.0312076084475996,1.0923998473712682,0.44191299224196684,-2.729434141702346,0.006899999999999906,-0.03859999999999997,48.99814473462767,42.40095681005549,44.53272494788608,84.40366972477035,79.32391793819777,39.88439306358374,33.44889338940226,15.852958070074644,14.799923415661505
07/22/2022,1.021,1.0229,1.0256,1.013,-0.18%,1.01218,1.0466366666666667,0.0,1.0182676679905045,1.0305490530638837,1.0916882068772924,1.7033569080585609,-1.902382782475023,0.0026999999999999247,-0.030500000000000194,47.28085487382375,41.90945701621891,44.43839203381309,78.89908256880699,77.72617623036426,38.855421686746816,35.370692508017775,14.819069500287153,14.531878230901775
07/25/2022,1.022,1.0212,1.0259,1.0179,0.10%,1.0139900000000002,1.0461633333333333,0.0,1.0189462738104127,1.0299975012533105,1.090993637878867,1.833399760860898,-1.8628768964855082,0.018100000000000005,-0.018799999999999928,48.39725973690908,42.29388964094952,44.504029203744395,81.95718654434249,81.75331294597326,40.361445783132524,39.70042017782104,15.393452039058037,15.355159869806613
07/26/2022,1.0114,1.022,1.0252,1.0107,-1.04%,1.01477,1.0454866666666667,0.0,1.0175742240267014,1.0287976624627744,1.0902003564849359,0.5367793240556731,-3.1504356985540487,0.007800000000000029,-0.030000000000000027,38.73604041293356,39.43236955771036,43.95090124507491,49.54128440366994,70.13251783893979,24.397590361445893,34.538152610441756,9.304997128087363,13.172506222477521
07/27/2022,1.0202,1.0117,1.0221,1.0096,0.87%,1.01619,1.0447883333333334,0.0,1.0180516378400284,1.0282429745619501,1.0895026993420196,1.8570287539936052,-3.271072342846305,0.01419999999999999,-0.02410000000000001,48.26285894203592,42.758434589511204,44.526166552230954,76.45259938837913,69.31702344546383,37.650602409638516,34.13654618473899,14.359563469270546,13.019337545471984
07/28/2022,1.0196,1.0198,1.0236,1.0114,-0.06%,1.01799,1.044215,0.0,1.0183331582327504,1.0276853632998888,1.0888060268048134,1.0805987905224679,-2.8767384263669276,0.018000000000000016,-0.03509999999999991,47.70091165578966,42.59345702864589,44.494872988856066,69.5970695970698,65.1969844630396,36.74698795180729,32.931726907630576,14.01493394600809,12.559831514455334
07/29/2022,1.0218,1.0197,1.0255,1.0145,0.22%,1.0193,1.04366,0.0,1.018963493099523,1.0273056624418315,1.0881382341585095,0.7592939552312434,-2.769055095632306,0.013100000000000112,-0.028000000000000025,50.0694363829365,43.421493090133325,44.638256042183485,69.65174129353238,71.90047009299376,40.06024096385545,38.1526104417671,15.278575531303884,14.551024315527508
08/01/2022,1.0261,1.0218,1.0276,1.0205,0.42%,1.0205,1.04317,0.0,1.0202610398087009,1.027227877768165,1.0875199611545703,0.3618935837245732,-2.508313539192397,0.01200000000000001,-0.024799999999999933,54.54050820406304,45.024825260446406,44.917767075036345,90.16393442622936,76.4709151056105,46.53614457831322,41.11445783132533,17.748420448018397,15.680643308443459
08/02/2022,1.0164,1.0261,1.0295,1.0163,-0.95%,1.0199,1.042565,0.0,1.019559032570755,1.0265293050089286,1.0868111908284885,-0.12773901935738222,-3.7955513487931873,-0.006000000000000005,-0.03610000000000002,44.54311954071031,42.232021444021626,44.409438327630305,34.17085427135632,64.662176663706,31.92771084337343,39.508032128514046,12.17690982194141,15.067968600421231
08/03/2022,1.0164,1.0166,1.021,1.0122,0.00%,1.01977,1.0419866666666666,0.0,1.018984663012436,1.0258758014599656,1.0861094949378043,-0.6257332811888895,-3.411574646013498,-0.0013000000000000789,-0.040100000000000025,44.54311954071031,42.232021444021626,44.409438327630305,34.17085427135632,52.83521432298064,31.92771084337343,36.79718875502004,12.17690982194141,14.03408003063374
08/04/2022,1.0243,1.0162,1.0255,1.0154,0.78%,1.0199200000000002,1.04176,0.0,1.019951087919266,1.0257741368496454,1.0854935303656552,0.3232125367287053,-2.946750047375394,0.0015000000000000568,-0.028000000000000025,53.17349145437862,45.19488309224442,44.92219618314634,73.86934673366791,47.40368509212683,43.82530120481922,35.89357429718871,16.733755031627375,13.695858225170065
08/05/2022,1.0181,1.0247,1.0253,1.0141,-0.61%,1.0196299999999998,1.0413766666666666,0.0,1.0196145264793992,1.0252790312464424,1.0848219281682634,-0.38160469667319125,-3.79854483605783,-0.0028999999999999027,-0.03729999999999989,46.81980518777239,43.388193171381445,44.597732898708344,42.713567839195676,50.25125628140662,34.4879518072289,36.74698795180719,13.745498199279732,14.218721017616176
08/08/2022,1.0195,1.0179,1.0223,1.0159,0.14%,1.01938,1.0409833333333334,0.0,1.0195937034831448,1.0249061905208654,1.084170980125964,0.8008700810757361,-3.0709260315649356,-0.0024999999999999467,-0.038799999999999946,48.367715406350165,43.91194354842861,44.68839673519499,49.74874371859299,55.443886097152166,37.09923664122152,38.47082988442323,14.585834333733555,15.021695854880223
08/09/2022,1.0211,1.0198,1.0248,1.0188,0.16%,1.02035,1.0404233333333333,0.0,1.0198675755771185,1.0246606298421,1.0835424727146261,0.08821799647127042,-2.184117252610418,0.00969999999999982,-0.03070000000000017,50.2080811633953,44.518789507406154,44.792167762627344,57.78894472361722,50.083752093801934,44.27350427350406,38.620230907318174,15.546218487394913,14.625850340136068
08/10/2022,1.0297,1.0214,1.037,1.0202,0.84%,1.0213,1.0401416666666667,0.0,1.0216552891085515,1.0249857504974482,1.0830059360829691,0.9905845429580226,-1.7649303568021333,0.009500000000000064,-0.01419999999999999,58.94709879048615,47.66714816177384,45.346074462366914,71.48437500000037,59.6740211474035,64.24581005586612,48.53951699019725,20.708283313325385,16.946778711484622
08/11/2022,1.0317,1.0299,1.0366,1.0275,0.19%,1.02251,1.0396933333333334,0.0,1.023481600179724,1.0254189278847097,1.082494683376173,0.9688784497944823,-1.0644418872266865,0.0121,-0.01649999999999996,60.728141137391006,48.37196884023015,45.47393852994389,78.62903225806502,69.30078399389419,68.35205992509378,58.957124751488,22.014475271411385,19.42299235737723
08/12/2022,1.0258,1.0316,1.0328,1.0238,-0.57%,1.02291,1.03919,0.0,1.023903127419774,1.0254435131824704,1.0819297411653732,-0.029236916479872036,-1.5641493138854219,0.0040000000000000036,-0.016999999999999904,53.16753790929749,46.46233315111535,45.16069170647894,54.83870967741973,68.31737231182835,59.8825831702545,64.1601510504048,18.455971049457215,20.392909878064668
08/15/2022,1.016,1.0263,1.0269,1.0155,-0.96%,1.0219,1.0383083333333334,0.0,1.0224661951616332,1.0248342542674724,1.0812727843674623,-0.03935458480912593,-1.0325345801675379,-0.010099999999999998,-0.026100000000000012,43.2336376986984,43.51077783948289,44.64727494218736,15.322580645161436,49.596774193548704,41.76706827309249,56.667237122813596,12.545235223160454,17.671893848009688
08/16/2022,1.017,1.0162,1.0196,1.0122,0.10%,1.02196,1.0373683333333334,0.0,1.0214723414958817,1.0243288185082806,1.080632347438826,0.059031877213688896,-0.1080443964247226,0.0005999999999999339,-0.009600000000000053,44.41122141130359,43.88705697717891,44.711735381685635,19.35483870967713,29.838709677419406,52.15311004784679,51.267587163731264,13.252279635258319,14.751161969292
08/17/2022,1.018,1.017,1.0204,1.0145,0.10%,1.02212,1.036535,0.0,1.0208410066784486,1.0239205076367788,1.0800082652126708,-0.6150541833447205,0.20671325917905212,0.0016000000000000458,-9.999999999998899e-05,45.663637893814,44.27107224310794,44.776368652803235,23.387096774193722,19.354838709677406,54.54545454545472,49.48854428879801,14.766839378238373,13.52145141221905
08/18/2022,1.0088,1.018,1.0194,1.008,-0.90%,1.02057,1.0354750000000001,0.0,1.0186517327369125,1.0229449910150512,1.0792987406010683,-0.9134662606816703,-0.9329274280663914,-0.01550000000000007,-0.007100000000000106,37.11564787223806,41.56391797204876,44.29755374013646,2.758620689654877,15.166852057841885,32.53588516746402,46.41148325358852,8.80829015544038,12.27580305631236
08/19/2022,1.0034,1.009,1.0097,1.0032,-0.54%,1.0191000000000001,1.0343200000000001,0.0,1.0158786904211103,1.02168402385279,1.0785424901905816,-1.579205492888671,-0.04980575754556678,-0.014699999999999935,-0.014899999999999913,33.07743882944568,40.07590904647892,44.019870028192905,0.5917159763312987,8.912477813393275,19.61722488038303,35.56618819776727,5.310880829015606,9.628670120898123
08/22/2022,0.9941,1.0041,1.0048,0.9926,-0.93%,1.01656,1.0329266666666668,0.0,1.011918928526363,1.0199044094106744,1.077701121900011,-2.644207227499747,-0.9465922678357975,-0.02540000000000009,-0.009800000000000031,27.37747802233345,37.67302925167196,43.54737337627735,3.3783783783782653,2.242905014788123,3.3783783783782653,18.510496142075116,0.9554140127388194,5.0248616657316045
08/23/2022,0.9967,0.9944,1.0019,0.99,0.26%,1.01412,1.03165,0.0,1.0091518506124788,1.018407350739018,1.0768940536619973,-3.204816936971936,-0.9244532803180889,-0.024399999999999866,-0.006900000000000017,31.067362586507116,38.735389943582355,43.717117063994365,14.255319148936273,6.075137834548588,14.255319148936273,12.416974135899201,4.1979949874686975,3.4880966097410435
08/24/2022,0.9965,0.9971,1.0,0.991,-0.02%,1.0108,1.030515,0.0,1.0068515141374828,1.0169939732719844,1.0760930447984556,-3.4118445284481926,-0.5091853035143763,-0.03320000000000001,-0.009499999999999953,30.933031023357756,38.68292186641542,43.706957066101346,13.948497854077393,10.527398460463955,13.829787234042703,10.487828253785757,4.072681704260691,3.0753635681560714
08/25/2022,0.9974,0.9967,1.0035,0.9949,0.09%,1.00737,1.0292299999999999,0.0,1.0051330570215766,1.0157298459641144,1.0753089944101337,-2.768570871514924,-1.120253792009515,-0.03430000000000011,-0.0042000000000000925,32.39461896574467,39.067137091725684,43.76606285624268,17.289719626168157,15.164512209727251,15.744680851063771,14.60992907801426,4.63659147869672,4.302422723475371
08/26/2022,0.9961,0.9975,1.0091,0.9947,-0.13%,1.0044,1.0279683333333332,0.0,1.0034906830176535,1.0144634042890102,1.0745198137885248,-1.9586614173228374,-1.7749728823587434,-0.02970000000000006,-0.012599999999999945,31.33052362641986,38.70474275356455,43.699454444285635,16.531165311653133,15.923127597299539,12.978723404255327,14.18439716312061,3.8220551378446084,4.177109440267342
08/29/2022,0.9995,0.9977,1.003,0.9914,0.34%,1.00275,1.0268033333333333,0.0,1.0027651042871712,1.0134980233671385,1.0737723808385222,-1.7207472959685202,-2.2398278560250318,-0.01649999999999996,-0.014599999999999946,37.314222592558494,40.205430654976745,43.923782090008345,31.250000000000227,21.690294979273816,20.212765957446972,16.3120567375887,5.952380952380993,4.803675856307443
08/30/2022,1.0012,0.9996,1.0056,0.9982,0.17%,1.0011700000000001,1.0256583333333333,0.0,1.002480539871322,1.0127046025047424,1.0730493413283138,-1.6502946954813285,-1.621302937997441,-0.015799999999999814,-0.021199999999999886,40.208708439733634,40.953175311606444,44.03583603197187,36.842105263158246,28.20775685827051,23.829787234042797,19.007092198581706,7.017543859649186,5.597326649958266
08/31/2022,1.0057,1.0014,1.008,0.9971,0.45%,0.9999399999999999,1.0245633333333335,0.0,1.0030658962583543,1.0122526926657267,1.0723783475882134,-0.30729579698650683,-1.6718811106765639,-0.012299999999999978,-0.01200000000000001,47.35789665175959,42.90819962895023,44.331771038189565,53.40136054421768,40.497821935792025,33.40425531914909,25.815602836879624,9.837092731829605,7.602339181286598
09/01/2022,0.9944,1.0055,1.0057,0.9911,-1.12%,0.9985000000000002,1.0234466666666668,0.0,1.0014902787568352,1.0111009060421314,1.071601468098268,-0.8969503687462745,-2.605288932419193,-0.014399999999999968,-0.02839999999999998,35.51098939247284,39.50997878941747,43.74794053361008,22.3350253807104,37.52616372936209,9.361702127659502,22.198581560283802,2.7568922305764163,6.537176274018406
09/02/2022,0.9951,0.9946,1.0035,0.9943,0.07%,0.99767,1.0225066666666667,0.0,1.000328409891956,1.0100685895232844,1.070839311937676,0.10059350165979286,-2.6320939334638,-0.008300000000000085,-0.025899999999999923,36.60258361873351,39.8154282302729,43.794024590702335,26.701570680628073,34.14598553518536,10.851063829787236,17.87234042553195,3.195488721804508,5.263157894736845
09/05/2022,0.9926,0.995,0.995,0.9877,-0.25%,0.9975200000000001,1.0217033333333334,0.0,0.998923244457055,1.0089415837475886,1.070059851928346,-0.41135747968295294,-1.8588095708918368,-0.0014999999999999458,-0.02939999999999998,34.2987392810149,39.08623164754746,43.66562287515079,22.89719626168222,23.97793077434021,9.939148073022363,10.050638010156375,3.0265596046942664,2.992980185691732
09/06/2022,0.9902,0.9927,0.9987,0.9864,-0.24%,0.99687,1.02085,0.0,0.9973372000103177,1.0077324493122601,1.0692642570272746,-0.6322127446061298,-2.940599882376007,-0.006500000000000061,-0.021200000000000108,32.14085784811607,38.38802576880486,43.54244946166123,16.740088105726457,22.112951682678894,7.509881422924752,9.433364441911458,2.3284313725489687,2.8501598996825828
09/07/2022,0.9999,0.9904,1.0012,0.9875,0.98%,0.9972100000000002,1.0201099999999999,0.0,0.9978031636448055,1.0072271300017919,1.068573231713304,0.25065169440546,-1.932130247155752,0.0033999999999999586,-0.020299999999999985,47.08970193895336,42.669828821584225,44.182020575423,59.47136563876618,33.03621666872493,26.679841897233185,14.709623797726772,8.27205882352939,4.542349933590877
09/08/2022,0.9994,1.0002,1.0031,0.9931,-0.05%,0.99741,1.0191883333333334,0.0,0.998093497527568,1.0067221538726439,1.0678841177272824,0.3312920389519094,-2.1922098257976206,0.0020000000000000018,-0.020200000000000107,46.50297537815865,42.51228638720906,44.15610667582179,57.26872246695977,44.49339207048411,25.69169960474295,19.960474308300302,7.965686274509748,6.188725490196037
09/09/2022,1.0039,0.9995,1.0114,0.9995,0.45%,0.9981899999999999,1.0184233333333335,0.0,0.9991492252498283,1.0065400794292474,1.0672467060486792,0.44022011005502343,-2.163531819510769,0.007800000000000029,-0.017900000000000027,52.43007557348641,44.42275298128859,44.4508095429838,69.99999999999977,62.24669603524188,34.58498023715416,28.985507246376773,10.723039215686256,8.986928104575133
09/12/2022,1.0119,1.008,1.0199,1.0059,0.80%,0.99943,1.0177733333333332,0.0,1.0014675479316777,1.0068858807563927,1.0666953470169167,1.068717538953249,-0.4427390791027104,0.012399999999999967,-0.01419999999999999,60.971486476589256,47.623849142838885,44.96968728984003,76.11940298507459,67.79604181734469,50.39525691699611,36.89064558629775,15.62499999999999,11.437908496732
09/13/2022,0.997,1.0123,1.0188,0.9966,-1.47%,0.99901,1.0168483333333334,0.0,1.0006552664895543,1.0062480819979158,1.066001056180093,-0.8650691060952611,-1.9086973632428152,-0.0042000000000000925,-0.019399999999999973,44.45350610830731,42.866754102879845,44.19691337816286,31.641791044775974,59.25373134328343,20.948616600790455,35.309617918313585,6.495098039215655,10.947712418300634
09/14/2022,0.9977,0.9969,1.0025,0.9956,0.07%,0.99821,1.0158683333333334,0.0,1.0001179453096354,1.00569659283676,1.065320662841047,0.33185840707965414,-2.596895440788827,-0.008000000000000007,-0.01869999999999994,45.22807038984397,43.142772507418194,44.24215386445563,33.73134328358204,47.16417910447751,22.332015810276694,31.225296442687764,6.924019607843126,9.681372549019592
09/15/2022,0.9999,0.9981,1.0019,0.9956,0.22%,0.9987600000000001,1.014995,0.0,1.0000783188897016,1.0053226191053561,1.064668970512185,0.4823635815495957,-1.7876436499361552,0.00550000000000006,-0.024399999999999977,47.77133680376504,44.02202622839291,44.384572193249895,40.298507462686466,35.22388059701481,26.679841897233185,23.320158102766786,8.27205882352939,7.230392156862725
09/16/2022,1.0015,1.0001,1.0037,0.9945,0.16%,0.9994,1.0140966666666666,0.0,1.0003368063643012,1.0050759985179138,1.0640397156899428,0.8966350997380637,-1.7655713585090747,0.006400000000000072,-0.016599999999999948,49.66019827390071,44.66581384962824,44.48821027039412,45.07462686567168,39.70149253731338,29.841897233201664,26.284584980237188,9.252450980392164,8.149509803921562
09/19/2022,1.0022,1.0012,1.003,0.9966,0.07%,1.00036,1.0131616666666665,0.0,1.0006755688435192,1.0048904502264355,1.063423709081841,1.2118763886083632,-1.8509450592498207,0.009599999999999942,-0.017300000000000093,50.529898429158834,44.952340892135815,44.533657620835626,47.16417910447743,44.17910447761184,31.225296442687682,29.24901185770752,9.681372549019567,9.068627450980376
09/20/2022,0.997,1.0023,1.0052,0.9955,-0.52%,1.00104,1.0122483333333332,0.0,1.0000072835992428,1.004381388921504,1.0627620470845842,-0.2900290029002914,-3.1756822375449216,0.006800000000000028,-0.0240999999999999,44.223594718547524,43.23203251285651,44.26310766673108,29.320987654320856,40.519931208156635,20.948616600790455,27.338603425559942,6.495098039215655,8.476307189542464
09/21/2022,0.9837,0.9972,0.9978,0.9813,-1.33%,0.99942,1.011245,0.0,0.997042322944835,1.0030471057652781,1.0619745003164962,-1.5709425655393172,-4.652515266065721,-0.016199999999999992,-0.04600000000000004,32.64513647712144,39.25698363442487,43.582500590684106,6.217616580311047,27.567594446369757,4.339963833634843,18.837958959037667,1.426024955436761,5.8674985145573295
09/22/2022,0.9836,0.9837,0.9908,0.9809,-0.01%,0.9978400000000001,1.0101683333333333,0.0,0.9945982642275922,1.0017924537804215,1.0611938107756016,-2.0221137563502323,-4.113862351335544,-0.015799999999999925,-0.04810000000000003,32.57388856399653,39.22892833686351,43.57743719902398,6.923076923077008,14.153893719236285,5.202312138728398,10.163630857717907,1.6004742145821198,3.1738657364115137
09/23/2022,0.969,0.9837,0.9853,0.9668,-1.48%,0.9943500000000001,1.0089383333333333,0.0,0.98994403436803,0.9996768116010394,1.0602754767682712,-4.23954936258524,-4.625984251968508,-0.03490000000000004,-0.05680000000000007,24.056645019017495,35.40715364207709,42.84700547481285,4.143126177024441,5.761273226804146,3.6605657237936478,4.400947232052306,1.2035010940918929,1.4100000880369263
09/26/2022,0.9606,0.9679,0.9711,0.9567,-0.87%,0.9892199999999999,1.00758,0.0,0.9846087553920246,0.9971557269816175,1.059282629161527,-3.6509528585757263,-5.545722713864297,-0.05130000000000001,-0.055400000000000005,20.611394845097507,33.46662422483867,42.43571109491504,6.280193236715006,5.782132112272133,6.122448979591861,4.995108947371311,2.02177293934682,1.6085827493402796
09/27/2022,0.9592,0.961,0.9672,0.9569,-0.15%,0.98544,1.0064566666666666,0.0,0.9799889816843838,0.9947069704021584,1.058285736510378,-3.858875413450935,-5.776031434184673,-0.037799999999999945,-0.05779999999999985,20.078880347995323,33.15334715867988,42.367588416739146,5.154639175257841,5.1926528629990765,3.9246467817897304,4.569220495058423,1.2960082944531148,1.5070941092972774
09/28/2022,0.9734,0.9594,0.9752,0.9536,1.48%,0.9830099999999999,1.0057116666666668,0.0,0.9787909850144957,0.9933323271504062,1.0574402243214962,-2.6502650265026473,-3.5091197462331367,-0.02429999999999999,-0.04459999999999997,38.10163045925795,39.13182397006691,43.29551763048033,38.37209302325583,16.60230847840954,29.86425339366521,13.303783051682275,10.102040816326554,4.473274016708831
09/29/2022,0.9814,0.9735,0.9817,0.9635,0.82%,0.9811599999999998,1.0051366666666666,0.0,0.9792653513754964,0.9925624995923156,1.0566828265046089,-2.006989515726411,-2.1925453458241995,-0.01849999999999996,-0.02739999999999987,45.758485760602134,42.14732332400626,43.80779210155859,53.875968992248055,32.46756706358722,41.930618401206694,25.23983952555389,14.183673469387784,8.52724086005582
09/30/2022,0.9799,0.9817,0.9855,0.9735,-0.15%,0.9789999999999999,1.0044966666666668,0.0,0.979380742034497,0.9917455641347468,1.0559180398384471,-2.225104769507083,-1.4284277235690566,-0.021600000000000064,-0.023500000000000076,44.608873855101855,41.74617025353802,43.733340136907756,50.96899224806191,47.73901808785524,39.66817496229258,37.15434891905483,13.418367346938773,12.568027210884372
10/03/2022,0.9824,0.98,0.9846,0.9753,0.26%,0.9770200000000001,1.0041383333333334,0.0,0.9799296980282249,0.9911426245131502,1.0551857791347496,-1.4643931795386105,-1.4347346242600563,-0.01979999999999993,-0.011699999999999933,47.07137510486184,42.68668936305515,43.89306297788617,55.81395348837209,53.55297157622733,43.43891402714938,41.67923579688289,14.693877551020437,14.098639455782333
10/04/2022,0.9983,0.9826,1.0,0.9806,1.62%,0.9771500000000002,1.00405,0.0,0.9832697529321841,0.9916043906735922,1.0546191861916938,1.484192335061497,0.18063221274459737,0.0012999999999999678,0.0015999999999999348,59.72436735416674,48.190149823793135,44.89296392417062,96.33620689655164,67.7063842109952,67.42081447963793,50.17596782302664,22.80612244897958,16.972789115646265
10/05/2022,0.9882,0.9986,0.9996,0.9834,-1.01%,0.9776,1.0037533333333333,0.0,0.9841661614899688,0.9913847525656184,1.0539576453146997,0.4676697844652234,-0.92239823541207,0.0044999999999999485,-0.008300000000000085,51.10207225230221,45.329846383002646,44.38794617907325,74.56896551724131,75.57304196738833,52.18702865761682,54.34891905480138,17.653061224489782,18.3843537414966
10/06/2022,0.9788,0.9879,0.9927,0.9788,-0.95%,0.9771199999999999,1.0033733333333332,0.0,0.9831904957645198,0.9905728330452559,1.0532090759887143,1.0113519091847296,-1.7367734163236603,-0.0048000000000000265,-0.01859999999999995,44.463975406365215,42.879469042803,43.925745163039764,54.310344827586206,75.07183908045971,38.00904977375564,52.538964303670134,12.857142857142861,17.77210884353741
10/07/2022,0.9741,0.9791,0.9818,0.9726,-0.48%,0.9776299999999999,1.0027966666666666,0.0,0.9815376783527889,0.9895100696229813,1.0524211581309666,1.4053716427232934,-2.5412706353176677,0.005099999999999993,-0.02200000000000002,41.47116758501086,41.713156264273664,43.697098237189195,44.18103448275854,57.68678160919533,30.92006033182497,40.37204625439915,10.459183673469372,13.656462585034006
10/10/2022,0.97,0.9737,0.9754,0.9682,-0.42%,0.97857,1.0020616666666666,0.0,0.9794399186522817,0.9882513554537566,1.0516002602087584,1.1259382819015764,-3.116260487415113,0.009399999999999964,-0.02950000000000008,38.9312897837782,40.71380855645511,43.49858736371198,35.34482758620683,44.612068965517174,24.736048265459974,31.22171945701354,8.367346938775496,10.561224489795912
10/11/2022,0.9703,0.97,0.9776,0.9672,0.03%,0.9796799999999999,1.0011933333333334,0.0,0.9777781152609578,0.9870932034889982,1.050790533931873,-0.318471337579617,-3.519936362732424,0.011099999999999999,-0.03090000000000004,39.233857866497985,40.821126148504796,43.51745685805421,35.99137931034493,38.50574712643675,25.188536953242895,26.94821518350929,8.520408163265333,9.115646258503402
10/12/2022,0.9704,0.9708,0.9735,0.9668,0.01%,0.9793799999999999,1.000405,0.0,0.9764366397589654,0.9860162226187402,1.0499898758245865,-1.120847768493989,-2.4135156878519624,-0.0030000000000000027,-0.0353,39.3451606583756,40.858042185008905,43.52377547862151,18.904109589041155,30.080105495197625,25.339366515837153,25.08798391151335,8.571428571428592,8.486394557823141
10/13/2022,0.9773,0.9702,0.9807,0.9632,0.71%,0.97897,0.9996466666666667,0.0,0.9765936143482443,0.9854538856755957,1.0492659200188426,-0.2653331972650318,-1.7887649482464112,-0.0041000000000001036,-0.017100000000000004,46.81392740388843,43.379181589495,43.95852945896085,38.315217391304294,31.07023543023011,35.74660633484153,28.758169934640534,12.091836734693851,9.727891156462592
10/14/2022,0.9719,0.9778,0.9809,0.9708,-0.55%,0.9781700000000001,0.9988283333333334,0.0,0.9757402299212907,0.9845794414384604,1.0484954002261573,-1.0688110749185733,-2.085432198267182,-0.008000000000000007,-0.0232,42.28616245428682,41.932026936974665,43.693971385706405,23.641304347826164,26.953543776057188,27.601809954751094,29.5625942684766,9.336734693877546,9.999999999999998
10/17/2022,0.9838,0.9726,0.9853,0.9719,1.22%,0.9783099999999999,0.9981916666666667,0.0,0.9772056426628744,0.9845291548940437,1.047851077388421,-1.452469197635977,-0.6463340739244559,0.0013999999999999568,-0.00880000000000003,53.336937249928816,46.03608502223222,44.43462009821031,55.9782608695653,39.31159420289857,45.55052790346907,36.2996480643539,15.40816326530613,12.278911564625844
10/18/2022,0.9852,0.9838,0.9877,0.9812,0.14%,0.977,0.997755,0.0,0.9786591621787153,0.9845724352234603,1.0472271203026517,-0.30358227079538586,-1.4701470147014748,-0.0131,-0.0050000000000000044,54.476368790830506,46.496304445039804,44.520906969437824,60.439560439560324,46.686375218983905,47.66214177978876,40.27149321266965,16.122448979591823,13.622448979591836
10/19/2022,0.9771,0.9859,0.9873,0.9757,-0.82%,0.97589,0.9970366666666666,0.0,0.9783756781462216,0.9840903426283983,1.0465287137940595,-0.17368205966489936,-2.231338803281968,-0.011099999999999999,-0.022800000000000042,47.08518868013967,44.238223962320085,44.122493162250414,47.11864406779656,54.51215512564071,35.44494720965303,42.88587229763696,11.989795918367333,14.506802721088432
10/20/2022,0.9783,0.9773,0.9846,0.9754,0.12%,0.97584,0.9963483333333334,0.0,0.9783619184832723,0.9837167721362435,1.045849219848931,0.43116723129042006,-2.5500547863333067,-0.000500000000000056,-0.021100000000000008,48.241151739466765,44.650185466059604,44.196846807272614,61.63265306122431,56.396952522860374,37.25490196078422,40.12066365007534,12.602040816326504,13.571428571428555
10/21/2022,0.986,0.9786,0.987,0.9705,0.79%,0.9770300000000001,0.9957516666666667,0.0,0.9797506605772227,0.9838640771597117,1.045253183050533,1.6494845360824757,-2.559541456665682,0.011900000000000022,-0.017900000000000027,55.21630280938777,47.2376641853543,44.671634531936384,93.0612244897958,67.27084053960554,48.86877828054295,40.522875816993405,16.530612244897956,13.707482993197267
10/24/2022,0.9874,0.9867,0.99,0.9807,0.14%,0.9787700000000001,0.9951066666666667,0.0,0.9811414495631823,0.9840922012139238,1.0446770297566736,1.7623415438524173,-0.9628886659979882,0.017400000000000082,-0.024499999999999966,56.40321417195579,47.69754286541343,44.75752166894524,90.29850746268683,81.6641283379023,51.84049079754616,45.98805701295779,17.244897959183707,15.459183673469392
10/25/2022,0.9964,0.9874,0.9978,0.9848,0.91%,0.98138,0.9947733333333333,0.0,0.9839157314607854,0.9848862527485094,1.0441962484412126,2.6793075020609964,-0.13029968928536423,0.0260999999999999,-0.0006000000000000449,63.34274685946274,50.5630947050569,45.30606488679381,95.95375722543334,93.10449639263864,82.94573643410828,61.21833517073247,21.83673469387753,18.5374149659864
10/26/2022,1.0077,0.9966,1.009,0.9943,1.13%,0.98511,0.9946283333333333,0.0,0.9882401439224606,0.9863581074098958,1.0438327926866438,3.110610866673498,0.780078007800783,0.0373,0.010000000000000009,70.00370612819384,53.84738601891277,45.98289835708191,97.16157205240205,94.47127891350738,97.65342960288834,77.47988561151426,27.602040816326557,22.2278911564626
10/27/2022,0.9962,1.0079,1.0095,0.9957,-1.14%,0.9869999999999999,0.99416,0.0,0.9896873904820133,0.9869930682221607,1.0433584352726828,2.500257228109887,-0.5292061907139373,0.018900000000000028,-0.0037000000000000366,58.071590169735416,50.327425717997755,45.40815647947882,65.8974358974357,86.33758839175702,76.20751341681562,85.60222648460409,21.734693877551013,23.724489795918373
10/28/2022,0.9963,0.9965,0.9999,0.9926,0.01%,0.9894399999999999,0.9937966666666667,0.0,0.9908896831216472,0.9875935154336342,1.0428898016006487,1.2705834519211177,-0.5887048493314724,0.024399999999999977,-0.0052000000000000934,58.14052676677952,50.356617453915995,45.41411908259683,66.15384615384593,76.40428470122788,76.38640429338088,83.41578243769494,21.78571428571427,23.707482993197285
10/31/2022,0.9883,0.9947,0.9967,0.9872,-0.80%,0.9898900000000002,0.9932766666666667,0.0,0.990418831644984,0.9876390950830772,1.0423461709693982,0.3146569224522931,-0.8726178535606862,0.0044999999999999485,-0.013900000000000023,50.72695165484609,48.02107187475304,45.01878088415901,45.641025641025415,59.230769230769,62.07513416815728,71.55635062611793,17.70408163265304,20.40816326530611
11/01/2022,0.9874,0.9882,0.9955,0.9853,-0.09%,0.9901099999999999,0.9927150000000001,0.0,0.9898699531640778,0.9876236695938464,1.0417989959419947,1.054139801453289,0.3761309342279187,0.0022000000000000908,-0.009599999999999942,49.93110405312833,47.76326081449608,44.97451452430419,43.333333333333364,51.709401709401554,60.4651162790698,66.30888491353598,17.244897959183707,18.911564625850342
11/02/2022,0.9817,0.9875,0.9977,0.9813,-0.58%,0.99057,0.991915,0.0,0.9883845071342454,0.9872414973619853,1.04120051197716,0.3475416538894071,-0.19316795445303098,0.0046000000000000485,-0.0020000000000000018,44.966649772346514,46.14030838216066,44.694779948752405,28.71794871794866,39.23076923076913,50.268336314847915,57.602862254025005,14.336734693877561,16.428571428571438
11/03/2022,0.9751,0.9819,0.984,0.973,-0.67%,0.99025,0.9909716666666666,0.0,0.9859691422007463,0.9864581749515345,1.0405422684029983,-1.105476673427994,0.6295149638802884,-0.0031999999999999806,-0.008500000000000063,39.86699873170112,44.335800779237324,44.373598602177346,11.794871794871623,27.94871794871786,38.46153846153835,49.73166368515203,10.969387755102025,14.183673469387765
11/04/2022,0.996,0.975,0.9968,0.9742,2.14%,0.99125,0.990475,1.0,0.9877929345278834,0.9870737765675647,1.040098710141402,0.8709742758760322,3.6851967520299795,0.010000000000000009,0.027000000000000024,57.01819503581857,50.65738583146884,45.61734878364675,63.01369863013689,34.50883971431904,75.84973166368506,54.85986881335711,21.63265306122449,15.646258503401361
11/07/2022,1.0019,0.9911,1.0035,0.9899,0.59%,0.9927000000000001,0.99024,1.0,0.9903578555228137,0.9880303071115928,1.0397183249404356,0.5519871537535187,4.451626355296075,0.014499999999999957,0.0413,60.54772449275235,52.24129948831666,45.96015519026232,79.17808219178073,51.32888420559639,86.40429338103749,66.9051878354203,24.642857142857153,19.081632653061224
11/08/2022,1.0072,1.0021,1.0097,0.9972,0.53%,0.9937799999999999,0.9900766666666667,1.0,0.9934200636095749,0.98926706149149,1.0393945079096578,-0.049617941847766696,3.4723649065132576,0.010800000000000143,0.04800000000000004,63.53636367880722,53.624685349835886,46.265956158499996,93.18801089918271,78.45993057370009,95.54367201426035,85.93256568632764,27.34693877551026,24.540816326530635
11/09/2022,1.0011,1.0074,1.0089,0.9993,-0.61%,0.99312,0.9897949999999999,1.0,0.9948164156805613,0.9900304768791357,1.0390131746791658,0.4918691025898541,2.0073364581210567,-0.006599999999999939,0.027700000000000058,57.92487618524535,51.83693302338936,45.96508282713908,76.5667574931882,82.97761686138386,81.50537634408619,87.81778057979467,24.234693877551074,25.408163265306168
11/10/2022,1.0208,1.0008,1.0223,0.9935,1.97%,0.99558,0.989995,1.0,0.9995407037386411,0.9920156074030624,1.0388318109297972,2.459098665060721,4.173895295438303,0.024599999999999955,0.03939999999999988,68.05035487740946,56.66367739167173,47.08204512661565,96.9574036511155,88.90405734782878,97.46192893401006,91.5036590974522,34.285714285714256,28.622448979591866
11/11/2022,1.0352,1.0209,1.0365,1.0163,1.41%,0.99947,0.990525,1.0,1.0060242121497973,0.994801697248026,1.0387956462378434,4.745522614590706,5.374592833876206,0.038899999999999935,0.055299999999999905,73.27404243172589,59.71640404189208,47.873624982969886,97.9527559055117,90.4923056832718,98.22646657571613,92.3979239512708,41.632653061224445,33.38435374149659
11/14/2022,1.0325,1.0366,1.0368,1.0271,-0.26%,1.00389,0.9911650000000001,1.0,1.010837991758925,0.9972338458126695,1.0387329561910046,4.56755114441968,3.425823900631074,0.04420000000000002,0.05009999999999992,70.86039686174423,58.91147007991781,47.73905639225493,93.26018808777434,96.05678254813381,94.15760869565221,96.61533473512613,40.25510204081632,38.724489795918345
11/15/2022,1.0348,1.0325,1.0482,1.028,0.22%,1.00863,0.9917999999999999,1.0,1.0151947205300293,0.999657468663465,1.038693793352804,5.408984414790662,4.715644606354987,0.04739999999999989,0.03649999999999998,71.74143559648508,59.3938022815877,47.86452114893461,82.18085106382969,91.13126501903855,84.23529411764697,92.20645646300511,41.42857142857141,41.105442176870724
11/16/2022,1.0392,1.0349,1.044,1.033,0.43%,1.01438,0.9925116666666667,1.0,1.0195593167972967,1.002208599717435,1.0386988339233454,6.573684750282016,6.170821413976287,0.057499999999999885,0.050999999999999934,73.44788280457423,60.31572019699869,48.10406202158101,88.03191489361687,87.82431801507362,89.41176470588222,89.2682225063938,43.67346938775506,41.78571428571426
11/17/2022,1.036,1.0395,1.0408,1.0305,-0.31%,1.02047,0.993155,1.0,1.022548531925061,1.0043886900582455,1.0386719603851904,4.016064257028116,6.354583718304083,0.060900000000000065,0.05720000000000003,70.03056638423536,59.30275308825539,47.94305449383036,83.51351351351354,84.57542649032001,85.64705882352945,86.43137254901956,43.48284960422165,42.86163014018271
11/18/2022,1.0324,1.0362,1.0397,1.0313,-0.35%,1.0241099999999999,0.9937600000000001,1.0,1.0243397079386862,1.0061958713448103,1.0386095080240583,3.04421598961972,6.432989690721651,0.03639999999999999,0.05830000000000002,66.18152403971752,58.16588790232244,47.76230414576566,72.8987993138936,81.48140924034132,81.41176470588233,85.49019607843134,42.34282643739925,43.16638180979199
11/21/2022,1.0241,1.0318,1.0334,1.0223,-0.80%,1.02633,0.99417,1.0,1.024296124677107,1.0073509764193387,1.0384650322130666,1.6779189833200865,5.54467690405029,0.022199999999999998,0.05410000000000004,58.013331959278275,55.62266316725316,47.348672497516034,55.941499085923176,70.78460397111009,71.64705882352943,79.5686274509804,37.882858678130056,41.23617823991699
11/22/2022,1.0302,1.0243,1.0309,1.024,0.60%,1.0286300000000002,0.9946533333333334,1.0,1.0253695565539966,1.0088251069729297,1.0383827352263963,2.9068025172310357,6.162407254740309,0.02299999999999991,0.05989999999999995,61.857541832267295,57.05040743313428,47.6833274579508,67.09323583180982,65.31117807720885,78.82352941176471,77.29411764705883,41.16066630843634,40.462117141321876
11/23/2022,1.0395,1.0305,1.0406,1.0297,0.90%,1.03247,0.9952166666666665,1.0,1.0279387280896337,1.010804132329515,1.038393860032462,1.8318965517241537,6.364473549575375,0.03839999999999999,0.06910000000000005,66.97902933995508,59.1245022824374,48.18792940569996,84.09506398537489,69.04326630103594,89.76470588235304,80.07843137254906,46.307277628032395,41.78360087153293
11/24/2022,1.0408,1.0398,1.045,1.0381,0.13%,1.03447,0.99599,1.0,1.0302771411642457,1.0127393495985784,1.0384178182343264,0.5409582689335443,7.089206708509102,0.020000000000000018,0.0635,67.65360584007728,59.40796377053664,48.25804086394943,76.8025078369904,75.99693588472502,90.47619047619038,86.3548085901027,47.00808625336924,44.82534339661266
11/25/2022,1.0395,1.0409,1.043,1.0355,-0.12%,1.0349,0.9967299999999999,1.0,1.0319540245889285,1.0144658431728637,1.0384285935639574,0.6779661016949265,5.661719861760528,0.0043000000000001926,0.0676000000000001,66.15204769163232,58.98481364181225,48.192499658655336,66.40926640926672,75.76894607721066,88.8030888030889,89.68132838721078,46.307277628032395,46.54088050314468
11/28/2022,1.0337,1.0382,1.0498,1.033,-0.56%,1.0350199999999998,0.997415,1.0,1.032271474663669,1.0157067565165498,1.0383815110776187,-0.10630073444142626,4.922858302882674,0.0012000000000000899,0.049900000000000055,59.595070459505436,57.10744132084432,47.90079122549523,41.45454545454561,61.55543990026755,79.69735182849938,86.32554370259288,43.722707423580815,45.67935710166082
11/29/2022,1.0327,1.034,1.0396,1.032,-0.10%,1.03481,0.9981233333333334,1.0,1.0323493883611836,1.0168030948058047,1.0383249407962212,-0.6254811393379476,5.690308054446831,-0.0020999999999999908,0.04749999999999999,58.48453878492873,56.78508237838986,47.850602534573135,37.81818181818158,48.56066456066461,78.43631778057994,82.31225280405607,43.36622807017543,44.465404373929545
11/30/2022,1.0405,1.0329,1.0429,1.029,0.76%,1.03494,0.9988,1.0,1.0338313177500593,1.0183319273989786,1.0383465975157449,0.43436293436292944,6.357967903506085,0.0013000000000000789,0.06340000000000001,64.25703070535006,58.66766821324345,48.275448440012454,66.18181818181796,48.484848484848364,88.27238335435047,82.13535098780993,48.90264490714687,45.330526800301044
12/01/2022,1.0522,1.0407,1.0535,1.0393,1.12%,1.0365600000000001,0.99968,1.0,1.0371710781591394,1.02051696434098,1.038484532737748,1.917861294072069,6.713995943204871,0.016199999999999992,0.07390000000000008,70.98174086865541,61.28475217873734,48.90299473197548,95.83333333333309,66.61111111111086,98.43373493975895,88.38081202489644,56.699252443933325,49.65604180708521
12/02/2022,1.0538,1.0524,1.0545,1.0427,0.15%,1.0387,1.0005116666666667,1.0,1.0401945184938413,1.0226642569641426,1.0386370244155743,2.900107411385613,6.724731618391737,0.021400000000000086,0.06780000000000008,71.78824150021342,61.62846387648651,48.98805601867902,97.82608695652198,86.61374615722433,99.14110429447862,95.28240752952934,58.56224430157805,54.72138055088609
12/05/2022,1.0491,1.0517,1.0596,1.048,-0.45%,1.0412000000000001,1.0011316666666668,1.0,1.0418136969495064,1.0243697887729075,1.0387412005640666,1.834595224228297,5.289040545965473,0.02499999999999991,0.061699999999999866,65.81772894636086,60.00951360767164,48.74847504279015,70.50561797752766,88.05501275579422,87.87528868360258,95.15004263928006,56.242638398115396,57.16804504787559
12/06/2022,1.0469,1.0489,1.0534,1.0459,-0.21%,1.04287,1.0019633333333333,1.0,1.0427384793223233,1.0258233507875587,1.0388224343256303,0.7118807118806975,3.8900466408653274,0.016699999999999937,0.05049999999999999,63.08879606694777,59.25575757680437,48.636575874655016,58.496732026143526,75.60947898673103,85.33487297921462,90.7837553190986,56.5454545454545,57.11677908171598
12/07/2022,1.0505,1.0469,1.0551,1.0442,0.34%,1.0439699999999998,1.0028433333333333,1.0,1.0441496649000825,1.0274153926722323,1.0389387022379177,0.9319754035357458,5.450712708291509,0.010999999999999899,0.04279999999999995,65.67630194177673,60.104044248825026,48.82974607697296,70.26143790849656,66.42126263738923,89.49191685912228,87.56735950731316,58.727272727272705,57.171788556947526
12/08/2022,1.0556,1.0508,1.0566,1.0489,0.49%,1.04545,1.0037716666666665,1.0,1.0462315440091585,1.029233754435314,1.039104589736481,1.548821548821549,5.952022483187808,0.014800000000000146,0.05940000000000012,69.0873266435311,61.28529812826042,49.10228531915241,86.92810457516347,71.89542483660117,95.3810623556582,90.06928406466504,61.81818181818186,59.030303030303024
12/09/2022,1.053,1.0559,1.0589,1.0507,-0.25%,1.0468,1.00463,1.0,1.0474621723711297,1.0307670606007777,1.0392429379355308,1.8670794234303831,6.546595163411919,0.013499999999999845,0.05669999999999997,65.40548083501976,60.34304406742961,48.96865354763488,78.4313725490192,78.54030501089306,92.37875288683585,92.41724403387212,60.242424242424185,60.26262626262625
12/12/2022,1.0535,1.0528,1.0581,1.0506,0.05%,1.04878,1.005485,1.0,1.0485599592127426,1.0322337018523404,1.0393848860104073,2.014137697298359,6.69434879481467,0.01980000000000004,0.06520000000000015,65.79498414438481,60.46397145464423,48.995481668018776,80.06535947712432,81.80827886710232,92.95612009237877,93.57197844495761,60.54545454545459,60.86868686868687
12/13/2022,1.063,1.0534,1.0674,1.0528,0.90%,1.0518100000000001,1.006585,1.0,1.051185421174062,1.0342186243134799,1.0396200045470723,2.162421912542044,8.28155240908627,0.030299999999999994,0.07559999999999989,72.36387557680172,62.699580551429605,49.50241904516279,88.54166666666677,82.34613289760341,95.33898305084749,93.5579520100207,66.30303030303025,62.36363636363634
12/14/2022,1.0682,1.0633,1.0696,1.0619,0.49%,1.05458,1.0079933333333333,1.0,1.0542789809605961,1.0364109711319651,1.039904553087754,1.5206234556168041,9.547738693467345,0.027700000000000058,0.08650000000000002,75.25416676469077,63.856843115550944,49.77702173290051,95.3795379537952,87.99552136586207,98.55072463768109,95.6152759269691,69.45454545454545,65.43434343434343
12/15/2022,1.0626,1.0683,1.0737,1.0592,-0.52%,1.05562,1.00931,1.0,1.0557918935132151,1.0381005858976449,1.0401305124581421,0.8350730688935205,6.686746987951807,0.010399999999999965,0.08750000000000002,66.88408974387691,61.72342420473381,49.485764915325056,64.19354838709658,82.70491766918616,88.84422110552754,94.24464293135203,66.06060606060605,67.27272727272725
12/16/2022,1.0582,1.0626,1.0664,1.0584,-0.41%,1.05606,1.0107966666666666,1.0,1.056229731056267,1.039397322291345,1.0403104140010437,0.8674101610904688,5.619323285757064,0.0043999999999999595,0.06220000000000003,60.9644198629286,60.091610977354584,49.25816766391019,47.45762711864398,69.01023781984523,81.50357995226724,89.63284189849196,63.39393939393939,66.3030303030303
12/19/2022,1.0605,1.0591,1.0659,1.0576,0.22%,1.0572,1.0124616666666666,1.0,1.0570061435914913,1.0407587853693228,1.0405114222713354,1.299073454962275,5.291898332009521,0.011400000000000077,0.058599999999999985,62.872944726208964,60.6541054739544,49.38047622562634,55.25423728813538,55.635137597958625,83.54114713216946,84.62964939665476,64.78787878787877,64.74747474747474
12/20/2022,1.0621,1.0606,1.066,1.0579,0.15%,1.05872,1.0141766666666667,1.0,1.0579322993021292,1.0421356379261408,1.0407263577112493,1.104236078058073,6.093297372889815,0.015200000000000102,0.05489999999999995,64.22491605804697,61.04918635918319,49.46563836502046,60.677966101694835,54.46327683615804,85.53615960099745,83.52696222847806,65.75757575757576,64.64646464646465
12/21/2022,1.0603,1.0625,1.0646,1.0589,-0.17%,1.0596999999999999,1.015625,1.0,1.0583627903381057,1.0433075322534866,1.0409212313781913,0.4452444107616451,3.8695141065830816,0.009800000000000031,0.05919999999999992,61.42877642149036,60.34401193168052,49.3717230900948,45.96774193548389,53.96664844177135,83.291770573566,84.12302576891096,64.66666666666666,65.07070707070706
12/22/2022,1.0593,1.0607,1.066,1.0572,-0.09%,1.06007,1.0169233333333334,1.0,1.0585331920948136,1.0443393043661648,1.041104207937256,0.5982905982905957,2.3280525502318405,0.0036999999999998145,0.03849999999999998,59.82111424555148,59.94606231842173,49.31944073127393,37.662337662337166,48.102681899838615,74.91289198606243,81.24694072020863,64.06060606060599,64.82828282828281
12/23/2022,1.0614,1.0595,1.0633,1.0586,0.20%,1.06091,1.0182816666666665,1.0,1.0590544298957565,1.0454399944070574,1.0413062689899242,0.749881347887973,2.799031476997572,0.008399999999999963,0.0262,62.13347287493376,60.51178547421049,49.432458036136275,46.75324675324617,43.46110878368906,76.0700389105055,78.09156715671132,65.33333333333326,64.68686868686864
12/26/2022,1.0635,1.0611,1.0638,1.0604,0.20%,1.06191,1.0196333333333334,1.0,1.0598627153692552,1.046605156058215,1.0415272243336124,0.04703668861711618,2.7734827986084216,0.009999999999999787,0.030999999999999917,64.40935936631435,61.08044182764228,49.54553654139544,51.19617224880315,45.203918888128804,80.15564202334595,77.04619097330463,66.60606060606052,65.33333333333326
12/27/2022,1.0638,1.0638,1.067,1.0611,0.03%,1.06199,1.0207249999999999,1.0,1.060578585302118,1.0477145008286528,1.0417489654056031,-0.4119078824190188,2.3672055427251903,0.0008000000000001339,0.029000000000000137,64.745690280658,61.1630936137987,49.56173028558366,40.00000000000054,45.98313966734994,80.73929961089495,78.98832684824879,66.78787878787882,66.2424242424242
12/28/2022,1.0608,1.0642,1.0675,1.0606,-0.28%,1.06125,1.021935,1.0,1.0606188425199148,1.048558726581643,1.0419386307562004,-0.16939582156973687,2.3938223938223873,-0.007400000000000073,0.021600000000000064,58.593395458180055,59.8482945742009,49.40237282138298,21.818181818181866,37.67145135566184,74.90272373540834,78.59922178988307,64.96969696969693,66.12121212121208
12/29/2022,1.0661,1.0609,1.0691,1.0609,0.50%,1.0616,1.02339,1.0,1.061615416607203,1.0496904216408918,1.0421791714897797,0.7465507465507482,3.2642386671832684,0.0035000000000000586,0.030100000000000016,65.10264461153525,61.366100862323236,49.689593241531824,74.78991596638751,45.536032594856614,85.21400778210109,80.28534370946812,68.1818181818182,66.64646464646465
12/30/2022,1.0702,1.0663,1.0714,1.0639,0.38%,1.0628,1.0249916666666665,1.0,1.0631762499513477,1.0510136202447051,1.0424581339344772,0.9146628948609187,4.501513524069918,0.01200000000000001,0.037800000000000056,69.2567417487603,62.50050807409328,49.91065591275845,91.54929577464881,62.71913118640604,93.19066147859913,84.43579766536952,70.66666666666667,67.93939393939394
01/02/2023,1.0662,1.0702,1.0708,1.065,-0.37%,1.0633700000000001,1.026595,1.0,1.0637260226874663,1.0519933866805304,1.0426944957522881,0.38602768100932044,3.494467093768203,0.005700000000000038,0.042100000000000026,61.341371431052856,60.7016362217469,49.6965459657265,63.38028169014173,76.57316447705934,84.90945674044255,87.77137533371426,68.24242424242425,69.03030303030305
01/03/2023,1.0546,1.0664,1.0684,1.0519,-1.09%,1.06262,1.028,1.0,1.0620667458351996,1.0521615552817865,1.0428130202136894,-0.5375837027256473,1.452621452621442,-0.007500000000000062,0.024399999999999977,44.83138193850915,55.876934130511245,49.082856995340414,13.846153846153566,56.258577103648015,57.27069351230416,78.45693724378195,61.21212121212118,66.7070707070707
01/04/2023,1.0599,1.0552,1.0636,1.0541,0.50%,1.06258,1.0294916666666667,1.0,1.0616727920469815,1.0526608097797359,1.0429831276306323,0.05664117813651997,1.8351268255188429,-0.00039999999999995595,0.020399999999999974,51.463297044132716,57.47450672460454,49.369951747219496,41.02564102564138,39.417358853978875,69.12751677852353,70.43588901042341,64.42424242424245,64.62626262626263
01/05/2023,1.052,1.0604,1.0633,1.0515,-0.75%,1.06185,1.0307366666666666,1.0,1.0599141025838938,1.0526181768907206,1.0430728935818294,-0.8856227623892834,1.2025012025011983,-0.007299999999999862,0.011200000000000099,42.91852710098625,54.43536775102302,48.95642928809367,2.5125628140700993,19.128119228621664,51.45413870246093,59.28411633109621,63.85463984425704,63.163667826873564
01/06/2023,1.0644,1.0522,1.0648,1.0483,1.18%,1.0621500000000001,1.0322783333333332,1.0,1.0607297202959132,1.053378294510674,1.0432852109115403,0.08462623413259267,2.9699139015188107,0.0030000000000001137,0.024899999999999922,55.7360709917293,58.038224646473815,49.62208263788702,69.69696969697002,37.74505784556048,79.19463087248312,66.59209545115586,72.89473684210532,67.05787303686827
01/09/2023,1.0728,1.0637,1.0762,1.0636,0.79%,1.06308,1.0337616666666667,1.0,1.0629243166057472,1.0546313077680498,1.0435790374415532,0.8460236886632728,3.883025079887675,0.009300000000000086,0.03909999999999991,62.13569833520699,60.24131357572163,50.0654287656714,87.81362007168435,53.34105086090815,92.7966101694914,74.48179324814515,82.03716448726772,72.9288470578767
01/10/2023,1.0734,1.0725,1.076,1.0711,0.06%,1.0640399999999999,1.0352316666666668,1.0,1.0648289863137932,1.055842191137853,1.0438759105200877,1.187782805429859,3.1619413743392535,0.009599999999999831,0.04069999999999996,62.56524384943086,60.394960491082756,50.096955474501904,89.96415770609272,82.49158249158235,94.06779661016922,88.68634588404791,84.66431095406357,79.86540409447888
01/11/2023,1.0755,1.0736,1.0777,1.0725,0.20%,1.06551,1.0368716666666669,1.0,1.0667691706203761,1.0571104368708946,1.0441907325006463,0.881718412906843,2.2144079072419576,0.014699999999999935,0.03499999999999992,64.14696770167933,60.941471602017444,50.20753784010976,92.51700680272043,90.09826152683247,94.27083333333283,93.71174670433113,86.14840989399288,84.28329511177473
01/12/2023,1.0846,1.0757,1.0867,1.073,0.85%,1.0673599999999999,1.0386433333333334,1.0,1.0700111395984895,1.0588839570727724,1.0445930101223944,1.3455428891795895,2.9227557411273426,0.01849999999999996,0.032399999999999984,70.20786437092642,63.21679664855897,50.683475763506415,94.53125000000003,92.33747150293772,95.22727272727275,94.52196755692493,92.57950530035338,87.79740871613662
01/13/2023,1.0828,1.0854,1.0869,1.078,-0.17%,1.06862,1.0402566666666668,1.0,1.0723363869442186,1.0604269275842062,1.0449733620482873,1.5569311573813494,3.212277189972364,0.012599999999999945,0.028999999999999915,67.69283928495942,62.47211923881236,50.58735069175279,89.37823834196892,92.14216504822978,90.39812646370025,93.2987441747686,91.30742049469967,90.01177856301531
01/16/2023,1.0816,1.0834,1.0875,1.0801,-0.11%,1.07016,1.0418266666666667,1.0,1.074020680227088,1.061792932256193,1.0453379797700713,2.560212402806743,3.3145477122934337,0.015399999999999858,0.03249999999999997,65.9430261847462,61.968688192600595,50.52314901679916,84.94897959183666,89.61948931126852,86.37413394919162,90.66651104672154,91.3633119200571,91.75007923837006
01/17/2023,1.0788,1.0822,1.087,1.0774,-0.26%,1.0725799999999999,1.0432,1.0,1.0748896474585266,1.0628901624332128,1.0456710921835721,1.7831870931219846,2.6939552594002847,0.0242,0.03190000000000004,61.80130504058537,60.78630154103311,50.373229586501836,77.80612244897972,84.04444679426176,79.90762124711328,85.55996055333505,89.3647394718059,90.67849062885422
01/18/2023,1.0792,1.079,1.0888,1.0766,0.04%,1.0745099999999999,1.0443916666666666,1.0,1.0756733479206126,1.0639424100181667,1.0460048688930772,2.5855513307984688,2.2356953391436,0.019299999999999873,0.028699999999999948,62.17836613038899,60.896563918754104,50.39436337800353,76.29629629629615,79.68379944570415,76.29629629629615,80.85935049753368,89.65024982155605,90.12610040447301
01/19/2023,1.0827,1.079,1.0841,1.0782,0.32%,1.07758,1.0458333333333334,1.0,1.0769509210259558,1.0651525771137689,1.0463701633217897,1.7192784667418248,2.8205128205128265,0.03069999999999995,0.027099999999999902,65.4902183370545,61.867119629587755,50.57944105101658,84.93827160493828,79.68023011673803,84.93827160493828,80.38072971611591,92.14846538187015,90.3878182250774
01/20/2023,1.0855,1.0833,1.086,1.0802,0.26%,1.0796899999999998,1.04732,1.0,1.0785052990212365,1.066465314074171,1.0467596930815204,1.1838180462341474,3.037494067394381,0.021099999999999897,0.03249999999999997,67.98233194726537,62.63463662680912,50.72724863657388,86.90476190476153,82.71310993533196,91.85185185185165,84.36213991769534,94.14703783012135,91.9819176778492
01/23/2023,1.0868,1.086,1.0928,1.0846,0.12%,1.08109,1.0489616666666666,1.0,1.0800134264719208,1.067777229295192,1.0471582845771172,1.2483696664803503,2.2389463781749805,0.014000000000000012,0.033299999999999885,69.13226664126285,62.99239348393357,50.795916329822624,72.35023041474659,81.39775464148211,86.51685393258425,87.76899246312473,95.07494646680948,93.79014989293368
01/24/2023,1.0885,1.0872,1.0899,1.0834,0.16%,1.0826,1.0506466666666665,1.0,1.0815564398406625,1.0691141822438892,1.0475698294221223,1.2087401208740236,1.9003931847968532,0.015100000000000113,0.025500000000000078,70.66321002639833,63.465598758238336,50.885873246167286,78.81773399014791,79.357575436552,90.33707865168546,89.56859481204044,96.28836545324776,95.17011658339288
01/25/2023,1.0915,1.0881,1.0925,1.0856,0.28%,1.0842,1.0524766666666667,1.0,1.083364359869633,1.070558428550735,1.0480071396395652,0.6361792365849075,2.719744024091843,0.016000000000000014,0.023299999999999876,73.26331986618405,64.29896325953385,51.04461207081183,93.43434343434305,81.53410261307917,97.07865168539308,91.31086142322094,98.42969307637404,96.59766833214377
01/26/2023,1.0889,1.0917,1.093,1.085,-0.24%,1.08463,1.0543733333333334,1.0,1.084370839893336,1.07174175574101,1.0484142126468199,0.5633542667159211,2.9011529011528965,0.0042999999999999705,0.02629999999999999,67.50220362933075,63.010356835865494,50.90131584383269,75.0,82.41735914149697,90.82774049217002,92.74782360974952,97.05882352941177,97.25896068634454
01/27/2023,1.0867,1.0892,1.0902,1.0837,-0.20%,1.0850199999999999,1.055885,1.0,1.084794323549093,1.072706803757719,1.048795331558122,0.4715236686390629,2.470532767562471,0.0039000000000000146,0.02849999999999997,62.85524914391884,61.92406044409274,50.780087396188456,61.58536585365864,76.67323642933388,85.90604026845642,91.27081081533983,95.48063127690102,96.98971596089562
01/30/2023,1.0844,1.0875,1.0915,1.0839,-0.21%,1.0853,1.05726,1.0,1.0847226283583489,1.0734612035152855,1.0491497595233439,0.51909529106415,2.0996139723189895,0.0028000000000001357,0.023900000000000032,58.20106020427646,60.79061314044692,50.6533322414302,47.56097560975636,61.38211382113832,80.7606263982104,85.8314690529456,93.83070301291252,95.45671927307512
01/31/2023,1.0862,1.085,1.0875,1.0802,0.17%,1.0860400000000001,1.0585766666666665,1.0,1.0849912413841036,1.074283061353009,1.0495185759065673,0.648628613788002,2.442704894841086,0.007400000000000073,0.02410000000000001,60.72960081468802,61.3631605147749,50.75002629726983,58.53658536585409,55.894308943089676,84.78747203579435,83.81804623415373,95.12195121951225,94.81109516977529
02/01/2023,1.0989,1.0864,1.1002,1.0852,1.17%,1.0880100000000001,1.0602066666666667,1.0,1.0875201065869937,1.0758712509431374,1.0500101408920532,1.4962593516209468,3.7383177570093538,0.01970000000000005,0.03859999999999997,73.36218047278739,65.08445991722269,51.42496326899803,94.09090909090874,66.72949002217305,97.49518304431585,87.68109382610687,99.11323328785807,96.02196250676097
02/02/2023,1.091,1.099,1.1035,1.0885,-0.72%,1.0888399999999998,1.0613766666666666,1.0,1.0881528144802677,1.0768472992693867,1.0504181707370446,0.5066789497927279,2.788769549651411,0.008299999999999974,0.03170000000000006,60.01807031570794,61.286054556890846,50.98811914616929,46.351931330472006,66.3264752624116,77.35507246376815,86.54590918129277,91.66110740493664,95.298763970769
02/03/2023,1.0793,1.0909,1.0941,1.0791,-1.07%,1.08822,1.0621116666666668,1.0,1.0865432118474918,1.0770055380262005,1.0507056710978753,-0.6900993743099063,1.4856605547719828,-0.006199999999999983,0.017900000000000027,46.191959479135505,56.25597676342925,50.351469724949325,0.8196721311474515,47.087504184176055,56.159420289855014,77.00322526597967,83.8559039359573,91.54341487625068
02/06/2023,1.073,1.079,1.08,1.0709,-0.58%,1.08684,1.0627866666666668,1.0,1.0840808096934025,1.0767471162180584,1.0509275961408466,-1.4239779513091473,0.8648242150780104,-0.013800000000000034,0.009500000000000064,40.59669224348698,53.79648765022849,50.013521323295,6.441717791411023,17.871107084343482,44.74637681159417,59.42028985507244,79.65310206804537,85.05670446964645
02/07/2023,1.0723,1.0727,1.0768,1.0667,-0.07%,1.08522,1.0634116666666666,1.0,1.081938844294602,1.0764602054943126,1.0511403431726924,-1.7590471827759857,1.0840874811463108,-0.016199999999999992,0.008499999999999952,39.998537513184935,53.52749901318902,49.97606417543269,15.217391304347982,7.4929270756354756,43.47826086956532,48.1280193236715,79.18612408272188,80.89837669557487
02/08/2023,1.0709,1.0726,1.0762,1.0709,-0.13%,1.08316,1.0639399999999999,1.0,1.0799317816955836,1.0761014825591957,1.0513370356642833,-1.653044356690239,0.4502391895694508,-0.02059999999999995,0.010099999999999998,38.73041127856075,52.97942338239025,49.90094290240341,11.413043478260837,11.024050858006603,40.94202898550722,43.055555555555564,78.25216811207473,79.03046475428066
02/09/2023,1.0736,1.0711,1.0793,1.0709,0.25%,1.0816299999999999,1.0645666666666667,1.0,1.0787805486600228,1.0759400965876347,1.0515586458095654,-1.2054844943406542,0.31769762661185474,-0.01529999999999987,0.007500000000000062,42.62813087849221,53.92072363616678,50.04648197907257,18.750000000000377,15.126811594203055,45.833333333333584,43.41787439613537,80.05336891260852,79.16388703580172
02/10/2023,1.0675,1.0738,1.0753,1.0665,-0.57%,1.07971,1.0651516666666665,1.0,1.0767295398127459,1.0753955742271422,1.0517173287137367,-1.5584655108816061,0.12192834365033359,-0.019200000000000106,-0.0027000000000001467,36.75807834017507,51.51066976863872,49.718529192186466,2.702702702702411,10.955248726987866,34.782608695652016,40.5193236714976,75.98398932621745,78.09650878363357
02/13/2023,1.072,1.0679,1.073,1.0655,0.42%,1.07847,1.06595,1.0,1.0758696234831557,1.075176504922165,1.051919225022812,-1.3073098876818254,1.649914659586581,-0.012399999999999967,0.005800000000000027,43.17232630685515,53.110067874609776,49.961637866745356,17.105263157895177,12.852655286865977,42.93478260869581,41.18357487922713,78.98599066044038,78.34111629975546
02/14/2023,1.0735,1.0723,1.0805,1.0707,0.14%,1.0772,1.0666716666666667,1.0,1.0754387828498548,1.0750683433142836,1.052134041989012,-2.3114023114023197,1.2831399188602541,-0.012700000000000156,0.018899999999999917,45.22974045555464,53.637395134779766,50.04255646544124,21.052631578947366,13.620199146514972,45.65217391304335,41.12318840579706,79.98665777184787,78.31887925283525
02/15/2023,1.0689,1.0738,1.0745,1.066,-0.43%,1.0741999999999998,1.0671616666666668,1.0,1.0742499132407903,1.074670385681104,1.0523009311950877,-2.0256645279560046,1.6064638783269882,-0.030000000000000027,0.008999999999999897,40.26279055825112,51.78968550653634,49.79437517038203,8.947368421052806,15.701754385965105,37.31884057971012,41.968599033816425,76.91794529686459,78.63019790971761
02/16/2023,1.0668,1.069,1.0723,1.0654,-0.20%,1.07178,1.067595,1.0,1.0728953835606465,1.0741626188629683,1.0524452551209253,-1.1581580654127634,0.22547914317925197,-0.0242,0.014799999999999924,38.138340949934,50.9606263494692,49.68132762580415,4.878048780488013,11.626016260162716,33.51449275362317,38.82850241545888,75.51701134089394,77.47387146986881
02/17/2023,1.0694,1.0674,1.0699,1.0612,0.24%,1.0707900000000001,1.0680933333333333,1.0,1.0722598592768926,1.0738553531298733,1.052614022244068,-0.33550792171482274,-0.316927665920961,-0.00990000000000002,0.004999999999999893,42.324767355309994,51.94588474106797,49.82307527322285,42.48704663212406,18.770821277888285,19.385342789598074,30.07289204097712,77.25150100066709,76.56215254614187
02/20/2023,1.0682,1.0688,1.0705,1.067,-0.11%,1.0703099999999999,1.0686683333333333,1.0,1.0715217030447304,1.0734904916376233,1.052769164113908,-0.3823556840436438,-0.4844419601266883,-0.0047999999999999154,-0.0045999999999999375,40.905169030430855,51.45232313215402,49.75805707698946,36.2694300518139,27.878175154808645,16.54846335697427,23.149432966731837,76.45096731154109,76.40649321770071
02/21/2023,1.0646,1.0686,1.0699,1.0637,-0.34%,1.06954,1.0692,1.0,1.070263211582052,1.07291691153197,1.0528869270965617,-0.5882902231767646,-1.0134821013482018,-0.00770000000000004,-0.008799999999999919,36.791774394651334,49.978590370756514,49.563045432535674,17.6165803108811,32.12435233160634,8.037825059101818,14.657210401891383,74.04936624416281,75.91727818545701
02/22/2023,1.0601,1.0648,1.0665,1.0599,-0.42%,1.06846,1.0695266666666667,0.0,1.06841535493077,1.0720900140137786,1.0529587250560712,-1.2574515648286202,-2.2588972893232495,-0.01079999999999992,-0.015399999999999858,32.282953811007786,48.19359797633163,49.320211711347596,0.9708737864076623,18.28562804970088,0.4587155963302262,8.348334670802101,71.04736490994003,73.84923282188133
02/23/2023,1.0595,1.0604,1.0629,1.0577,-0.06%,1.06705,1.0696483333333333,0.0,1.0667943813069936,1.0712777550451476,1.0530238357933568,-0.7494145199063031,-2.1518285925378535,-0.014100000000000001,-0.0250999999999999,31.707291765305683,47.95734922018728,49.28785185706331,7.894736842105392,8.827396979798042,3.930131004366878,4.142223886599636,70.64709806537702,71.91460973982663
02/24/2023,1.0546,1.0597,1.0616,1.0536,-0.46%,1.06576,1.0696616666666665,0.0,1.0645772210693583,1.0702017708486864,1.053039524607381,-1.6231343283582162,-2.4963017751479213,-0.012899999999999912,-0.028200000000000003,27.291364583358273,46.050220608764775,49.02384769815326,3.717472118958709,4.1943609158239115,2.00400801603185,2.1309515389096467,67.3782521681121,69.69090504780972
02/27/2023,1.0607,1.0542,1.0621,1.0532,0.58%,1.0646299999999997,1.069855,0.0,1.0638722717840203,1.0695887533745776,1.053115775132022,-1.1923614345598437,-1.6777901371894703,-0.011300000000000088,-0.02089999999999992,39.03572596930605,48.67855546908113,49.36319767566978,27.472527472527595,13.02824547786389,14.910536779324177,6.948225266574298,71.44763175450302,69.82432732933073
02/28/2023,1.0576,1.0605,1.0646,1.0574,-0.29%,1.06304,1.0700333333333334,0.0,1.0627318587323802,1.0688152854149275,1.0531604098682605,-1.0571615679670565,-2.0014825796886435,-0.015899999999999803,-0.021199999999999886,35.772948193478456,47.46292756576238,49.1959274266951,20.657276995305924,17.282425528930734,8.747514910537138,8.554019901964383,69.37958639092739,69.40182343784751
03/01/2023,1.0665,1.0576,1.0692,1.0565,0.84%,1.0628,1.0703,0.0,1.0634169753264928,1.0686659121623516,1.0532931880039402,-0.028121484814395102,-1.4962593516209468,-0.0023999999999999577,-0.012699999999999934,49.29301473353619,51.090435286548875,49.68784638260032,69.63350785340319,39.254437440412225,26.441351888668162,16.699801192843154,75.31687791861245,72.04803202134762
03/02/2023,1.0596,1.0667,1.0673,1.0576,-0.65%,1.06208,1.070366666666667,0.0,1.062722979812585,1.0680810146034903,1.0533559638350953,-0.9164017205909678,-2.38599723629662,-0.007199999999999873,-0.0230999999999999,41.7265959772265,48.40968082734488,49.31578296882785,36.994219653180046,42.42833483396304,12.723658051690222,15.970841616965169,70.71380920613753,71.80342450522579
03/03/2023,1.0632,1.0598,1.064,1.0587,0.34%,1.0614599999999998,1.0705366666666665,0.0,1.0628097107557513,1.067766110435523,1.0534539476417442,-0.4680771391125365,-2.1715126978284935,-0.006199999999999983,-0.022299999999999986,46.488322600774815,49.83048429948757,49.514012328974445,57.80346820809223,54.81039857155847,19.88071570576542,19.68190854870793,73.11541027351566,73.04869913275523
03/06/2023,1.0678,1.0619,1.0695,1.0615,0.43%,1.06142,1.070775,0.0,1.0637170360728874,1.0677682968590376,1.0535967423304666,0.30058237835807733,-1.9016995865870407,-0.00039999999999995595,-0.018999999999999906,52.05102951645483,51.59268502975025,49.76631539138839,87.42514970059898,60.74094585395707,29.025844930417822,20.54340622929115,76.18412274849909,73.33778074271744
03/07/2023,1.0547,1.0681,1.0695,1.0545,-1.23%,1.06043,1.0706366666666667,0.0,1.0620775749687261,1.066925180932648,1.0536077236656503,-0.5093859069899134,-3.3715071003206547,-0.00990000000000002,-0.03380000000000005,39.167509736957776,46.75456933040326,49.0645214484444,9.20245398773042,51.47702396547387,2.9821073558649234,17.296222664016053,67.4449633088726,72.24816544362913
03/08/2023,1.0544,1.0549,1.0575,1.0524,-0.03%,1.05986,1.0704066666666667,0.0,1.0606816522471396,1.066117104743445,1.0536156096051421,-0.48135913166588995,-3.16833501698962,-0.005700000000000038,-0.03709999999999991,38.92237100103675,46.65093070409381,49.048602013814175,11.695906432748622,36.107836707025996,3.9138943248532385,11.973948870378656,67.24482988659109,70.29130531465428
03/09/2023,1.058,1.0545,1.0591,1.0538,0.34%,1.0597100000000002,1.07033,0.0,1.060194079111296,1.0655934205664486,1.0536592495861823,0.3223971173904864,-2.641023281494428,-0.0015000000000000568,-0.030899999999999928,43.62670490502797,48.07962691969389,49.24720155081384,32.7485380116964,17.882299477391804,10.958904109589154,5.951635263435769,69.64643095396939,68.11207471647771
03/10/2023,1.0643,1.058,1.0702,1.0573,0.60%,1.06068,1.0704316666666667,0.0,1.0609406101819696,1.0655099740782905,1.053765161833931,0.33939851041765323,-1.8535595721136118,0.009700000000000042,-0.022399999999999975,50.96974149262827,50.48040193903843,49.592766715316465,66.85393258426964,37.09945900957155,23.28767123287679,12.720156555773059,73.8492328218813,70.24683122081393
03/13/2023,1.0729,1.0646,1.0749,1.0646,0.81%,1.0619,1.0706383333333334,0.0,1.0631150446943387,1.0659867499442073,1.0539556190047659,1.446671709531001,-1.2244522187442541,0.012199999999999989,-0.011500000000000066,59.05849291393217,53.51569848144201,50.05927528236279,91.11111111111109,63.571193902359035,40.117416829745586,24.78799739073717,79.58639092728487,74.36068490104519
03/14/2023,1.0732,1.073,1.0751,1.0679,0.03%,1.06346,1.0708233333333332,0.0,1.0649486729317317,1.0664521209155489,1.05414716589356,0.6282231598687228,-2.3387023387023436,0.015599999999999836,-0.013000000000000123,59.31862458326063,53.6182912667769,50.07547399256147,91.6299559471365,83.1983332141724,40.704500978473504,34.703196347031955,79.78652434956636,77.74071603291087
03/15/2023,1.0575,1.0733,1.0761,1.0516,-1.46%,1.06256,1.0707766666666667,0.0,1.063594368762326,1.065874564727449,1.05418053786445,-0.1981879954699878,-3.070577451878998,-0.008999999999999897,-0.04139999999999988,43.31539676721258,47.895512107022185,49.235512502474634,24.081632653061323,68.94089990376962,11.368015414258256,30.729977740825777,69.31287525016688,76.22859684233937
03/16/2023,1.0605,1.0578,1.0637,1.055,0.28%,1.06265,1.0707966666666666,0.0,1.0630317562600848,1.0655278186160007,1.054243437561607,-0.2539503386004444,-1.7418697303807957,0.0008999999999999009,-0.03049999999999997,46.38633515445815,48.97209291286308,49.398515685238735,36.326530612244575,50.67937307081413,20.941176470588026,24.337897621106592,71.31420947298203,73.47120302423843
03/17/2023,1.0666,1.0609,1.0686,1.0605,0.58%,1.06299,1.0708833333333334,0.0,1.0636805278491603,1.0655969916085166,1.0543664261361358,-0.11238059561716517,-0.5964585274930068,0.0034000000000000696,-0.012699999999999934,52.232902009874415,51.097463770553134,49.728386884241736,61.22448979591806,40.54421768707464,51.903114186851006,28.070768690565757,75.38358905937295,72.00355792750729
03/20/2023,1.0719,1.0697,1.0732,1.0631,0.50%,1.0634000000000001,1.0710233333333334,0.0,1.0651749773311312,1.066003637311193,1.054540942526646,1.6307954868683134,-0.0373029935652295,0.0040999999999999925,-0.0010999999999998789,56.7826475519975,52.862144242719786,50.01293892211729,82.8571428571429,60.136054421768506,70.24221453287211,47.69550173010371,78.91927951967988,75.20569268401164
03/21/2023,1.0767,1.0722,1.0789,1.0704,0.45%,1.0656,1.0712383333333333,0.0,1.0672704359981982,1.0666937252265998,1.0547614969369927,2.1149468892260987,0.5416005229246454,0.02200000000000002,0.0043999999999999595,60.56262420984202,54.403678320510714,50.26915536740943,91.94139194139198,78.6743415314843,86.85121107266424,69.66551326412912,82.12141427618415,78.80809428507901
03/22/2023,1.0855,1.0768,1.0913,1.0759,0.82%,1.06871,1.0716500000000002,0.0,1.070584902180344,1.0679070332764966,1.0550674437106378,2.5992438563326896,1.108420268256315,0.031099999999999905,0.014599999999999946,66.52652821034422,57.06651275003067,50.734432004733364,85.39042821158678,86.72965433670721,85.39042821158678,80.82795127237438,87.99199466310871,83.01089615299092
03/23/2023,1.083,1.0856,1.093,1.0824,-0.23%,1.07121,1.0719316666666667,0.0,1.0728421926930087,1.0688807730651098,1.055345461483761,1.757023395659113,1.451990632318508,0.02499999999999991,0.009399999999999853,63.49556373784559,56.10360274595376,50.599267115449386,75.84541062801922,84.39241026033265,75.84541062801922,82.69568330409008,86.32421614409608,85.47920836112966
03/24/2023,1.0759,1.0829,1.084,1.0713,-0.66%,1.07237,1.0720266666666667,1.0,1.0733981576579161,1.0693336264157478,1.0555500439148668,0.2796159940348694,0.3638059701492551,0.011600000000000055,0.008400000000000185,55.51437997458348,53.4537360539552,50.21740147261442,58.69565217391318,73.31049700450639,58.69565217391318,73.31049700450639,81.58772515010016,85.30131198576832
03/27/2023,1.0796,1.0766,1.0801,1.0745,0.34%,1.07304,1.07225,1.0,1.0745257653564768,1.0699959730986026,1.0557894160710017,0.5963473723443871,0.5682347461574285,0.006699999999999928,0.007599999999999829,58.53247499051344,54.60948892340928,50.413399180363285,67.63285024154561,67.391304347826,67.63285024154561,67.39130434782601,84.0560373582388,83.98932621747835
03/28/2023,1.0843,1.0798,1.085,1.0795,0.44%,1.07415,1.072745,1.0,1.0763028989280266,1.070918813543854,1.0560731845865117,2.534278959810868,1.4407334643091103,0.01110000000000011,0.010800000000000143,62.15624865789231,56.04372430415145,50.6613887440518,78.98550724637691,68.43800322061189,78.98550724637691,68.4380032206119,87.19146097398273,84.27840782744056
03/29/2023,1.0843,1.0844,1.0872,1.0817,0.00%,1.07683,1.0731516666666667,1.0,1.077756917304749,1.0717821158958636,1.0563541279280857,2.2442244224422483,1.6404199475065682,0.026799999999999935,0.01540000000000008,62.15624865789231,56.04372430415145,50.6613887440518,77.10526315789494,74.57454021527248,78.98550724637691,75.20128824476647,87.19146097398273,86.14631976873477
03/30/2023,1.0901,1.0844,1.0927,1.0823,0.53%,1.0797899999999998,1.0737866666666667,1.0,1.0800011141584311,1.072963914870324,1.0566900018558079,2.2032627039190023,1.9356648587993421,0.02960000000000007,0.0233000000000001,66.60266277346585,57.804477079843004,50.967050468539746,91.07692307692336,82.38923116039841,92.99516908212581,83.65539452495987,91.06070713809216,88.48120969535255
03/31/2023,1.0839,1.0906,1.0926,1.0837,-0.57%,1.08152,1.0741116666666668,1.0,1.0807100024932619,1.073669468749658,1.0569608232304808,1.1195074167366368,1.469762216813335,0.017300000000000093,0.01450000000000018,58.44634279154453,55.35257957997417,50.63007111683014,69.56521739130477,79.24913454204102,78.0193236714978,83.33333333333351,86.92461641094073,88.39226150767189
04/03/2023,1.0895,1.0847,1.0918,1.0787,0.52%,1.08328,1.0743900000000002,1.0,1.0823081838581232,1.0746907933464542,1.0572846850773945,1.1888176836630373,2.3389066315987153,0.017599999999999838,0.021299999999999875,62.994381553396735,57.054646421244755,50.92461550787402,84.51327433628289,81.71847160150368,91.5458937198066,87.52012882447673,90.660440293529,89.54858794752063
04/04/2023,1.0952,1.0901,1.0974,1.0883,0.52%,1.08513,1.0747533333333334,1.0,1.0846521504293736,1.0760139679692637,1.05766205450009,0.8935974205435323,3.3110083954343845,0.01849999999999996,0.03059999999999996,67.07047966140458,58.7119963325253,51.222311657642265,91.57088122605373,81.88312431788046,95.19650655021836,88.25390798050758,94.46297531687793,90.68267734044923
04/05/2023,1.0903,1.0953,1.097,1.089,-0.45%,1.08561,1.075,1.0,1.0856790321694874,1.0769356474551177,1.0579868976233784,0.6740535549399893,2.9070316186880545,0.0048000000000001375,0.030200000000000005,60.68575150146246,56.76388132832037,50.95525914705518,72.79693486590084,82.96036347607914,84.49781659388667,90.41340562130388,91.19412941961316,92.10584834334004
04/06/2023,1.092,1.0903,1.0939,1.0884,0.16%,1.08651,1.0751233333333334,1.0,1.0868282990477625,1.0779075411676906,1.0583254266770998,1.4964216005204947,3.5463682912952876,0.009000000000000119,0.03249999999999997,62.07736872202616,57.27270723866966,51.044255234366524,79.3103448275868,81.22605363984711,88.20960698689984,89.3013100436683,92.32821881254179,92.6617745163443
04/07/2023,1.0897,1.0923,1.0926,1.0877,-0.21%,1.0878900000000002,1.0752383333333333,1.0,1.0873504264936238,1.0786683449633234,1.058637693883022,0.935531678399407,2.7340435561421623,0.013799999999999812,0.03509999999999991,58.94102326679957,56.34464450764365,50.918620151841615,66.3755458515281,72.82760851500524,83.18777292576405,85.29839883551685,90.79386257505001,91.438736935735
04/10/2023,1.0859,1.0901,1.0918,1.0831,-0.35%,1.08852,1.0753100000000002,1.0,1.0870867125856922,1.0791349033527864,1.0589090314949534,0.14756063819976445,2.675869894099848,0.006300000000000194,0.02520000000000011,53.938356734905796,54.826207284853496,50.71136656678548,38.50267379679208,61.39618815863565,74.8908296943234,82.09606986899577,88.25883922615087,90.46030687124757
04/11/2023,1.091,1.0863,1.0928,1.0857,0.47%,1.0891899999999999,1.0755133333333333,1.0,1.0877982193882936,1.079900393459058,1.0592284272232968,0.6179101724614893,2.29723394280356,0.006699999999999928,0.033399999999999874,59.11334675312211,56.455457426167015,50.9804939292364,65.77540106951881,56.88454023927966,86.02620087336248,81.36826783114998,91.66110740493664,90.23793640204586
04/12/2023,1.0989,1.0913,1.1001,1.0911,0.72%,1.0906500000000001,1.0758416666666666,1.0,1.0898167249540585,1.0811261745262157,1.0596232703475237,0.8072653884964608,3.7089467723669203,0.014599999999999946,0.032399999999999984,65.73843530648344,58.834565072923056,51.39367243602086,94.39252336448558,66.22353274359882,97.5257731958761,86.14760125452067,96.93128752501671,92.28374471870143
04/13/2023,1.1044,1.0992,1.1069,1.0977,0.50%,1.09208,1.0762033333333332,1.0,1.092468229507866,1.0826277116535565,1.060068922927767,1.8913183873050983,3.8750940556809748,0.01429999999999998,0.04479999999999995,69.55458273091381,60.39307765253113,51.678656326225074,91.13475177304984,83.76755873568474,95.47920433996391,93.01039280306749,98.36921069797786,95.65386854264375
04/14/2023,1.1,1.1043,1.1077,1.0972,-0.40%,1.09369,1.076445,1.0,1.0938376423246177,1.0837485044501012,1.0604663468299953,0.9637448370812463,3.015545982393707,0.016100000000000003,0.036800000000000166,63.28857737051571,58.558316934018286,51.436183461143344,73.44827586206951,86.32518366653498,86.27450980392184,93.0931624465873,95.00324464633366,96.7679142897761
04/17/2023,1.0926,1.099,1.1001,1.0909,-0.67%,1.0939999999999999,1.0765416666666667,1.0,1.0936126164474145,1.084319568679127,1.0607861641469707,-0.23739956172388021,3.5934388925760925,0.0031000000000001027,0.024799999999999933,54.16940164277562,55.61854142796735,51.03147155098888,38.61788617886212,67.73363793799382,73.08377896613202,84.94583103667259,90.20116807268013,94.52454113899722
04/18/2023,1.0971,1.0924,1.0984,1.0922,0.41%,1.09419,1.0766850000000001,1.0,1.0942466861842484,1.0851441126353123,1.0611475847662335,0.6236815555351662,4.049696509863425,0.0019000000000000128,0.04239999999999999,58.23548244488063,56.977254499475364,51.26582351291579,56.91056910569121,56.32557704887427,81.1051693404635,80.15448603683912,93.12134977287478,92.77525416396287
04/19/2023,1.0954,1.0972,1.0985,1.0917,-0.15%,1.0947,1.07675,1.0,1.094456379605294,1.0858057827878729,1.0614884878551358,0.31135531135529737,3.534971644612465,0.005099999999999882,0.040999999999999925,56.14463364480227,56.303623304008006,51.172840333891806,50.0,48.50948509485111,78.0748663101604,77.42127153891865,92.01817001946789,91.78022928834095
04/20/2023,1.0967,1.0956,1.0991,1.0932,0.12%,1.09517,1.07688,1.0,1.0948643105861497,1.0865086355112359,1.0618389356724096,0.6423786363219343,3.044254439537723,0.0046999999999999265,0.03869999999999996,57.44288577168838,56.70851682299685,51.2408083040252,55.284552845528786,54.065040650406665,80.39215686274521,79.85739750445636,92.86177806619085,92.66709928617784
04/21/2023,1.0987,1.097,1.0995,1.0938,0.18%,1.0960699999999999,1.07708,1.0,1.0955617086613951,1.0872951751556723,1.0622058000228607,1.1787457408601087,2.4046975486997897,0.009000000000000119,0.034399999999999986,59.4926965245115,57.33766068532749,51.345528190600504,63.41463414634182,56.23306233062353,83.95721925133704,80.80808080808089,94.1596365996107,93.01319489508982
04/24/2023,1.1041,1.0991,1.1051,1.0966,0.49%,1.09789,1.0774083333333333,1.0,1.0971141252684142,1.0883793574036935,1.0626227562942283,1.2007332722273247,2.879239657100275,0.018199999999999994,0.031200000000000117,64.60693550598774,59.0018354576896,51.62743945273762,83.63636363636428,67.44518354274496,93.58288770053504,85.97742127153909,97.66385463984437,94.89508976854864
04/25/2023,1.0972,1.1046,1.1067,1.0964,-0.62%,1.0985099999999999,1.0775916666666667,1.0,1.0971297388559753,1.0889484311195843,1.0629668890071056,-0.15470015470015785,3.754137115839229,0.006199999999999983,0.02400000000000002,54.786436437016924,56.10873614181684,51.24612527969841,37.5,61.516999260902026,81.28342245989307,86.27450980392172,93.18624269954577,95.00324464633364
04/26/2023,1.104,1.0972,1.1096,1.0967,0.62%,1.0990199999999999,1.0776766666666666,1.0,1.098378877245798,1.0899195000796111,1.0633752732911168,-0.036218761318358925,4.101838755304111,0.0051000000000001044,0.046499999999999986,61.23816462697222,58.19838796181558,51.60019008483634,70.0534759358297,63.72994652406465,89.74358974359006,88.20329996800605,96.41025641025652,95.75345124988223
04/27/2023,1.1027,1.1042,1.1064,1.0992,-0.12%,1.0988499999999999,1.0778716666666668,1.0,1.0991645359283801,1.0907440484615718,1.063766653884471,0.2454545454545386,3.384586536658543,-0.0017000000000000348,0.042200000000000015,59.43658644449667,57.655519726450265,51.52828978368729,63.10160427807525,56.88502673796831,85.94704684317736,85.65801968222017,95.57692307692314,95.05780739557515
04/28/2023,1.102,1.1028,1.1046,1.0962,-0.06%,1.0990499999999999,1.07825,1.0,1.099680074850493,1.0914702388834057,1.0641471716090158,0.8603331502837337,2.8080977703143963,0.0020000000000000018,0.0354000000000001,58.40852431812613,57.357495479341885,51.48946318213933,59.35828877005426,64.17112299465306,83.655913978495,86.4488501884208,95.12820512820524,95.7051282051283
05/01/2023,1.0975,1.1035,1.1038,1.0964,-0.41%,1.09954,1.0786583333333335,1.0,1.0992836976049487,1.0918592557296376,1.0644791151862687,0.03645975754260833,1.9318287359524406,0.004899999999999904,0.025599999999999845,51.98576162135798,55.45133082460066,51.24001274322355,32.40223463687161,51.6207092283337,69.13265306122442,79.57853796096559,92.24358974358974,94.31623931623938
05/02/2023,1.0999,1.0973,1.1009,1.0942,0.22%,1.0998199999999998,1.0791183333333334,1.0,1.099395752585867,1.0923780134244998,1.0648316402784415,0.4108088369545527,1.3265776140027814,0.0028000000000001357,0.02320000000000011,54.923112207249844,56.253444790438564,51.366305608671226,45.81005586592288,45.85685975761624,74.67362924282031,75.8207320941799,93.7820512820514,93.7179487179488
05/03/2023,1.1059,1.1,1.1092,1.1,0.55%,1.10087,1.0797016666666666,1.0,1.1005783430248004,1.0932503996551772,1.0652403707575464,0.8388802771952308,2.1144967682363935,0.010500000000000176,0.020400000000000196,61.47061015630343,58.19988935860335,51.680756109843195,77.439024390245,51.883771631013154,90.33942558746784,78.04856929717086,97.62820512820525,94.55128205128214
05/04/2023,1.1011,1.106,1.1092,1.0986,-0.43%,1.10131,1.08016,1.0,1.100673189747564,1.0937568254838754,1.0655972608644346,0.21843997451533245,2.342225113858155,0.0043999999999999595,0.018100000000000005,54.44151923592875,56.13294286226216,51.41348073760405,46.20253164556929,56.483870633912375,77.80678851174947,80.93994778067922,94.55128205128209,95.32051282051293
05/05/2023,1.1017,1.1012,1.1048,1.0966,0.05%,1.10161,1.08073,1.0,1.100859882520734,1.0942692883558833,1.0659565697228874,-0.2173716148899719,2.047054464616526,0.0029999999999998916,0.025799999999999823,55.153757337977645,56.333477295461094,51.445027204850376,48.701298701298114,57.44761824570413,77.49287749287738,81.8796971973649,94.93589743589742,95.70512820512828
05/08/2023,1.1004,1.1033,1.1054,1.1,-0.12%,1.10124,1.0812033333333335,1.0,1.1007762675169643,1.0946648181393746,1.0662993637407818,0.2916514764856081,1.4848289218850874,-0.0037000000000000366,0.02080000000000015,53.15327114088822,55.762123499374894,51.372394240024114,40.259740259740525,45.054523535535964,70.22653721682882,75.17540107381855,94.10256410256417,94.52991452991456
05/09/2023,1.096,1.1006,1.1006,1.0941,-0.40%,1.10112,1.0815783333333333,1.0,1.0999078552411525,1.0947509589045763,1.0665949550533504,-0.724637681159421,1.0790371668357506,-0.0011999999999998678,0.011700000000000044,46.77321510072441,53.84982606101628,51.12685230730087,12.258064516129236,33.73970115905595,55.987055016181664,67.90215657529596,91.28205128205138,93.440170940171
05/10/2023,1.098,1.0961,1.1008,1.0941,0.18%,1.10052,1.0820633333333334,1.0,1.099560972470034,1.0949605744591198,1.0669075085896516,-0.42622653486895135,0.7247041555820584,-0.006000000000000005,0.013700000000000045,49.81549356723759,54.58221647498617,51.23333356471821,25.827814569536706,26.115206448468815,62.4595469255668,62.89104638619242,92.56410256410267,92.64957264957275
05/11/2023,1.0914,1.0981,1.0999,1.09,-0.60%,1.09939,1.0824733333333334,1.0,1.0980771592936642,1.0947308599778862,1.0671512655670257,-0.9618874773139895,0.6919457514530712,-0.011300000000000088,0.0012999999999998568,41.18428369492491,51.777140872425065,50.865781017743906,7.291666666665908,15.125848584110608,41.100323624595354,53.1823085221146,88.33333333333333,90.7264957264958
05/12/2023,1.0848,1.0916,1.0937,1.0848,-0.60%,1.0976700000000001,1.0827300000000002,1.0,1.09566313033118,1.0940901593341517,1.0673269109597696,-1.1571753986332514,-0.4313905461220676,-0.017200000000000104,0.0008999999999999009,34.5356505410567,49.163422625040916,50.501656964298725,0.0,11.039827078734197,19.741100323624625,41.10032362459559,84.10256410256413,88.33333333333337
05/15/2023,1.0872,1.0856,1.0892,1.0845,0.22%,1.09664,1.0830466666666667,1.0,1.0941243793618745,1.0936456329254967,1.06752469337889,-1.15465042276572,-0.73046018991965,-0.010299999999999976,-0.0022999999999999687,38.54421109806445,50.11078886557496,50.630815712853774,10.931174089068547,6.074280251911475,15.471698113207538,25.437707353809174,85.64102564102565,86.02564102564105
05/16/2023,1.0861,1.0874,1.0905,1.0854,-0.10%,1.0952600000000001,1.083405,1.0,1.0926654012960793,1.0931588178980451,1.0677095595379984,-1.790396961750614,-0.3852150784187821,-0.013800000000000034,-0.009099999999999886,37.37862112491751,49.671897484982274,50.570032344744384,6.477732793522467,5.802968960863661,11.320754716981575,15.511184384604581,84.93589743589752,84.89316239316246
05/17/2023,1.0839,1.0862,1.0875,1.081,-0.20%,1.09306,1.0838016666666666,1.0,1.0910716919695194,1.0925614748078487,1.0678706905816693,-1.562074289347006,-0.7417582417582413,-0.02200000000000002,-0.006399999999999961,35.024920178114144,48.78781970597565,50.44829516219727,10.283687943262851,9.23086494195128,10.139860139860591,12.31077099001657,83.52564102564114,84.70085470085478
05/18/2023,1.0769,1.084,1.0848,1.0762,-0.65%,1.09064,1.0840916666666667,1.0,1.088495020702334,1.09155105707831,1.0679605521988402,-2.25106653353907,-1.174635220702939,-0.0242,-0.015100000000000113,28.647469350005352,46.08781536312294,50.0629070114076,2.3972602739723476,6.386227003585879,2.09580838323331,7.8521410800251585,79.03846153846156,82.50000000000009
05/19/2023,1.0802,1.0771,1.0829,1.076,0.31%,1.0884900000000002,1.0845183333333333,1.0,1.0869868351200918,1.0908187308151933,1.0680823615599495,-1.8356961105052705,-0.524910212726774,-0.021499999999999853,-0.009499999999999842,34.860294689256335,47.50463055722428,50.243000853139606,14.285714285714285,8.988887500983152,12.5,8.2452228410313,81.15384615384623,81.23931623931632
05/22/2023,1.0811,1.0814,1.0832,1.0795,0.08%,1.08656,1.0848583333333333,1.0,1.0859165014618934,1.0901917159238905,1.0682119153733658,-1.3594890510949027,-0.90742438130156,-0.019300000000000095,-0.0048000000000001375,36.53485615258816,47.890989463528115,50.29213757530564,20.56451612903184,12.415830229572814,15.178571428571145,9.924793270601485,81.73076923076924,80.64102564102569
05/23/2023,1.0768,1.0812,1.0822,1.076,-0.40%,1.08464,1.0851783333333331,0.0,1.0842589557415492,1.0893277342513814,1.0682973853282645,-1.930783242258662,-2.011102011102012,-0.019200000000000106,-0.01419999999999999,32.147650631015736,46.210036929923724,50.05478145379779,3.225806451612557,12.692012288786218,2.380952380952129,10.019841269841093,78.974358974359,80.61965811965817
05/24/2023,1.0748,1.0775,1.0802,1.0747,-0.19%,1.08232,1.0853166666666667,0.0,1.082539145606722,1.0883904610738728,1.0683621002381742,-1.5209822246655624,-2.680188337558862,-0.02320000000000011,-0.02410000000000001,30.26919688049182,45.44258798428798,49.944595230132876,0.39682539682535134,8.062382659156574,0.2865329512893673,5.948685586937548,77.69230769230772,79.46581196581201
05/25/2023,1.0719,1.075,1.0758,1.0707,-0.27%,1.0803699999999998,1.0855216666666665,0.0,1.0806047554964089,1.0873265603594293,1.0683973098336477,-1.18915929203539,-2.5545454545454556,-0.01949999999999985,-0.03249999999999997,27.664815740971974,44.338049080648204,49.78488814374574,5.217391304348237,2.94667438426204,3.084832904884555,1.9174394123753504,75.83333333333341,77.50000000000006
05/26/2023,1.0724,1.0722,1.076,1.0701,0.05%,1.07913,1.085675,0.0,1.079112981769789,1.0863635564652725,1.068437145003559,-1.3612950699043347,-1.8488010250777958,-0.012399999999999967,-0.02760000000000007,28.837774285664878,44.578315427846235,49.81269670211539,11.27450980392143,5.629575501698331,5.822784810126523,3.064716888766815,76.1538461538462,76.55982905982911
05/29/2023,1.0705,1.0726,1.0745,1.0705,-0.18%,1.07746,1.08572,0.0,1.0775469850843729,1.0853401012094483,1.0684576747032875,-1.4363318294816367,-2.424573876583717,-0.016699999999999937,-0.02210000000000001,26.989888005999518,43.834513051349134,49.707566606443066,1.9607843137252767,6.150895140664974,1.012658227847993,3.30675864761969,74.93589743589749,75.6410256410257
05/30/2023,1.0733,1.0707,1.0747,1.0672,0.26%,1.0761800000000001,1.08603,0.0,1.0767748059781233,1.0845633204862581,1.0685058658279027,-0.9779499953870434,-2.017527843710061,-0.012800000000000145,-0.023800000000000043,33.92296424171383,45.227741222447655,49.86428341618717,30.04926108374384,14.428185067130173,14.386792452830177,7.074078496934898,76.73076923076921,75.94017094017097
05/31/2023,1.0688,1.0736,1.0737,1.0635,-0.42%,1.07467,1.08627,0.0,1.075324841254828,1.0835463320677898,1.0685087930642947,-0.7521589748351747,-2.5439956232333394,-0.015100000000000113,-0.026599999999999957,29.00458909460771,43.436376382864616,49.61456331185344,24.882629107981494,18.964224835150194,11.496746203904728,8.965398961527633,73.84615384615387,75.1709401709402
06/01/2023,1.0761,1.069,1.0769,1.0661,0.68%,1.0745900000000002,1.0865716666666667,0.0,1.0754657792084956,1.0830659235472873,1.068584340958432,-0.3795593408628025,-2.0569764266860795,-0.0007999999999999119,-0.02059999999999995,43.71402147887303,46.96172553887799,50.02262389158704,63.95939086294484,39.630427018223386,27.3318872017357,17.738475286156866,78.52564102564111,76.3675213675214
06/02/2023,1.0706,1.0762,1.078,1.0705,-0.51%,1.07363,1.0866766666666665,0.0,1.0745810920796781,1.0822616704152044,1.0686044008153737,-0.9712330034224359,-3.0341454578389717,-0.009600000000000053,-0.028100000000000014,37.25270808332017,44.786161646010534,49.717730745286374,36.040609137056286,41.6275430359942,15.401301518438398,18.07664497469294,75.00000000000003,75.79059829059834
06/05/2023,1.0712,1.0712,1.0724,1.0674,0.06%,1.07264,1.0866483333333334,0.0,1.073966348065191,1.0815480142593847,1.0686302321963745,-0.5200594353640462,-2.3696682464455,-0.00990000000000002,-0.03290000000000015,38.357114837250734,45.07332099190964,49.75131002818842,41.176470588235155,47.05882352941209,16.70281995661613,19.812002892263408,75.38461538461539,76.30341880341885
06/06/2023,1.0691,1.0714,1.0734,1.0667,-0.20%,1.0718699999999999,1.08658,0.0,1.0730815575078836,1.0807449165652308,1.0686349073134118,-0.5303312244138481,-3.161231884057985,-0.00770000000000004,-0.028100000000000014,35.89984857197361,44.24024646548163,49.63471312176422,33.5329341317365,36.91667128567597,12.147505422993591,14.750542299349371,74.03846153846155,74.80769230769234
06/07/2023,1.0697,1.0695,1.0741,1.0667,0.06%,1.0713599999999999,1.0867833333333332,0.0,1.0724667288700866,1.0800323413029578,1.068645507070005,-0.20524302640171468,-2.9926543937607617,-0.005099999999999882,-0.0343,37.177495854453824,44.54319881484357,49.66858431744559,42.758620689656055,39.1560084698759,13.566739606127342,14.139021661912354,74.42307692307702,74.61538461538466
06/08/2023,1.0781,1.0699,1.0787,1.0696,0.79%,1.07198,1.0870766666666667,0.0,1.0734909599846163,1.0799076741221216,1.0687395976161544,0.5315180902648302,-2.1687840290381155,0.006199999999999983,-0.024599999999999955,52.04586951702835,48.588622494146016,50.140379109731185,96.05263157894784,57.44806213344679,31.94748358862176,19.22057620591423,79.80769230769239,76.08974358974366
06/09/2023,1.0747,1.0782,1.0787,1.0743,-0.32%,1.07221,1.0872116666666665,0.0,1.0737107854419587,1.0795716951465009,1.0687989150825967,0.39234002802428597,-2.0774487471526135,0.0022999999999999687,-0.027300000000000102,47.03902967637313,47.1484982906949,49.94990969191848,73.68421052631594,70.83182093163994,24.507658643326216,23.34062727935844,77.62820512820517,77.28632478632487
06/12/2023,1.0757,1.0751,1.0791,1.0732,0.09%,1.07273,1.0872750000000002,0.0,1.0740724608161483,1.0793219083628558,1.068867594034322,0.22360942886426718,-2.2002000181834713,0.0052000000000000934,-0.02179999999999982,48.65327217461796,47.62085286464007,50.0060471985129,78.20512820512926,82.64732343679766,26.695842450766282,27.716994894238088,78.26923076923087,78.56837606837615
06/13/2023,1.0791,1.0755,1.0825,1.0755,0.32%,1.07331,1.087315,0.0,1.0749865588495757,1.0793075916942843,1.0689694258127735,0.9636976047904169,-2.4233655845917492,0.005800000000000027,-0.02080000000000015,53.9551565435528,49.21720809947612,50.19692711215197,82.1052631578945,77.99820062977989,34.13566739606134,28.446389496717945,80.44871794871796,78.78205128205134
06/14/2023,1.0831,1.0792,1.0865,1.0774,0.37%,1.07474,1.0872750000000002,0.0,1.0764617299678347,1.0795522631978787,1.0691100515017098,0.6504971656909111,-1.6347289074561817,0.01429999999999998,-0.022800000000000153,59.430992477485994,51.03345510054502,50.420748053181356,83.33333333333297,81.21457489878556,42.88840262582064,34.57330415754942,83.01282051282053,80.57692307692312
06/15/2023,1.0945,1.083,1.0953,1.0803,1.05%,1.07658,1.0874666666666668,0.0,1.0797414154282283,1.0805166333141445,1.0693627286506122,2.2323930506258205,-0.6535354452210106,0.018399999999999972,-0.006599999999999939,70.52940162256286,55.7042277753942,51.050850988329124,97.20279720279751,87.54713123134165,73.98568019093103,50.336583404271,90.32051282051289,84.59401709401713
06/16/2023,1.0933,1.0944,1.0971,1.0918,-0.11%,1.0788499999999999,1.0877566666666667,0.0,1.0822066126230958,1.0813413666487157,1.0696009485803326,2.0631067961165055,-0.64521992002909,0.022699999999999942,-0.008399999999999963,68.34268615204623,55.131577674055606,50.982304642056874,87.49999999999991,89.34537684537679,71.12171837708834,62.66526706461334,89.55128205128206,87.62820512820515
06/19/2023,1.0922,1.0942,1.0947,1.0907,-0.10%,1.08095,1.0879666666666667,0.0,1.0840235921461692,1.0820419236391212,1.0698258503992546,2.1606959124497354,-0.3467153284671556,0.02100000000000013,-0.008199999999999985,66.25059412114425,54.599318565453565,50.91931744878825,83.88157894736872,89.52812538338871,76.94369973190372,74.01703276664102,88.84615384615392,89.57264957264964
06/20/2023,1.0916,1.0922,1.0947,1.0892,-0.05%,1.0832000000000002,1.0880883333333335,0.0,1.0854011208468657,1.0826585737269199,1.0700425425974263,2.0473029821445086,-0.582877959927157,0.022499999999999964,-0.0044000000000001815,65.04386133641121,54.303495326247244,50.88485415269901,81.9078947368419,84.4298245614035,75.33512064343145,74.46684625080785,88.46153846153845,88.9529914529915
06/21/2023,1.0984,1.0916,1.0991,1.0905,0.62%,1.0860699999999999,1.0883233333333335,0.0,1.087764553420163,1.0836741496155058,1.070324750182965,1.8829422131527673,0.6413780465457318,0.028699999999999948,0.00039999999999995595,71.56580966484198,57.032865115225356,51.26059554268189,97.62711864406805,87.80553077609288,95.87912087912075,82.7193137514853,92.82051282051289,90.0427350427351
06/22/2023,1.0956,1.0987,1.1012,1.0948,-0.25%,1.08782,1.088415,0.0,1.0891891800710425,1.0844435593177313,1.0705762838835609,1.9447287615148339,0.9955752212389307,0.01749999999999985,0.0041999999999999815,65.93732086089169,55.61783445994011,51.09882087504908,79.99999999999984,86.51167112696992,85.14588859416435,85.45337670557217,91.02564102564101,90.76923076923079
06/23/2023,1.0889,1.0957,1.096,1.0843,-0.61%,1.0892399999999998,1.0884983333333333,1.0,1.0891366018763073,1.084731071619813,1.0707586371779425,1.2271079297201708,0.15636497424577217,0.01419999999999999,0.0040999999999999925,54.53407625074928,52.399662984976395,50.71392101844352,56.0714285714287,77.89951573849885,67.3740053050399,82.799671592775,86.73076923076927,90.19230769230774
06/26/2023,1.0904,1.0897,1.0921,1.0887,0.14%,1.09071,1.0885133333333334,1.0,1.0893663106260696,1.085096808934664,1.0709541030849499,1.0471689370772022,0.39591197863916494,0.014699999999999935,0.0032000000000000917,56.40934901075289,53.02911633570273,50.79731199805464,57.97665369649846,64.68269408930898,71.35278514588886,74.62422634836436,87.69230769230776,88.48290598290602
06/27/2023,1.0959,1.091,1.0978,1.0902,0.50%,1.09239,1.0885250000000002,1.0,1.0905542541486024,1.0857937890033953,1.0712023580098724,1.1817930015695821,1.1071132023249386,0.016800000000000148,0.009800000000000031,62.68044938943766,55.27259484094733,51.10219451789707,77.73109243697542,63.92639156830085,85.94164456233462,74.88947833775445,91.21794871794883,88.54700854700862
06/28/2023,1.0911,1.0961,1.0964,1.0897,-0.44%,1.0931899999999999,1.0885383333333334,1.0,1.0906534806670383,1.0861361251967245,1.0714003737516873,-0.3106441297396135,1.3185996842789478,0.008000000000000007,0.007199999999999873,55.00678659659412,52.98768063878416,50.8259556939191,51.674641148325186,62.46079576059967,73.20954907161808,76.83465959328052,88.14102564102566,89.0170940170941
06/29/2023,1.0864,1.0914,1.0942,1.086,-0.43%,1.09238,1.088445,1.0,1.0898801205457587,1.086153149377581,1.0715496455977245,-0.6311168023415262,0.5739677837437496,-0.008099999999999996,0.009500000000000064,48.54136689679276,50.85807193714725,50.55701277709472,12.426035502958587,47.27725636275306,60.742705570292046,73.29796640141491,85.1282051282052,88.16239316239324
06/30/2023,1.091,1.0864,1.0932,1.0835,0.42%,1.09215,1.0884666666666665,1.0,1.0900837349919843,1.0864658494177368,1.0717432094928137,-0.10986998718184304,0.9157339746554454,-0.0022999999999999687,0.01079999999999992,54.373352829668846,52.77956200606505,50.81302550663055,42.372881355932435,35.49118600240539,72.9442970822282,68.96551724137944,88.07692307692311,87.11538461538466
07/03/2023,1.0911,1.0911,1.0934,1.087,0.01%,1.0920400000000001,1.0885533333333335,1.0,1.0902685104479872,1.086764826874657,1.0719358419914273,-0.04580432392817378,1.3280089153046042,-0.001100000000000101,0.010000000000000009,54.49791586140116,52.821047825105566,50.81858937602286,42.9378531073448,32.5789233220786,73.20954907161808,68.96551724137944,88.14102564102566,87.11538461538466
07/04/2023,1.0877,1.0911,1.0918,1.0877,-0.31%,1.09165,1.0884983333333333,1.0,1.0898015085483532,1.086825160624679,1.072092721553249,-0.9741442097596644,1.2002232973576399,-0.0039000000000000146,0.01089999999999991,49.40275191589005,51.23775259365155,50.6229168648587,23.728813559321864,36.346516007533026,64.19098143236063,70.11494252873564,85.96153846153844,87.39316239316241
07/05/2023,1.0851,1.0879,1.0909,1.085,-0.24%,1.09032,1.0882683333333332,1.0,1.088946688812289,1.0867138599392159,1.0722221654004642,-0.9583789704271591,1.231458158410288,-0.01330000000000009,0.010299999999999976,45.76709000875678,50.0509328684238,50.473554063834435,9.039548022599105,25.235404896421915,57.294429708222886,64.89832007073387,83.26502732240439,85.78919714165617
07/06/2023,1.0887,1.0858,1.0901,1.0833,0.33%,1.08963,1.0880066666666666,1.0,1.0889018363009637,1.0868419980076536,1.0723861467690559,-0.0183671595187784,1.5199552405818706,-0.006899999999999906,0.016799999999999926,51.282798719989835,51.65491462571083,50.676069918689585,37.241379310344854,23.336580297421932,66.84350132626012,62.77630415561455,85.72404371584705,84.98353649992997
07/07/2023,1.0967,1.0887,1.0974,1.0867,0.73%,1.0904099999999999,1.0879516666666667,1.0,1.090319684246243,1.0874779981361922,1.072628108987089,0.5777696258253826,2.4474544605324615,0.007800000000000029,0.02429999999999999,61.06116579305053,54.9784708329863,51.12244072438008,92.41379310344767,46.2315734787972,88.06366047745374,70.73386383731224,91.188524590164,86.72586520947182
07/10/2023,1.0999,1.0971,1.1003,1.0943,0.29%,1.0913599999999999,1.0880733333333332,1.0,1.0920615598378351,1.0882794176112767,1.0728995080998085,0.36499680627794534,2.4783378365787927,0.009500000000000064,0.029400000000000093,64.2503073702276,56.22376610895672,51.29961774304396,97.64705882352969,75.76741041244074,96.55172413793142,83.8196286472151,93.37431693989083,90.09562841530062
07/11/2023,1.1006,1.1001,1.1027,1.0977,0.06%,1.0918299999999999,1.0881316666666665,1.0,1.0936140035036832,1.0890742938944202,1.0731751721055374,0.8706809641646104,2.9752994011976095,0.0046999999999999265,0.027300000000000102,64.94807100247695,56.49606879215825,51.33839787325258,89.17525773195885,93.07870321964542,94.64285714285718,93.08608058608077,93.85245901639351,92.80510018214945
07/12/2023,1.1128,1.1008,1.1141,1.1004,1.11%,1.094,1.0884216666666666,1.0,1.0971023665030135,1.0906049846109094,1.0735695017133242,2.4300441826215002,3.4104637115509666,0.021700000000000053,0.04400000000000004,74.56260007712044,60.88302986396688,52.00779874397843,95.77922077922054,94.20051244490303,97.29166666666652,96.16208264915171,99.13850231941677,95.45509275856705
07/13/2023,1.1224,1.1131,1.1229,1.1128,0.86%,1.0976,1.08885,1.0,1.1017019362297382,1.0926562759263347,1.074055441631428,2.878093492208991,4.838408369138807,0.03600000000000003,0.04630000000000001,79.48298576420686,63.85041080314954,52.52428610111402,98.73737373737387,94.56395074951774,99.11032028469761,97.01494803140709,99.68691296180342,97.55929143253792
07/14/2023,1.1227,1.1227,1.1246,1.1204,0.03%,1.10077,1.0892499999999998,1.0,1.1055197660061495,1.0945945807052808,1.0745395305186172,2.896159838694902,4.807692307692317,0.03170000000000006,0.052100000000000035,79.6198660724207,63.938845156276436,52.54032744331148,95.39951573849878,96.63870341836439,96.71848013816924,97.70682236317778,98.82280049566295,99.21607192562772
07/17/2023,1.1234,1.1235,1.125,1.1203,0.06%,1.1039999999999999,1.0895716666666668,1.0,1.108770717641395,1.0964529948533273,1.0750257674225927,3.282155005975919,5.079038443550652,0.032299999999999995,0.052200000000000024,79.9663798644651,64.1505351626894,52.57790284741135,96.1630695443644,96.76665300674568,97.2555746140651,97.69479167897731,99.01112484548823,99.17361276765153
07/18/2023,1.1226,1.1237,1.1277,1.1208,-0.07%,1.10749,1.0899950000000003,1.0,1.111285132615687,1.098139898411177,1.0754992036776971,3.4559026817804894,4.945311769655038,0.03490000000000015,0.0535000000000001,78.27635336550561,63.708382233784455,52.530132732417364,88.51351351351377,93.35869959879231,91.63934426229527,95.20446633817653,96.8996960486323,98.24454046326116
07/19/2023,1.1198,1.1227,1.1241,1.1174,-0.25%,1.11096,1.0902583333333336,1.0,1.1128332903219256,1.0995373243201332,1.0759400636803815,2.8566179847524484,3.867915777757151,0.03469999999999995,0.05009999999999981,72.3315260799788,62.157227375365146,52.36278465587762,82.20720720720716,88.96126342169511,86.40275387263333,91.76589091633123,95.19756838905774,97.03612976105943
07/20/2023,1.1128,1.12,1.1229,1.1118,-0.63%,1.1133700000000002,1.0904266666666664,1.0,1.112827237536121,1.1003929808156083,1.0763068753950835,1.4680404850916389,3.545175397785431,0.02410000000000001,0.03469999999999995,59.73058636350592,58.475147767700804,51.94697989432776,63.658536585366,78.12641910202898,72.66055045871576,83.56754953121478,90.52162849872778,94.20629764547262
07/21/2023,1.1123,1.1133,1.1146,1.1107,-0.04%,1.11493,1.0905983333333333,1.0,1.1127313761659172,1.1011611756016981,1.0766650605828882,1.1273752159287176,3.402435623315047,0.015600000000000058,0.03760000000000008,58.91599837452656,58.22030562842102,51.917384208355614,53.892215568862525,66.58598645381188,71.7431192660553,76.93547453246812,90.203562340967,91.97425307625083
07/24/2023,1.1062,1.1127,1.1147,1.106,-0.55%,1.1155599999999999,1.0907433333333332,1.0,1.1115438532266595,1.10148626104675,1.0769589768465166,0.5088133745229919,2.5113520526364677,0.006299999999999972,0.03049999999999997,49.72373804877771,55.18498925920609,51.55722510880167,28.333333333333886,48.62802849585413,58.81226053639877,67.73864342038995,86.32315521628507,89.01611535199329
07/25/2023,1.1053,1.1065,1.1088,1.1021,-0.08%,1.1160299999999999,1.0908333333333333,1.0,1.1104086071854486,1.1017323087211532,1.077241011533834,-0.6739755571531328,2.0496722370972207,0.0046999999999999265,0.0262,48.48364436485851,54.749332712484794,51.50424483402163,17.948717948717675,33.39142228363803,55.46719681908555,62.00752554051321,85.75063613231552,87.4257845631892
07/26/2023,1.1083,1.1053,1.1107,1.1038,0.27%,1.11558,1.0908733333333334,1.0,1.1100252240608217,1.1021560307391434,1.0775500935808364,-1.2562366357804704,1.2608497030607615,-0.0044999999999999485,0.02520000000000011,52.83979276485502,55.94851670035791,51.670621167515236,24.21875000000008,23.500267094017207,59.0717299578061,57.78372910443014,87.65903307888048,86.5776081424937
07/27/2023,1.0973,1.1081,1.1151,1.0966,-0.99%,1.11307,1.09081,1.0,1.107711546958854,1.1018427384333922,1.0777466335989705,-2.2624031352988414,0.3658648129516147,-0.025100000000000122,0.0027999999999999137,39.300765463988135,50.838222771515774,51.025526184276565,2.2508038585206593,14.806090602412802,31.531531531531563,48.6901527694744,80.6615776081425,84.69041560644617
07/28/2023,1.1015,1.0978,1.1048,1.0943,0.38%,1.11095,1.0908066666666667,1.0,1.106582174784517,1.1018206262763992,1.077983013529113,-1.9494392024212241,0.8514924006592074,-0.021200000000000108,0.008199999999999985,45.25202035281751,52.55009943585845,51.25903732696139,21.55688622754461,16.00881336202178,40.99099099099098,43.86475082677621,83.0639948287007,83.79486850524124
07/31/2023,1.0993,1.1023,1.1047,1.0993,-0.20%,1.10854,1.0907883333333332,1.0,1.105258143005514,1.101658005226309,1.0781951477480092,-2.0755389274897644,0.7053865884939576,-0.02410000000000001,0.007099999999999884,42.80919042101856,51.57691114719313,51.13069502154219,14.970059880239258,12.925916655434838,36.03603603603607,36.1861861861862,81.64188752424047,81.78915332036122
08/01/2023,1.0982,1.0996,1.1004,1.0951,-0.10%,1.1061,1.090825,1.0,1.1039748442772386,1.1014349081149342,1.078394224139752,-1.9289158778353137,-0.018208302986159684,-0.024399999999999977,0.006600000000000161,41.56270679666733,51.087547563328485,51.06644372012618,13.08724832214768,16.538064809977175,33.558558558558865,36.86186186186197,80.93083387201042,81.87890540831721
08/02/2023,1.0936,1.0983,1.1021,1.0918,-0.42%,1.10348,1.0907516666666668,1.0,1.1020885089541044,1.1009294301720352,1.0785455428024915,-1.7253774263120154,-0.18254837531945983,-0.0262,-0.0048000000000001375,36.60970556810318,49.07331274729553,50.798162482425404,5.787781350481695,11.281696517622875,23.198198198198146,30.930930930931023,77.95733678086617,80.17668605903903
08/03/2023,1.0944,1.0938,1.0964,1.0911,0.07%,1.1016400000000002,1.0908016666666667,1.0,1.1006905982351765,1.100508176612549,1.0787033165679825,-1.6092780724624673,0.5050968867664671,-0.018399999999999972,-0.0011999999999998678,38.036592468208134,49.432008438998224,50.84330091490129,13.750000000000323,10.87500989087656,25.00000000000025,27.252252252252415,78.47446670976089,79.12087912087917
08/04/2023,1.101,1.0946,1.1043,1.0934,0.60%,1.10051,1.0910716666666667,1.0,1.1007468531015079,1.100539907153675,1.0789251991383806,-0.470077743626839,0.9721203228173094,-0.011300000000000088,0.0121,48.635099092371895,52.29936747943509,51.214398122079174,41.25000000000005,20.26259378349402,39.86486486486498,29.354354354354456,82.7407886231416,79.72419737125624
08/07/2023,1.1002,1.1018,1.1019,1.0965,-0.07%,1.09991,1.0912883333333334,1.0,1.1006474252648701,1.1005179776598895,1.0791369123385257,-0.4614131909888612,0.3923715667487882,-0.006000000000000005,0.009800000000000031,47.53995394897102,51.93013902205769,51.16734149468129,37.91666666666708,30.972222222222484,38.063063063063375,34.30930930930953,82.22365869424702,81.14630467571651
08/08/2023,1.0954,1.1002,1.1012,1.0928,-0.44%,1.0989200000000001,1.0914433333333333,1.0,1.0996933479439845,1.1001877855527997,1.0792987519970807,-1.163944780294156,0.39409769956923935,-0.00990000000000002,-0.000500000000000167,41.334875813373934,49.75008592303942,50.88540575303229,17.91666666666653,32.36111111111122,27.25225225225226,35.0600600600602,79.12087912087912,81.36177547942259
08/09/2023,1.0973,1.0953,1.0996,1.0951,0.17%,1.09782,1.0916666666666666,1.0,1.099258193772351,1.1000014768074577,1.0794778884984702,0.0,1.0033136966126572,-0.01100000000000012,0.006199999999999983,44.51978107394055,50.599298318189064,50.992830955662185,25.833333333333243,27.222222222222285,31.531531531531563,32.282282282282395,80.34906270200388,80.56453350571002
08/10/2023,1.0979,1.0975,1.1066,1.0966,0.05%,1.09788,1.0920166666666666,1.0,1.0990112494501052,1.0998658976585896,1.0796612129550756,-0.3268270540172334,0.6324472960586736,0.000600000000000156,0.011500000000000066,45.5568670760457,50.87053221703247,51.02682700358505,43.870967741936184,29.20698924731198,32.882882882883266,30.555555555555696,80.58631921824116,80.01875368037473
08/11/2023,1.0944,1.0981,1.1006,1.0943,-0.32%,1.09717,1.0922533333333333,1.0,1.098172840459177,1.0995132590999708,1.0798078832872071,-0.44573819703446776,0.302447071762449,-0.007099999999999884,0.0034000000000000696,40.633773949208496,49.239129190710194,50.820147006251375,21.290322580645586,30.331541218638336,25.00000000000025,29.80480480480502,75.83454281567496,78.92330824530667
08/14/2023,1.0904,1.0953,1.0961,1.0874,-0.37%,1.09628,1.0924083333333336,1.0,1.0967595967393267,1.0989253068999727,1.0799132886786404,-0.7102531415042823,0.24823021053600688,-0.008899999999999908,-0.0006999999999999229,35.730633291348155,47.44042894796837,50.58481072886925,15.625000000000504,26.928763440860752,15.990990990991232,24.624624624624914,72.20566318926981,76.20884174106199
08/15/2023,1.0904,1.0906,1.0953,1.0897,0.00%,1.0955,1.092635,1.0,1.0956033064230852,1.0983752870999746,1.0800176450385022,-0.2926115581565353,0.48843424569164895,-0.007800000000000029,0.0027000000000001467,35.730633291348155,47.44042894796837,50.58481072886925,15.625000000000504,17.51344086021553,15.990990990991232,18.993993993994234,72.20566318926981,73.41528973140488
08/16/2023,1.0874,1.0907,1.0936,1.0871,-0.28%,1.0948799999999999,1.092845,1.0,1.0941117961643425,1.0976672040612665,1.080091108954998,-0.6396198830409464,-0.11940846881602636,-0.006199999999999983,0.0022999999999999687,32.139715486636305,46.08912009041835,50.40797609606497,1.5384615384613634,10.929487179487454,9.234234234234219,13.738738738738894,69.97019374068552,71.4605067064084
08/17/2023,1.0871,1.0876,1.0919,1.0856,-0.03%,1.09415,1.0930983333333335,1.0,1.092836924134462,1.0969854489605395,1.0801608563534502,-1.2624886466848342,-0.8753533327254539,-0.007300000000000084,-0.0016000000000000458,31.784786442896817,45.95371036551391,50.390272119806916,7.14285714285737,8.10210622710641,3.562945368171154,9.596056864465533,63.55475763016158,68.57687152003898
08/18/2023,1.0865,1.0872,1.0894,1.0845,-0.06%,1.0927,1.0933333333333335,0.0,1.0916847561100145,1.09630896838244,1.0802239388470172,-1.2452281403381245,-1.218292572052012,-0.014499999999999957,-0.010199999999999987,31.023449194005906,45.676063128543746,50.35472383170935,9.049773755656112,5.910364145658279,4.629629629629644,5.808936410678336,60.910815939279004,64.81192243670871
08/21/2023,1.0891,1.0878,1.0915,1.0869,0.24%,1.0915899999999998,1.0936433333333333,0.0,1.0912148004536484,1.0958438736480889,1.0803122667873828,-0.5751323717363495,-1.0448846083954266,-0.01110000000000011,-0.010800000000000143,38.155853728467136,47.10859159025527,50.506784423117885,20.81447963800876,12.335703512174078,10.648148148148026,6.280241048649606,63.377609108159405,62.614394225866675
08/22/2023,1.0844,1.0893,1.0932,1.0833,-0.43%,1.09049,1.0938283333333334,0.0,1.0899757458257124,1.0951055592191798,1.080352944818573,-1.175612867948593,-2.55212077641984,-0.010999999999999899,-0.016199999999999992,31.594068020822704,44.89470722130741,50.22728566497149,4.721030042918868,11.528427812194577,2.4774774774777053,5.918418418418457,58.918406072106336,61.06894370651492
08/23/2023,1.0859,1.0848,1.0873,1.0802,0.14%,1.08935,1.0941133333333333,0.0,1.0892347011301282,1.0945116521727811,1.0804081448640126,-1.092995719100101,-3.2519600855310027,-0.011399999999999855,-0.026899999999999924,35.52591789840356,45.73664140386226,50.315476126580215,21.590909090909253,15.708806257278958,12.000000000000112,8.37520854187528,60.34155597722973,60.87919038583183
08/24/2023,1.0809,1.0863,1.0878,1.0805,-0.46%,1.08765,1.0941933333333334,0.0,1.0877193009246504,1.0936334810648598,1.0804130394248583,-1.2335526315789536,-3.7231673643894236,-0.017000000000000126,-0.04150000000000009,29.290492668693958,43.44760513987097,50.01857131370242,3.431372549019234,9.914437227615783,1.4736842105261574,5.3170538960013225,55.59772296015182,58.285895003162636
08/25/2023,1.08,1.081,1.0843,1.0766,-0.08%,1.08621,1.09435,0.0,1.0863157916656232,1.0927539016413206,1.080408929180853,-0.953778429933966,-3.863272209364419,-0.014399999999999968,-0.04269999999999996,28.29716244079067,43.04644163019293,49.96523377156349,17.43589743589773,14.152726358608737,6.653620352250636,6.709101520925633,54.74383301707791,56.8943706514865
08/28/2023,1.0817,1.0801,1.0823,1.0793,0.16%,1.08534,1.094525,0.0,1.0854765568173281,1.0920407466967192,1.0804217768913849,-0.7978723404255255,-3.643327988597892,-0.00869999999999993,-0.04169999999999985,33.061544340197145,44.0557884193725,50.06631689387449,27.27272727272792,16.046665752548293,9.980430528375953,6.0359116970509135,55.6412729026038,55.327609626611185
08/29/2023,1.0877,1.0814,1.0892,1.0782,0.55%,1.08507,1.094835,0.0,1.0858808192141776,1.0917606985227375,1.0804942039131038,0.02758874379252961,-2.8665833184497247,-0.0027000000000001467,-0.03490000000000015,46.89840604699126,47.45572291356288,50.421603225775876,65.29411764705854,36.66758078522806,23.368421052631295,13.334157311085958,59.473150962512634,56.61941896073146
08/30/2023,1.0924,1.088,1.0947,1.0854,0.43%,1.0855700000000001,1.0952133333333334,0.0,1.0870661248115998,1.0918019437793351,1.0806126807064698,0.4875356452948286,-1.8332135154565037,0.0050000000000001155,-0.02739999999999987,54.995385796398324,49.92194784851509,50.69777225274853,87.29281767955818,59.95322086644821,34.1252699784018,22.49137385313635,64.23505572441755,59.78315986317801
08/31/2023,1.0841,1.0926,1.0941,1.0835,-0.76%,1.08527,1.0953133333333334,0.0,1.086526829391309,1.0913050441806684,1.0806473836374637,-0.2208927749654816,-2.5352872426503645,-0.0029999999999998916,-0.028699999999999948,42.330380115478164,45.979424403934765,50.201458873458975,41.436464088398125,64.67446647167162,19.480519480519654,25.65807017051758,55.82573454913895,59.844647078689725
09/01/2023,1.0773,1.084,1.0883,1.0771,-0.63%,1.0843500000000001,1.0953566666666668,0.0,1.0848492240474348,1.090401492943206,1.0806140732618446,-1.083463410155177,-2.6125474597722063,-0.009200000000000097,-0.03500000000000014,34.994290337328835,43.09497159382171,49.8000338107629,3.8674033149167,44.19889502762434,1.818181818181619,18.47465709236769,48.93617021276596,56.33232016210749
09/04/2023,1.0794,1.0778,1.081,1.0772,0.19%,1.08338,1.0954183333333334,0.0,1.0838584560388103,1.0896917192049347,1.0806019918264307,-0.4610844706750383,-2.3432552248258425,-0.009700000000000042,-0.026800000000000157,38.643040854867145,44.21303461748618,49.92431412808952,15.469613259668028,20.25782688766095,7.272727272727053,9.52380952380944,51.06382978723404,51.94191151637966
09/05/2023,1.072,1.0797,1.08,1.0707,-0.69%,1.08214,1.0953000000000002,0.0,1.081702373122663,1.0885503179659066,1.0805163921205414,-1.2800442029652843,-3.2752864747811965,-0.012399999999999967,-0.033299999999999885,31.680672805649664,41.258019551194764,49.490394605819915,5.41666666666699,8.251227747083906,2.927927927928106,4.006279006278924,43.566362715299036,47.85545423843302
09/06/2023,1.0727,1.0729,1.0749,1.0703,0.07%,1.08082,1.0951266666666666,0.0,1.0800655780094515,1.087527716806816,1.0804386101047567,-0.7586270700342294,-2.24186639934384,-0.0132000000000001,-0.035600000000000076,32.950386412079254,41.63971445408342,49.53209648121065,9.836065573770329,10.24078183336845,5.357142857142769,5.185932685932641,37.78280542986435,44.137665977465815
09/07/2023,1.0699,1.0726,1.0732,1.0686,-0.26%,1.07972,1.0947166666666666,0.0,1.0782172910986423,1.0863904447547634,1.0803337390089949,-0.9351851851851849,-2.868815251929174,-0.010999999999999899,-0.02739999999999987,30.43634635992096,40.54943988095009,49.36823904420713,4.980842911877695,6.744525050771672,3.4210526315791516,3.9020411388833396,32.00000000000014,37.78305604838785
09/08/2023,1.0699,1.0697,1.0745,1.0694,0.00%,1.0787099999999998,1.0943266666666667,0.0,1.0767050563534346,1.0853265450931657,1.080229911590966,-1.0908754737912574,-2.6744291822068473,-0.010099999999999998,-0.03159999999999985,30.43634635992096,40.54943988095009,49.36823904420713,4.980842911877695,6.599250465841906,3.4210526315791516,4.066416040100354,30.778443113772557,33.520416181212354
09/11/2023,1.0748,1.0716,1.076,1.0707,0.46%,1.07802,1.0940366666666665,0.0,1.0763586824709919,1.0846474131516712,1.080175877921217,-1.1859887836719603,-2.130759424512847,-0.006900000000000128,-0.024499999999999966,40.28054845159605,43.328374768120305,49.662587810252916,23.754789272030578,11.238825031928656,16.315789473684152,7.719298245614149,36.64670658682634,33.14171656686636
09/12/2023,1.0752,1.0751,1.0769,1.0705,0.04%,1.07677,1.0937633333333332,0.0,1.0761480129308114,1.084037902625757,1.0801263624351645,-1.574514829732708,-1.6825164594001438,-0.012499999999999956,-0.02300000000000013,41.03737498351143,43.55119996693746,49.68658518933563,25.28735632183884,18.00766283524904,17.3684210526314,12.368421052631566,37.12574850299396,34.850299401197624
09/13/2023,1.0728,1.0754,1.0766,1.0711,-0.22%,1.07481,1.0933366666666666,0.0,1.0755392833070274,1.0833128766499016,1.080053457092243,-1.0423392675952483,-1.9736842105263215,-0.019600000000000062,-0.02079999999999993,37.84036090438486,42.513667457512796,49.544157789183984,16.470588235293995,21.83757794305447,11.05263157894731,14.912280701754284,30.856423173803517,34.87629275454128
09/14/2023,1.0641,1.0729,1.0753,1.0631,-0.81%,1.07281,1.0928116666666667,0.0,1.0734594136148405,1.0820733362208756,1.0798947028286026,-1.2252854358117404,-3.351498637602174,-0.020000000000000018,-0.030299999999999994,28.802579044941254,39.02709215453204,49.032099014883514,3.9682539682543947,15.242066175129077,2.2988505747128958,10.239967735430533,19.899244332493772,29.293805336430424
09/15/2023,1.0655,1.0639,1.0689,1.0633,0.13%,1.07163,1.0924216666666666,0.0,1.0720122475030514,1.0810040887227548,1.0797514599869016,-1.2877524550676323,-3.153972005089999,-0.011800000000000033,-0.03550000000000009,31.71850106041424,39.84829502731157,49.117151005870745,13.407821229050024,11.282221144199474,5.517241379310236,6.289574510990145,21.662468513853778,24.1393786733837
09/18/2023,1.069,1.0663,1.07,1.0655,0.33%,1.07059,1.092065,0.0,1.0714645661388602,1.0802296313858029,1.0796444714357047,-0.27985074626866735,-2.410078510133283,-0.010399999999999965,-0.031200000000000117,38.69308931587812,41.872968363970166,49.32960210325308,34.91124260355011,17.429105933618178,13.563218390804607,7.126436781609244,26.070528967254365,22.544080604533978
09/19/2023,1.0677,1.0687,1.0719,1.0673,-0.12%,1.07016,1.091595,0.0,1.0707800995681584,1.0794212680705897,1.0795256112396587,-0.46611354525961535,-2.69753030164949,-0.0042999999999999705,-0.027699999999999836,37.12796280892466,41.338331950174215,49.25283572953272,33.33333333333441,27.217465721978183,10.574712643678504,9.885057471264446,24.43324937027721,24.05541561712846
09/20/2023,1.0659,1.0682,1.0738,1.065,-0.17%,1.06948,1.091175,0.0,1.069892808737584,1.0785489281950678,1.079390022024842,-0.3738667165155625,-2.9146552509336026,-0.006799999999999917,-0.03139999999999987,34.952833537486896,40.59589543968854,49.14640641787381,20.289855072464704,29.511477003116408,6.436781609195701,10.191570881226268,22.16624685138549,24.22334172963903
09/21/2023,1.0658,1.066,1.0675,1.0617,-0.01%,1.06907,1.0908316666666666,0.0,1.069148661694387,1.0777264166986118,1.0792547870693914,-0.38321338442845054,-2.6133040935672476,-0.0040999999999999925,-0.03210000000000002,34.82688776216723,40.55403621223282,49.14047752231758,26.97368421052648,26.865624205441865,10.539845758354755,9.183780003742983,22.04030226700263,22.87993282955512
09/22/2023,1.0652,1.066,1.0673,1.0614,-0.06%,1.0686,1.090401666666667,0.0,1.0684307232044985,1.0769182607825722,1.0791149273266003,-0.8931894305917429,-2.311078503301551,-0.0047000000000001485,-0.029200000000000115,34.00990044030364,40.296138776302534,49.104755687625996,24.516129032258117,23.926556105083105,10.95100864553316,9.309212004361202,21.284634760705206,21.830394626364452
09/25/2023,1.059,1.0655,1.0657,1.0574,-0.58%,1.0670199999999999,1.0898666666666665,0.0,1.0667160462582261,1.0757622439578902,1.0789147630463876,-1.506696428571428,-2.8796771826852616,-0.015800000000000036,-0.031400000000000095,26.793403065965393,37.73119861686141,48.73682250813199,8.205128205128409,19.898313815971004,4.221635883905129,8.570830095931012,13.476070528967183,18.933669185558347
09/26/2023,1.057,1.0593,1.061,1.0562,-0.19%,1.0652000000000001,1.089355,0.0,1.0649494923930942,1.0745517766057682,1.078696688714554,-1.4727815063385568,-2.79565937097664,-0.018199999999999994,-0.033400000000000096,24.89970354015456,36.946418993900195,48.61871863699274,3.9215686274505535,12.214275288279028,2.0779220779218504,5.750188869120044,10.957178841309748,15.239294710327387
09/27/2023,1.05,1.0569,1.0575,1.0488,-0.66%,1.0629199999999999,1.08877,0.0,1.062231402867077,1.0729677910182993,1.078411127499364,-1.3250634338877927,-3.412749517063739,-0.02279999999999993,-0.03739999999999988,19.531351150370767,34.35893256632684,48.207787466618285,4.528301886792797,5.551666239790589,2.614379084967513,2.971312348931495,2.1410579345088623,8.858102434928607
09/28/2023,1.0559,1.0503,1.058,1.049,0.56%,1.0621,1.088223333333333,0.0,1.0610802387094267,1.0718666432106672,1.0781871190761485,-0.9009854528390269,-2.8163828808099365,-0.008199999999999985,-0.031199999999999894,33.0493679872575,38.13654278483828,48.57596948992934,28.400000000000276,12.283290171414544,15.468409586056858,6.720236916315405,9.57178841309831,7.556675062972317
09/29/2023,1.057,1.0566,1.0618,1.0558,0.10%,1.0612499999999998,1.0875616666666665,0.0,1.0603383771258945,1.070907504939011,1.0779762860323305,-1.1225444340505155,-2.947387751354331,-0.008499999999999952,-0.02950000000000008,35.30092280144211,38.815661515642276,48.64437698860622,32.79999999999977,21.909433962264284,17.864923747276638,11.982570806100334,10.957178841309748,7.556675062972317
10/02/2023,1.0476,1.0568,1.0593,1.0477,-0.89%,1.05911,1.0866900000000002,0.0,1.0580223085575502,1.0694037949429458,1.077674011806031,-1.882551278449003,-3.3935817041681986,-0.021399999999999864,-0.04149999999999987,26.756990974710106,35.38203715366322,48.094900997867086,-0.3831417624520649,20.272286079182663,-0.2127659574467854,11.04018912529557,-0.12499999999998647,6.801322418136034
10/03/2023,1.0465,1.0478,1.0495,1.0448,-0.11%,1.05699,1.0857883333333334,0.0,1.0559273433652685,1.0679261307530785,1.0773637996467482,-1.8200581668074007,-3.6283267335850535,-0.021200000000000108,-0.037900000000000045,25.94064399255798,35.00715847660848,48.03109224026061,5.8620689655173335,12.759642401021681,3.406813627254575,7.0196571390281415,2.050663449939729,4.29428076374984
10/04/2023,1.0503,1.047,1.0534,1.0451,0.36%,1.0554299999999999,1.0847466666666667,0.0,1.0549041900261287,1.0667889610270733,1.0770944883502627,-1.4543066241321136,-2.830974188176516,-0.015600000000000058,-0.035600000000000076,33.70437997519116,37.37824450193425,48.26937728756922,24.22907488986817,9.902667364311148,11.022044088176461,4.738697252661415,6.634499396863766,2.85338761560118
10/05/2023,1.0548,1.0509,1.0553,1.05,0.43%,1.05433,1.08362,0.0,1.0548852463850145,1.066015479670488,1.0768726365313321,-0.9763424708974807,-2.3333333333333437,-0.01100000000000012,-0.026100000000000012,41.740460535822685,40.05723239349295,48.55014244696733,44.44444444444456,24.845196099943355,20.040080160320635,11.489645958583887,12.062726176115817,6.915963007639781
10/06/2023,1.0586,1.055,1.0601,1.0482,0.36%,1.05367,1.0825516666666666,0.0,1.0555606561331936,1.0655370616272306,1.076690806176787,-0.03777148253068517,-2.135527410557467,-0.006599999999999939,-0.021400000000000086,47.6898694823611,42.21667842674557,48.78604455923117,66.02870813397101,44.90074248942792,27.655310621242524,19.572478289913203,16.646562123039853,11.781262565339821
10/09/2023,1.0565,1.0563,1.0575,1.0519,-0.20%,1.05342,1.0814366666666666,0.0,1.0557314459271585,1.0649540253932157,1.0764898883282732,-0.04730368968779044,-2.868437988415914,-0.0024999999999999467,-0.02520000000000011,44.875938094155124,41.36476573519831,48.662121732565794,68.82352941176445,59.76556066339334,23.446893787575213,23.71409485637945,14.113389626055545,14.274225975070415
10/10/2023,1.0603,1.0567,1.0621,1.0554,0.36%,1.05375,1.0803983333333336,0.0,1.0565620921222205,1.0646537656904278,1.0763287835562498,0.9809523809523786,-2.9384840717685843,0.0033000000000000806,-0.02739999999999987,50.72198586954633,43.49905982209472,48.89818761625464,89.59537572254327,74.81587108942625,31.062124248497096,27.388109552438276,18.697225572979583,16.485725774025003
10/11/2023,1.0617,1.0605,1.0636,1.058,0.13%,1.05492,1.07943,0.0,1.0574962571909077,1.0644632001620133,1.0761832133621292,0.5492944407614383,-2.0662300525781734,0.011700000000000044,-0.03069999999999995,52.77229759790783,44.27215952492793,48.98504648423995,89.89361702127661,82.77084071852812,34.27991886409756,29.59631230005662,20.386007237635877,17.732207478890345
10/12/2023,1.0526,1.0622,1.0641,1.0526,-0.86%,1.05459,1.0784266666666666,0.0,1.0566060286107426,1.0636978324096253,1.0759485383086698,-0.41627246925259787,-2.2927689594356213,-0.0033000000000000806,-0.031500000000000083,40.578617607045935,40.54204554637559,48.44710385906526,40.41450777202068,73.30116683861353,17.931034482758648,27.757692531784432,9.408926417370363,16.164053075995284
10/13/2023,1.0509,1.0528,1.056,1.0495,-0.16%,1.0539800000000001,1.0774033333333333,0.0,1.0555685688633347,1.0628721658025526,1.0756992820714064,0.3150057273768479,-2.640355753196218,-0.006099999999999994,-0.02639999999999998,38.72147316971262,39.89249436937389,48.34741877618768,31.606217616580125,53.971447469959145,16.850828729281748,23.02059402537932,7.358262967430634,12.384398874145633
10/16/2023,1.0558,1.0507,1.0564,1.0507,0.47%,1.0548,1.0765633333333333,0.0,1.0556106472518194,1.0624158970410977,1.0755012658544105,0.888676540850462,-1.5111940298507454,0.008199999999999985,-0.023599999999999843,46.55504451041751,42.63305765264543,48.65347238933911,56.994818652850086,43.005181347150305,31.250000000000238,22.010621070680212,13.268998793727532,10.012062726176186
10/17/2023,1.0575,1.0561,1.0596,1.0532,0.16%,1.0558999999999998,1.0757666666666668,0.0,1.055954165933307,1.0620987423932848,1.075322136770725,0.6855184233076355,-1.4169851775892497,0.01100000000000012,-0.014499999999999957,49.065066698395555,43.55669118674688,48.759336800053006,65.2631578947374,51.28806472138921,39.56386292834937,29.221563885877117,15.319662243667262,11.982308001608486
10/18/2023,1.0535,1.0575,1.0595,1.0522,-0.38%,1.0562200000000002,1.0748533333333334,0.0,1.055507953945433,1.0615439848195245,1.0751049866665416,-0.1232461130071916,-1.5328535377138022,0.0032000000000000917,-0.019199999999999884,43.69949701391778,41.91408917817777,48.5227598714714,33.3333333333338,51.8637699603071,27.102803738318215,32.63888888888928,10.494571773220935,13.027744270205252
10/19/2023,1.0579,1.0535,1.0618,1.0527,0.42%,1.05653,1.0741966666666667,0.0,1.0559428714099,1.0613088890247164,1.0749337815174558,-0.06612507084828291,-1.1216001495466876,0.0031000000000001027,-0.01200000000000001,50.33729448085083,44.3041884899482,48.797407689362736,61.006289308176264,53.20092684541583,40.80996884735235,35.825545171339975,15.802171290711842,13.872135102533356
10/20/2023,1.0593,1.0586,1.0604,1.0564,0.13%,1.0566,1.0734933333333332,0.0,1.0565532584262818,1.0611792832811862,1.0747782113797457,0.26502602934215935,-1.4421287681429167,0.0006999999999999229,-0.010600000000000165,52.324487014199626,45.048446865669995,48.88461738933682,67.12328767123181,53.820970104247294,45.17133956386277,37.69470404984444,17.490952955367867,14.595898673100224
10/23/2023,1.0668,1.0594,1.0679,1.057,0.71%,1.05763,1.0729516666666667,0.0,1.058416302348776,1.0615419101662709,1.0746988210775337,0.6130340469678346,-0.7812499999999967,0.010299999999999976,-0.008000000000000007,61.495405678225225,48.837327318859934,49.34910073897019,94.02173913043423,74.05043870328076,68.53582554517136,51.5057113187955,26.537997587454797,19.943707277844847
10/24/2023,1.0588,1.0669,1.0695,1.0582,-0.75%,1.05748,1.072295,0.0,1.0584860655580894,1.0613650127361889,1.074540613762516,-0.2731468399736389,-1.3049962714392258,-0.0015000000000000568,-0.01639999999999997,50.07835913448083,45.384384685815554,48.873006166459646,46.499999999999794,69.21500893388861,44.02515723270437,52.5774407805795,16.887816646562143,20.305589063128277
10/25/2023,1.0563,1.0591,1.0608,1.0564,-0.24%,1.05694,1.0716733333333333,0.0,1.0580885990929823,1.0610382377209508,1.0743591036566995,0.35151054531636294,-0.7330138144911219,-0.005400000000000071,-0.01649999999999996,47.04560193409754,44.37023403799302,48.725368876744625,33.999999999999936,58.17391304347799,37.70491803278714,50.08863360355429,13.872135102533257,19.09931644551674
10/26/2023,1.056,1.057,1.0575,1.0522,-0.03%,1.05728,1.0710333333333333,0.0,1.057708853803349,1.060713190126051,1.0741764145873,0.4852983157293848,-0.8916001877052879,0.0034000000000000696,-0.008099999999999996,46.668765744333314,44.24749316879828,48.70762362693431,32.500000000000085,37.66666666666661,38.620689655172576,40.116921640221356,13.51025331724982,14.756735022115082
10/27/2023,1.0564,1.0558,1.0598,1.0535,0.04%,1.0578299999999998,1.07029,0.0,1.0574708803845583,1.060434919795338,1.0739995238916182,0.05682894487591721,-1.178671655753035,0.00550000000000006,-0.009099999999999886,47.294209317838664,44.45941219036279,48.732643411335445,30.31914893617053,32.27304964539019,40.0,38.775202562653234,13.9927623642944,13.791716928025835
10/30/2023,1.0613,1.0566,1.0626,1.0547,0.46%,1.05838,1.0696416666666666,0.0,1.0581670839510022,1.0604907314214453,1.0738731527259704,0.3593380614657024,-0.5994193125409931,0.005499999999999838,-0.00770000000000004,54.549268453488374,47.01178537247977,49.038687752069585,52.601156069363896,38.47343500184484,56.896551724137524,45.17241379310335,19.903498190591034,15.80217129071176
10/31/2023,1.0576,1.0616,1.0676,1.0556,-0.35%,1.05839,1.069011666666667,0.0,1.0580639777780927,1.0603042326200618,1.0737112209840938,0.3891789273849067,-0.7786846796134698,9.999999999998899e-05,-0.010099999999999998,48.90160426918504,45.38266709094166,48.81753018958821,31.213872832370587,38.04472594596834,44.137931034483046,47.01149425287352,15.440289505428407,16.44551668677129
11/01/2023,1.0568,1.0574,1.0582,1.0517,-0.08%,1.0587199999999999,1.0683366666666667,0.0,1.0578341636366213,1.0600781530961867,1.073542940020712,-0.10397958219114292,-0.8444361043347831,0.0032999999999998586,-0.009100000000000108,47.714800810950926,45.03361184255958,48.76973562186897,28.651685393258063,37.488904764997514,48.58299595141716,49.87249290334591,14.47527141133898,16.60635303578615
11/02/2023,1.062,1.0569,1.0669,1.0566,0.49%,1.05913,1.0677383333333335,0.0,1.0585915884299628,1.0602021432190134,1.0734280780655776,0.25488530161428746,-0.3004130679684444,0.0040999999999999925,-0.0038000000000000256,55.51247047027819,47.736566191860305,49.09531043775171,57.865168539326305,39.243575588318315,69.63562753036496,54.11885150542171,20.74788902291931,16.887816646562243
11/03/2023,1.0729,1.0623,1.0747,1.0615,1.03%,1.0604900000000002,1.06738,0.0,1.0611931178063332,1.0610213597855287,1.0734228232480811,0.5718035245594295,1.3125590179414564,0.013600000000000056,0.00770000000000004,66.9814486399004,52.772530022125814,49.7678319839164,92.17391304347812,59.56358899202083,93.97993311036782,70.73285219738331,33.89626055488543,23.039806996381248
11/06/2023,1.0715,1.0729,1.0757,1.0716,-0.13%,1.0609600000000001,1.067065,0.0,1.0630670963869997,1.061697401089688,1.0734036895631474,1.1994710993577573,1.3718070009460699,0.0046999999999999265,0.012499999999999956,64.60456103932117,52.105427746771234,49.683102302662945,82.49999999999916,77.51302719426786,86.40776699029067,83.34110921034114,32.20747889022913,28.95054282267797
11/07/2023,1.0699,1.0717,1.0724,1.0664,-0.15%,1.0620699999999998,1.0667233333333332,0.0,1.0643094424984545,1.0622266010193855,1.0733688249683961,1.2875130171352889,1.8952380952380978,0.01110000000000011,0.012900000000000134,61.818921177906944,51.33817206825416,49.58613708127132,75.83333333333324,83.50241545893684,81.22977346278317,87.20582452114722,30.277442702050823,32.127060715721804
11/08/2023,1.0707,1.0699,1.0717,1.0659,0.07%,1.06351,1.066445,0.0,1.06547136204419,1.0627732719213605,1.0733422679787217,1.3920454545454484,1.4016478833222772,0.014399999999999968,0.02069999999999994,62.71213774357465,51.70599905828108,49.63553156669144,79.1666666666662,79.1666666666662,83.81877022653693,83.81877022653691,31.24246079613998,31.24246079613999
11/09/2023,1.0666,1.0707,1.0726,1.066,-0.38%,1.0645700000000002,1.0661033333333334,0.0,1.0656765689452463,1.0630201576038534,1.073275176940001,0.9655433547898511,0.9082308420056815,0.010599999999999943,0.010699999999999932,55.339915403022616,49.71372708739284,49.38629844633514,62.08333333333292,72.36111111111079,70.55016181229753,78.53290183387254,26.29674306393251,29.27221552070778
11/10/2023,1.0681,1.0667,1.0694,1.0656,0.14%,1.0657400000000001,1.0657966666666667,0.0,1.0661171927733835,1.0633478893713468,1.0732236797580255,0.6407236408178781,1.9568537609774685,0.011700000000000044,0.01110000000000011,57.37676123723729,50.43649745615352,49.479573264145145,68.33333333333314,69.86111111111076,75.40453074433651,76.59115426105699,28.106151990349947,28.548451950140826
11/13/2023,1.0697,1.0684,1.0707,1.0665,0.15%,1.06658,1.0654733333333335,1.0,1.066768612269132,1.0637577029602923,1.073188616323731,1.1440998487140694,2.216913521261358,0.008400000000000185,0.02210000000000001,59.56255192919197,51.21030151990482,49.57918529882412,75.0,68.47222222222202,80.58252427184473,75.51240560949292,30.036188178528533,28.14636107760367
11/14/2023,1.0879,1.0699,1.0888,1.0692,1.70%,1.06961,1.0655316666666665,1.0,1.0706106827656534,1.0653152705112412,1.0733350062869877,2.9428463285389976,3.579929543939834,0.030299999999999994,0.0414000000000001,75.46484664835904,58.78254914485431,50.690666840358546,97.57412398921859,80.30248577418392,97.94050343249451,84.6425194828919,51.99034981905929,36.71089666264593
11/15/2023,1.0846,1.0879,1.0886,1.0831,-0.30%,1.07239,1.0655100000000002,1.0,1.07315419499008,1.0665594466072903,1.0734471018689675,2.1280602636534796,2.8251801289344,0.027800000000000047,0.0343,69.92487196582452,57.119716561632664,50.487852450610895,86.9565217391305,86.51021524278303,89.65517241379314,89.39273337271078,48.00965018094098,43.3453960595096
11/16/2023,1.085,1.0847,1.0897,1.0829,0.04%,1.07469,1.0655783333333335,1.0,1.0753079777191563,1.0677491597294007,1.0735620622650555,1.1277845092739305,2.4938598148497997,0.02299999999999991,0.030200000000000005,70.2193150179452,57.271278209965736,50.511973370578744,83.33333333333346,89.28799302056085,88.67469879518086,92.0901248804895,48.49215922798555,49.49738640932861
11/17/2023,1.0907,1.0848,1.0917,1.0825,0.53%,1.07647,1.0657566666666667,1.0,1.0781065272247643,1.0692298591016973,1.073732598093632,1.791880541297257,3.237103644107904,0.017800000000000038,0.03210000000000002,74.21613190502966,59.387353355367225,50.85486306839708,96.16858237547932,88.81947914931442,97.63033175355476,91.98673432084291,55.36791314837161,50.62324085243273
11/20/2023,1.0938,1.0913,1.0953,1.0897,0.28%,1.0787,1.0659583333333333,1.0,1.0809598859111706,1.070815029482233,1.073932284266512,2.233853631180487,3.1594831651419493,0.02230000000000021,0.03730000000000011,76.15035191908211,60.488252458986175,51.04028322976136,94.94949494949549,91.48380355276942,96.72489082969467,94.34330712614343,59.10735826296764,54.322476879774946
11/21/2023,1.0909,1.094,1.0966,1.09,-0.27%,1.0808,1.0660116666666668,1.0,1.0827671793818667,1.0721108340317664,1.0741011260754765,1.8866162323713453,2.750306112837891,0.020999999999999908,0.03059999999999996,70.64208348798607,58.9420338214688,50.85987145172036,81.61290322580628,90.91032685026038,87.89808917197442,94.08443725174128,55.6091676718939,56.694813027744395
11/22/2023,1.0887,1.0911,1.0924,1.0852,-0.20%,1.0826,1.06595,1.0,1.0838458740397092,1.0731811028039104,1.0742463960128206,2.072004500281268,3.4296028880866447,0.018000000000000016,0.026999999999999913,66.58246497466412,57.7828645135699,50.72317418324714,74.51612903225794,83.6928424025199,83.22717622080673,89.28338540749193,52.95536791314844,55.89063128267
11/23/2023,1.0904,1.0888,1.0932,1.0884,0.16%,1.08498,1.066055,1.0,1.0850375333052167,1.0742919993972064,1.0744071366181598,2.0878194925568754,3.758683033590265,0.023800000000000043,0.037800000000000056,68.15378028770996,58.43627443152656,50.82581613434395,80.0,78.70967741935475,86.83651804670914,85.98726114649675,55.006031363088184,54.52352231604351
11/24/2023,1.0939,1.0905,1.0949,1.0894,0.32%,1.08756,1.0663316666666667,1.0,1.0866488908860865,1.075557031694161,1.0746011052870976,2.262316537346919,3.608637999621142,0.025800000000000045,0.04300000000000015,71.24660093772395,59.76265649514254,51.0368477801288,91.02990033222616,81.84867645482802,94.11764705882369,88.06044710877984,59.22798552472878,55.72979493365515
11/27/2023,1.0953,1.0937,1.096,1.0925,0.13%,1.0901200000000002,1.0665966666666666,1.0,1.0882218198158888,1.0768307715848602,1.0748070747720706,0.6802095780862074,3.5744680851063673,0.025599999999999845,0.03949999999999987,72.43633867269924,60.28706461667773,51.12117506018355,95.25547445255447,88.76179159492688,97.10467706013345,92.68628072188876,60.916767189384814,58.38359469240061
11/28/2023,1.099,1.0954,1.101,1.0934,0.34%,1.09123,1.0670466666666667,1.0,1.0901814889402728,1.078261044385837,1.075047812353986,1.3276784067859089,4.318936877076399,0.011099999999999888,0.04149999999999987,75.42260828354813,61.65342005524339,51.34375596907571,89.18918918918915,91.82485465798993,95.94320486815414,95.72184299570375,65.3799758745477,61.841576196220444
11/29/2023,1.0968,1.0992,1.1018,1.096,-0.20%,1.09245,1.0674483333333336,1.0,1.091384854587496,1.0794571060383635,1.075264262676453,1.087557603686639,3.677096133850074,0.012199999999999989,0.043299999999999894,70.38471554476885,60.37569313823726,51.2044170436978,74.09326424870505,86.17930929681624,90.0199600798405,94.35594733604269,62.72617611580225,63.00763972657827
11/30/2023,1.0886,1.0971,1.0985,1.0879,-0.75%,1.09281,1.06776,1.0,1.0908785173897695,1.0800469701649207,1.0753969630410543,-0.19253690290638956,2.7659775323326823,0.0036000000000000476,0.03069999999999995,55.13330370196784,55.90813412685438,50.689108239139244,31.60621761658049,64.96289035149157,73.6526946107786,86.5386198529244,52.8347406513873,60.31363088057909
12/01/2023,1.0881,1.0887,1.0913,1.0829,-0.05%,1.0925500000000001,1.0680633333333334,1.0,1.0903733324098113,1.0805665204768613,1.0755233675118694,-0.5211190345584237,1.9966254218222814,-0.0025999999999999357,0.02880000000000016,54.33562137630286,55.648393307215535,50.65786614763199,27.513227513228127,44.40423645950455,72.65469061876273,78.77578176979394,52.23160434258158,55.930840369923715
12/04/2023,1.0836,1.0887,1.0896,1.0804,-0.41%,1.0915300000000001,1.06821,1.0,1.0891418174262093,1.0807622288331928,1.0756037358497115,-0.6691722431020336,2.342274272761611,-0.010200000000000209,0.016799999999999926,47.46785436098261,53.341150233176386,50.3770142889515,14.953271028036868,24.690905385948497,63.672654690618636,69.99334664005332,46.80337756332926,50.62324085243273
12/05/2023,1.0795,1.0836,1.0848,1.0778,-0.38%,1.09039,1.0682816666666666,1.0,1.0873887597123528,1.0806807947149224,1.0756425064790929,-0.8450445485441441,2.1963457351131197,-0.011400000000000077,0.02069999999999994,42.08308267009578,51.335064750537356,50.12255875172096,7.083333333332613,16.516610624865866,55.48902195608768,63.93878908848968,41.857659831121794,46.96421391234421
12/06/2023,1.0762,1.0793,1.0805,1.0759,-0.31%,1.08914,1.0683383333333334,1.0,1.0853544397646524,1.0803917111849275,1.0756480539378088,-1.302274394717534,1.9128787878787874,-0.012499999999999956,0.01990000000000003,38.20695807484635,49.77636113335598,49.91859694320549,1.158301158301039,7.7316351732235065,48.90219560878255,56.02129075182962,37.87696019300375,42.179332529151615
12/07/2023,1.0792,1.0769,1.0818,1.0755,0.28%,1.0880199999999998,1.06859,1.0,1.084235450716534,1.0803148265923515,1.0756833983216085,-1.3438157052747195,2.1582733812949577,-0.011200000000000099,0.023199999999999887,43.46664338541249,51.17067554636378,50.104105806713605,14.068441064638929,7.43669185209086,54.890219560878165,53.09381237524946,41.49577804583836,40.410132689987975
12/08/2023,1.0761,1.0794,1.0802,1.0723,-0.29%,1.0862399999999999,1.0687666666666666,1.0,1.0827562778589823,1.0800429022960707,1.075687543802021,-1.7529443987948403,1.3945161594271316,-0.017800000000000038,0.01970000000000005,39.596923249385924,49.69586415324481,49.912101314399145,12.881355932203537,9.369366051714502,48.70259481037938,50.83166999334669,37.756332931242596,39.04302372336158
12/11/2023,1.0761,1.0762,1.078,1.0741,0.00%,1.08432,1.068885,1.0,1.0815460455209855,1.0797885215027758,1.075691648030108,-2.0837124658780635,1.7492435703479539,-0.019199999999999884,0.014800000000000146,39.596923249385924,49.69586415324481,49.91210131439915,12.881355932203537,13.277050976348667,48.70259481037938,50.765136393878976,37.756332931242596,39.00281463610786
12/12/2023,1.0792,1.0763,1.0829,1.0759,0.29%,1.0823399999999999,1.0690766666666667,1.0,1.0811194917898974,1.0797505523735647,1.0757265585739677,-1.604668125455877,2.1196063588190746,-0.01980000000000004,0.02159999999999984,45.57841639596826,51.20099015056712,50.105230067732194,23.38983050847437,16.38418079096048,54.890219560878165,50.765136393878976,41.49577804583836,39.002814636107864
12/13/2023,1.0873,1.0793,1.0898,1.0772,0.75%,1.08139,1.0694333333333332,1.0,1.0822432205553707,1.080237613510754,1.0758417223195904,-0.11941943781003847,2.382297551789066,-0.009500000000000064,0.03049999999999997,57.73066791451569,54.852320909091816,50.60537293537829,57.25190839694619,31.1743649458747,67.92035398230092,57.17105611785282,51.26658624849215,43.506232408524376
12/14/2023,1.0991,1.0874,1.101,1.0872,1.09%,1.08244,1.0699883333333333,1.0,1.0853080895453033,1.0814545416713506,1.0760731581639367,1.010936494807453,2.441979681237767,0.010499999999999954,0.03709999999999991,68.95255548307384,59.427349293743845,51.31981202711347,93.3797909407665,58.007176615395686,93.30024813895797,72.03694056071235,65.50060313630884,52.75432247687979
12/15/2023,1.0894,1.0994,1.1005,1.0888,-0.88%,1.08257,1.0703916666666666,1.0,1.086052073264339,1.0819671518861023,1.0762057693393257,0.5352528608342588,1.6705552963135817,0.0012999999999998568,0.01649999999999996,55.49561294816348,54.712599035396686,50.71380406052237,59.58188153310078,70.07119362360449,65.74585635359105,75.65548615828332,53.79975874547647,56.85564937675915
12/18/2023,1.0922,1.0903,1.0932,1.0892,0.26%,1.0834300000000001,1.0709449999999998,1.0,1.0871698781253685,1.082627335635386,1.0763649227856489,1.1764705882353086,2.0843069445742577,0.008600000000000163,0.020700000000000163,58.117263874260296,55.76066938452214,50.88207012896188,69.33797909407689,74.09988385598139,73.48066298342573,77.50892249199158,57.177322074789046,58.82589465219146
12/19/2023,1.098,1.0924,1.0988,1.0915,0.53%,1.0852799999999998,1.0716283333333334,1.0,1.0891389911934832,1.0836191204331032,1.0765802063896952,2.0256457907452186,2.5497338189969274,0.018500000000000183,0.028100000000000014,63.117797393468635,57.85090163898262,51.22871305767822,89.5470383275265,72.82229965156806,89.50276243093971,76.24309392265216,64.17370325693625,58.3835946924006
12/20/2023,1.0938,1.0981,1.0986,1.093,-0.38%,1.08704,1.0723583333333333,1.0,1.0899864473401226,1.084275951372903,1.0767515548723263,1.3528539659006829,2.550159384961571,0.01760000000000006,0.02310000000000012,57.58587528020251,55.87331732406029,50.96693752895162,74.91289198606312,77.93263646922216,77.90055248618832,80.29465930018459,59.10735826296764,60.152794531564325
12/21/2023,1.1008,1.0941,1.1014,1.0934,0.64%,1.0892,1.0731066666666667,1.0,1.0919525478237366,1.0853420190262641,1.076990852911546,2.2953257132236726,3.061511094466806,0.021600000000000064,0.03420000000000001,63.50859342702378,58.32931271078849,51.383067334333866,97.93814432989713,87.46602488116224,97.23756906077377,88.21362799263393,67.55126658624857,63.61077603538416
12/22/2023,1.101,1.101,1.1041,1.0993,0.02%,1.09169,1.0738400000000001,1.0,1.0935975391285118,1.0863522113471502,1.0772297598094904,2.3139113465291254,2.926054033841253,0.024899999999999922,0.03289999999999993,63.66964672545826,58.397750865313554,51.39491220740492,89.66666666666633,87.50590099420886,91.75531914893591,88.964480231966,67.79252110977086,64.8170486529957
12/25/2023,1.1007,1.1017,1.1022,1.0993,-0.03%,1.0941500000000002,1.0747250000000002,1.0,1.0948888956506004,1.087277875131205,1.0774633041308437,1.992216456634551,1.1765787296626455,0.024599999999999955,0.030999999999999917,63.20472768350408,58.24930336867992,51.37604221698392,87.94326241134726,91.8493578026369,90.2578796561603,93.08358928862333,67.43063932448743,67.5914756735023
12/26/2023,1.1042,1.101,1.1046,1.1008,0.32%,1.09665,1.0756866666666667,1.0,1.0965818237141276,1.0883696251227402,1.07772935172512,1.5543088384070762,1.807117831458608,0.025000000000000133,0.01629999999999998,66.38645857872001,59.49206242238716,51.58447207459394,98.54014598540162,92.05002502113841,98.76160990712089,93.59160290407237,71.65259348612804,68.95858464012879
12/27/2023,1.1103,1.1043,1.1124,1.1028,0.55%,1.0989499999999999,1.0766866666666668,1.0,1.099076037584286,1.0897844880180472,1.078053450826721,1.0190155581839777,2.3317972350230507,0.02300000000000013,0.025700000000000056,71.20777782748802,61.55527968434487,51.945286859590674,91.66666666666674,92.71669168780521,94.7630922693267,94.59419394420263,79.01085645355866,72.69802975472471
12/28/2023,1.1059,1.1107,1.1141,1.1054,-0.40%,1.0996299999999999,1.0775383333333333,1.0,1.100316758023507,1.0908241984684959,1.0783305419634337,1.5145951900128678,1.393600440084359,0.006800000000000139,0.02090000000000014,63.86599348706909,59.301474263176324,51.6661574626129,67.5889328063243,85.93191515279756,80.38277511961729,91.30249243202162,73.70325693606776,74.78890229191816
12/29/2023,1.1036,1.1061,1.1086,1.1033,-0.21%,1.10105,1.0782883333333333,1.0,1.1009137111101421,1.091648443728593,1.0785819892803183,1.0437648782274176,0.895959041872354,0.01419999999999999,0.012899999999999912,60.25756252648592,58.150142958292065,51.52071427554747,57.83132530120436,72.36230825806513,74.88038277511923,83.34208338802108,70.9288299155609,74.54764776839578
01/01/2024,1.1044,1.1044,1.1048,1.1036,0.07%,1.10227,1.0790866666666665,1.0,1.101547581817389,1.0924711247783612,1.0788388949473877,0.5828779599271366,1.2375103125859443,0.012199999999999989,0.010599999999999943,61.10682468053462,58.44047223687349,51.568374417963916,57.07964601769926,60.83330137507597,76.79425837320566,77.35247208931406,71.89384800965031,72.17531162042633
01/02/2024,1.0947,1.1045,1.1046,1.0938,-0.88%,1.1019400000000001,1.07966,1.0,1.1003025669415,1.0926149231797573,1.0789967229936288,0.08228195282500465,0.5511160099200887,-0.0033000000000000806,0.0038000000000000256,47.44724075900227,53.762265385954784,50.95789744065042,8.056872037914811,40.98928111893948,53.58851674641135,68.42105263157875,60.19300361881794,67.67189384800973
01/03/2024,1.0921,1.0943,1.0966,1.0892,-0.24%,1.10177,1.0801666666666667,1.0,1.0988111911339546,1.0925817023294502,1.0791271088530219,-0.790334302325575,0.15590608950844045,-0.0017000000000000348,0.0034000000000000696,44.48563879562065,52.59482795626935,50.795905618961584,11.646586345381959,25.59436813366534,47.36842105263161,59.25039872408288,57.05669481302791,63.04784881383207
01/04/2024,1.0943,1.0922,1.0973,1.0915,0.20%,1.10112,1.0808616666666668,1.0,1.0979909745641447,1.092692560243679,1.0792780886191349,-0.6085376930063513,0.03656641374896754,-0.00649999999999995,0.0039000000000000146,47.56287894969294,53.47908172862152,50.92856458346409,20.481927710843674,13.395128698046813,52.631578947368396,51.196172248803784,59.71049457177337,58.986731001206415
01/05/2024,1.0941,1.0947,1.1,1.0877,-0.02%,1.10043,1.0815816666666669,1.0,1.0972835246433912,1.092783362808603,1.0794255758611913,-0.5996184246388606,-0.10955902492466611,-0.006899999999999906,0.00019999999999997797,47.29805083239623,53.385432429642066,50.916022373614744,24.24242424242475,18.790312766216793,52.153110047846916,50.71770334928231,59.46924004825107,58.74547647768412
01/08/2024,1.0949,1.0946,1.098,1.0923,0.07%,1.0998500000000002,1.0822333333333334,1.0,1.096850156526411,1.0929199200467576,1.0795795559537342,-0.842238724868691,-0.3730664240218374,-0.005800000000000027,-0.00039999999999995595,48.57074391332784,53.7207759399575,50.96456905353345,27.272727272727426,23.999026408665284,54.06698564593283,52.95055821371605,60.43425814234023,59.87133092078823
01/09/2024,1.0931,1.0952,1.0967,1.091,-0.16%,1.09874,1.0828266666666666,1.0,1.0961683098852453,1.0929315381082574,1.0797140926858826,-1.5491308655318474,-0.33734500364697634,-0.01110000000000011,-0.005900000000000016,45.805372715252766,52.83605880993998,50.85083845096341,20.45454545454557,23.989898989899245,49.76076555023899,51.99362041467291,58.26296743063936,59.38882187374356
01/10/2024,1.0971,1.093,1.0974,1.0923,0.37%,1.09742,1.0835533333333334,1.0,1.096337708087928,1.093200471133531,1.079887093091122,-0.795731983000284,0.7808194010655845,-0.0132000000000001,0.00029999999999996696,52.485029132479966,54.55651848713517,51.09458045541635,35.606060606060616,27.77777777777787,59.33014354066961,54.38596491228048,63.08805790108568,60.5950944913551
01/11/2024,1.097,1.0973,1.0991,1.093,-0.01%,1.09653,1.084205,1.0,1.096458124799214,1.093445602028142,1.0800573769137225,-0.5980427691192406,0.8179395276169386,-0.00890000000000013,0.008399999999999963,52.30594938275889,54.505098164072145,51.08821467111524,44.497607655502506,33.51940457203623,59.09090909090887,56.06060606060583,62.96743063932454,61.43948532368321
01/12/2024,1.0949,1.0974,1.0987,1.0935,-0.19%,1.09566,1.084798333333333,1.0,1.096174829381175,1.0935394341553586,1.0802050699797159,-0.860195581311125,1.0428202288667487,-0.00869999999999993,0.006799999999999917,48.44876390794361,53.41148098304849,50.95423048495893,42.10526315789501,40.736310473152706,54.06698564593283,57.49601275917044,60.43425814234023,62.16324889425016
01/15/2024,1.0948,1.0955,1.0968,1.0933,-0.01%,1.0947,1.085265,1.0,1.0959248604027796,1.0936207609840451,1.0803502982984692,0.00913492280990125,1.4173228346456779,-0.009600000000000053,0.011200000000000099,48.26046442554313,53.35874127315784,50.947835843752905,42.01183431952691,42.87156837764147,53.82775119617209,55.661881977671264,60.31363088057908,61.23843988741462
01/16/2024,1.0874,1.095,1.0952,1.0862,-0.68%,1.09397,1.0857416666666668,1.0,1.0943748857840923,1.0932194215657196,1.0804204470394516,-0.4303635198242055,1.0406987548782638,-0.007300000000000084,0.007900000000000018,36.573083221527945,49.608861424721056,50.476711412420315,8.695652173912064,30.937583217111328,36.12440191387529,48.006379585326734,51.3872135102533,57.37836751105755
01/17/2024,1.0881,1.0874,1.0886,1.0844,0.06%,1.0935700000000002,1.0862716666666665,1.0,1.0932339974597118,1.092889136303415,1.0804968631499008,-0.5665722379603384,0.8246849518161723,-0.0040000000000000036,0.011900000000000022,38.147454297125286,49.95303624037907,50.52021058214588,23.717948717948865,24.80847840379595,37.79904306220099,42.58373205741612,52.23160434258158,54.64414957780466
01/18/2024,1.0874,1.0882,1.0907,1.0846,-0.06%,1.0928799999999999,1.086795,1.0,1.0921732706488552,1.0925349984773882,1.080565553435493,-0.6123754684215473,1.0500882817581885,-0.006900000000000128,0.008199999999999985,37.12359330200977,49.60256506144454,50.47565210405068,19.230769230768463,17.214790040876466,36.12440191387529,36.68261562998385,51.3872135102533,51.6686771210294
01/19/2024,1.0897,1.0875,1.0899,1.0865,0.21%,1.09244,1.08735,1.0,1.091723585076336,1.092352095349815,1.0806564465385353,-0.4749292172801255,1.2638230647709165,-0.0044000000000001815,0.013599999999999834,42.73476750549678,50.77642590490654,50.61947486322065,36.05442176870669,26.334379905808007,38.99999999999956,37.64114832535861,54.16164053075989,52.593486127864935
01/22/2024,1.0881,1.0892,1.0911,1.088,-0.15%,1.09176,1.0877966666666667,1.0,1.0910647514260932,1.092077766617569,1.0807305142380192,-0.4574146921599025,0.8246849518161723,-0.006799999999999917,0.01200000000000001,39.977188745047265,49.93934690811999,50.516906207954655,25.170068027211244,26.818419675562136,31.937172774869072,35.68719156291464,52.23160434258158,52.593486127864935
01/23/2024,1.0851,1.0883,1.0917,1.0822,-0.28%,1.09096,1.088255,1.0,1.0899802511668035,1.091627588126113,1.0807739931559435,-1.0937927262783713,-0.20233606180446792,-0.008000000000000007,0.005900000000000016,35.239802370699806,48.391949157772885,50.32474893154375,17.159763313608977,26.12808436984231,21.40921409214088,30.782128955669837,48.6127864897467,51.6686771210294
01/24/2024,1.0883,1.0854,1.0933,1.0845,0.29%,1.09008,1.0887799999999999,1.0,1.0896747509546576,1.0914129050212025,1.0808488812648154,-0.7930720145852261,-0.982622145391677,-0.008799999999999919,0.001000000000000112,43.21507964716459,50.0981407974498,50.52649191479146,36.094674556213164,26.141501965677794,19.122257053291495,24.156214640100483,52.47285886610386,51.105749899477395
01/25/2024,1.0846,1.0885,1.0903,1.0822,-0.34%,1.0888399999999998,1.0891566666666668,0.0,1.0887520689629018,1.0909733627617701,1.0808862070475191,-0.9407251803817678,-0.4406095098219126,-0.012399999999999967,-0.014499999999999957,37.31180345114959,48.19239966657307,50.28915713293898,14.545454545454325,22.59996413842549,7.523510971786693,16.018327372406358,48.00965018094098,49.69843184559719
01/26/2024,1.0852,1.0843,1.0886,1.0812,0.06%,1.0878700000000001,1.0893616666666666,0.0,1.088106238242374,1.0906008877448818,1.0809291317474423,-0.87687248812569,-0.6409082585607139,-0.009700000000000042,-0.0041999999999999815,38.81768464720906,48.52090767573054,50.32718373087078,25.641025641025568,25.427051580897686,12.158054711246155,12.93460757877478,48.73341375150785,49.738640932850906
01/29/2024,1.0833,1.0849,1.085,1.0796,-0.18%,1.0867200000000001,1.0895583333333332,0.0,1.0872323767437606,1.0901298627290832,1.0809527232310157,-0.3770461651646122,-1.3387978142076646,-0.011500000000000066,-0.00890000000000013,35.79246839036834,47.53354145502792,50.20495811764113,23.717948717948865,21.301476301476253,10.724637681159466,10.135401121397438,46.44149577804583,47.728186570164894
01/30/2024,1.084,1.0833,1.0858,1.0811,0.06%,1.08638,1.0897933333333334,0.0,1.0866446718812588,1.0897343877143035,1.0809830453532498,-0.3768036026100535,-0.8959590418723743,-0.0033999999999998476,-0.014000000000000012,37.77753878925933,47.93732030088468,50.24969613076764,32.1167883211691,27.158587560047845,12.753623188406252,11.878771860270625,47.28588661037411,47.4869320466426
01/31/2024,1.0816,1.0844,1.0888,1.0795,-0.22%,1.0857299999999999,1.089975,0.0,1.085727458811939,1.0892095885069293,1.0809891843979555,-0.5333823799889671,-1.7441860465116377,-0.006500000000000172,-0.01220000000000021,33.79702523357099,46.66359303342651,50.09461044482096,15.217391304347721,23.68404278115523,6.069364161849652,9.849208343805124,44.3908323281061,46.03940490550869
02/01/2024,1.0872,1.0814,1.0876,1.0779,0.52%,1.0857100000000002,1.0903183333333333,0.0,1.0859951935734047,1.0890799376355147,1.0810509854767631,-0.22942094154353923,-1.2534059945504117,-0.00019999999999997797,-0.013600000000000056,48.00163767136542,49.87821052131859,50.45320816081579,60.38961038961006,35.907930005042296,25.69060773480625,14.837865028354052,51.14595898673101,47.607559308403744
02/02/2024,1.0784,1.0873,1.0899,1.078,-0.81%,1.08458,1.09049,0.0,1.0846142492873312,1.0883909094009652,1.081024606701051,-0.8914621817847662,-2.025983465067683,-0.011299999999999866,-0.022599999999999953,34.91964634813104,45.427379240458464,49.88707360747383,3.246753246752919,26.2845849802369,1.3812154696131071,11.047062455423005,40.5307599517492,45.35585042219545
02/05/2024,1.0741,1.0784,1.0787,1.0723,-0.40%,1.08318,1.090563333333333,0.0,1.0827025675987256,1.0874689152460641,1.080955703045109,-1.0137314533222652,-2.7259554428545565,-0.014000000000000012,-0.026599999999999957,30.41871904996684,43.46674567195125,49.613675828062625,8.571428571428722,24.069264069263905,4.306220095693831,10.459347766704395,35.34378769601943,42.34016887816656
02/06/2024,1.0754,1.0743,1.0763,1.0723,0.12%,1.0822100000000001,1.090355,0.0,1.081374828035321,1.0866902755527696,1.0809004207523014,-1.1853349260314374,-3.1432946050617083,-0.009700000000000042,-0.02880000000000016,33.30639682122292,44.219681382686076,49.69743818196024,14.761904761904256,8.860028860028635,7.416267942583437,4.3679011692967915,36.91194209891432,37.59549658222766
02/07/2024,1.0771,1.0755,1.0785,1.0753,0.16%,1.08109,1.0902299999999998,0.0,1.0805975865743536,1.086071548097752,1.0808626044924812,-0.6914991702010015,-2.604213762546357,-0.011200000000000099,-0.03320000000000012,37.09932546630065,45.20688943919096,49.8071013939151,26.666666666666174,16.666666666666387,11.483253588516527,7.735247208931265,38.96260554885404,37.072778447929274
02/08/2024,1.0776,1.0772,1.0789,1.0741,0.05%,1.08039,1.0901066666666668,0.0,1.080052570833562,1.0855249966075744,1.0808301398074895,-0.700331736085519,-2.3559260601667296,-0.007000000000000117,-0.028300000000000214,38.24702174301486,45.50036076060482,49.83942585994479,30.113636363635464,23.847402597401967,14.600550964186942,11.166690831762303,39.565741857659766,38.480096501809385
02/09/2024,1.0782,1.0779,1.0796,1.0762,0.06%,1.0796899999999998,1.0898983333333334,0.0,1.0797157397729145,1.0850524161812791,1.0808039684969795,-0.4707837164220329,-2.372328866352771,-0.006999999999999895,-0.025399999999999867,39.71368082247734,45.86032541262952,49.87835479883587,33.52272727272725,30.10101010100963,18.15384615384622,14.745883568849896,40.28950542822691,39.60595094491358
02/12/2024,1.0771,1.0781,1.0806,1.0756,-0.10%,1.07907,1.08962,0.0,1.0792401507232936,1.0845393570728095,1.0807671120222109,-0.6365313653136649,-1.6077464145428026,-0.006199999999999983,-0.027300000000000102,37.880980709416725,45.29296159136723,49.80713184933225,27.272727272726698,30.303030303029804,14.860681114550825,15.871692744194661,38.96260554885404,39.60595094491358
02/13/2024,1.0709,1.0772,1.0796,1.07,-0.58%,1.07776,1.0892866666666667,0.0,1.0777237596826947,1.083659398551983,1.080668928989381,-0.9892751479289879,-1.941214174526152,-0.013100000000000112,-0.023800000000000043,29.38773216184201,42.245572111174354,49.40748489755265,4.522613065326129,21.77268920359336,2.999999999999667,12.004842422798903,31.48371531966227,36.911942098914416
02/14/2024,1.0725,1.071,1.0736,1.0695,0.15%,1.0768499999999999,1.0890166666666665,0.0,1.076773985194932,1.0829394373550807,1.080587643807594,-1.3520971302428197,-1.9921410947637794,-0.009099999999999886,-0.019600000000000062,33.653123521771775,43.26463883093325,49.51255365308166,14.705882352941593,15.500407563664808,9.836065573770803,9.232248896107098,33.41375150784085,34.620024125452396
02/15/2024,1.0771,1.0727,1.0785,1.0724,0.43%,1.07584,1.088795,0.0,1.0768332606140352,1.0825626994612045,1.0805529399092937,-0.12054896142433966,-1.553788501965097,-0.010099999999999998,-0.017200000000000104,44.38479992135196,46.09354913713132,49.813706662446634,37.25490196078421,18.827799126350644,24.918032786885256,12.584699453551908,38.96260554885404,34.620024125452396
02/16/2024,1.0774,1.077,1.0788,1.0732,0.03%,1.0757400000000001,1.08852,0.0,1.076936304138756,1.0822296220766108,1.0805215665003645,0.30723396331811365,-1.5983194812311692,-0.001000000000000112,-0.01670000000000016,45.029118569722236,46.27428081132808,49.833320361281736,71.17117117117063,41.04398516163214,26.68918918918919,20.481095849948417,39.32448733413748,37.23361479694413
02/19/2024,1.0777,1.0777,1.0791,1.0762,0.03%,1.0760999999999998,1.0882266666666667,0.0,1.0770751579317095,1.081937388394249,1.0804934904387562,0.213873907383317,-1.4088372518525165,0.0036000000000000476,-0.017199999999999882,45.7277410975879,46.459973741376594,49.85301718096327,73.87387387387501,60.76664900194328,27.702702702703334,26.43664155959259,39.68636911942119,39.32448733413758
02/20/2024,1.0803,1.0779,1.084,1.0762,0.24%,1.07659,1.087915,0.0,1.0776614928532169,1.0818317504333297,1.080491565108274,0.2970940488348428,-1.5313098167897117,0.0049000000000001265,-0.012799999999999923,51.64548905445355,48.069187003063895,50.023928912761974,74.48275862068971,73.17593455524512,36.48648648648688,30.292792792793136,42.82267792521122,40.61117812625664
02/21/2024,1.0817,1.0807,1.0825,1.0789,0.13%,1.07705,1.0876633333333332,0.0,1.0783957668799047,1.0818232504053729,1.080503589660581,0.380475129918357,-1.3947128532360864,0.0046000000000001595,-0.015399999999999858,54.60678420226674,48.9243073351114,50.115935834933396,84.13793103448317,77.49818784301597,41.21621621621683,35.13513513513568,44.51145958986751,42.34016887816665
02/22/2024,1.0823,1.0816,1.0889,1.0802,0.06%,1.0775200000000003,1.0875583333333334,0.0,1.0791056274471948,1.0818540084437358,1.080521464867957,0.3802634019662393,-1.1507900264864321,0.0047000000000001485,-0.014699999999999935,55.89305492288167,49.29447955826196,50.155461219841015,65.97938144329943,74.86669036615744,43.83561643835649,40.51277304702006,45.23522316043438,44.18978689183771
02/23/2024,1.0818,1.0824,1.0841,1.0812,-0.05%,1.07788,1.0874533333333334,0.0,1.0795955133658868,1.081850524028011,1.0805341869471194,0.43635688422617663,-1.187431494336856,0.0036000000000000476,-0.01309999999999989,54.46406960421411,48.98840665208784,50.122199854253424,63.40206185567085,71.17312477781782,45.05494505494562,43.36892590317297,44.63208685162866,44.79292320064352
02/26/2024,1.0847,1.0826,1.0861,1.0812,0.27%,1.07864,1.0874716666666666,0.0,1.0805236018448163,1.0820343611874943,1.0805756389089431,1.2886357269586362,-0.24829869413278688,0.007600000000000051,-0.010099999999999998,60.90535672638107,50.82055841568746,50.31426936965736,78.35051546391772,69.24398625429599,59.1439688715956,49.344843454965904,48.13027744270212,45.99919581825506
02/27/2024,1.0844,1.085,1.0867,1.0832,-0.03%,1.07999,1.0875533333333334,0.0,1.0812284015093951,1.0821869830463655,1.0806136932399033,1.1095571095571115,-0.34004227552614985,0.013500000000000068,-0.0029999999999998916,59.93092774564914,50.625972033074056,50.29413358041284,76.80412371134058,72.85223367697638,62.605042016807175,55.6013186477828,47.76839565741869,46.84358665058317
02/28/2024,1.0836,1.0844,1.0848,1.0796,-0.07%,1.0811,1.0876766666666668,0.0,1.0816596012349595,1.082278145430471,1.0806434084978953,0.6034722866957525,-0.3494574213720826,0.011099999999999888,-0.0045000000000001705,57.21850468779136,50.09682640118048,50.24024770905997,67.87878787878729,74.34447568468187,59.2436974789915,60.33090278913142,46.80337756332926,47.567350221150036
02/29/2024,1.0803,1.0836,1.0857,1.0795,-0.30%,1.08142,1.087695,0.0,1.0814124010104216,1.0821505231446342,1.0806399914110638,0.26916651197328056,-0.8626227402037124,0.0032000000000000917,-0.007099999999999884,47.3883667640211,47.95783697717596,50.018077692222995,45.22292993630627,63.301947175478055,45.378151260504715,55.742296918767785,42.82267792521122,45.7981503819864
03/01/2024,1.0837,1.0804,1.0844,1.0798,0.31%,1.0820500000000002,1.0878216666666667,0.0,1.0818283280994359,1.0822504893933675,1.0806704400239349,0.5567412081284221,-0.40437459792298125,0.006300000000000194,-0.005999999999999783,56.035093413359526,50.223079381452614,50.24590428210658,59.05511811023702,57.3856119751102,59.66386554621928,54.76190476190516,46.92400482509068,45.516686771210395
03/04/2024,1.0854,1.0843,1.0867,1.0838,0.16%,1.0828200000000001,1.0879766666666666,0.0,1.0824777229904474,1.0824536836260537,1.0807175014946848,0.47209108580948644,0.027647221454240804,0.007699999999999818,-0.0027000000000001467,59.71347863857022,51.3190814391541,50.3596077165874,72.44094488188915,58.90633097614415,66.80672268907561,57.282913165266535,48.97466827503013,46.240450341777354
03/05/2024,1.0855,1.0856,1.0877,1.084,0.01%,1.0833400000000002,1.0880816666666666,0.0,1.0830272279012751,1.0826502201663082,1.0807650897182957,0.3512988813903858,-0.2572819994486939,0.005199999999999871,0.00039999999999995595,59.93258297357175,51.384219517358325,50.36631349621123,65.99999999999933,65.83202099737515,67.22689075630245,64.56582633053245,49.095295536791276,48.3313228789707
03/06/2024,1.0897,1.0859,1.0916,1.0842,0.39%,1.08414,1.0881216666666667,0.0,1.0842404591919523,1.0831050446717074,1.0808539964693584,0.683729095444872,0.4702194357366663,0.007999999999999785,0.0013999999999998458,68.04330980704871,54.05528355210872,50.64772861577898,84.29752066115692,74.24615518101514,91.40271493212664,75.14544279250157,54.16164053075989,50.74386811419378
03/07/2024,1.0946,1.0897,1.095,1.0867,0.45%,1.08537,1.0880466666666668,0.0,1.0861240120661428,1.0838466546928875,1.0809907759308761,1.1832131632464338,0.8661997788426166,0.012299999999999978,0.010000000000000009,74.68587261983548,56.912408926330514,50.973658430144745,97.41935483870996,82.57229183328873,98.43137254901978,85.68699274581628,60.07237635705679,54.443104141536
03/08/2024,1.0937,1.0948,1.0982,1.0919,-0.08%,1.08656,1.0881183333333333,0.0,1.0875014644177532,1.0844823543901205,1.081117238898996,0.8297225039181245,0.960029539370439,0.0118999999999998,0.008499999999999952,71.64657498899449,56.247795796024,50.911591970992156,75.93582887700464,85.88423479229051,84.3205574912887,91.38488165747837,58.98673100120623,57.740249296340984
03/11/2024,1.0926,1.0944,1.0949,1.0914,-0.10%,1.08735,1.0881250000000002,0.0,1.0884284708872525,1.0850060734617257,1.0812314979361544,0.756178531907044,0.7933579335793303,0.007900000000000018,0.009300000000000086,67.89445478298256,55.42937740168322,50.8355583177015,70.05347593582887,81.13621988384783,80.48780487804872,87.74657830611908,57.659831121833626,58.906312826698894
03/12/2024,1.0924,1.0925,1.0946,1.09,-0.02%,1.08815,1.0880316666666667,1.0,1.0891505670895703,1.085483100980324,1.0813426299174058,0.812107788851988,0.9985207100591849,0.008000000000000007,0.008399999999999963,67.18366722600054,55.27809670280947,50.82168908274709,68.98395721925145,71.65775401069499,79.79094076655055,81.533101045296,57.41857659831135,58.021712907117085
03/13/2024,1.0946,1.0926,1.0965,1.092,0.20%,1.0892499999999998,1.0880450000000002,1.0,1.0901413730732847,1.0860712880138517,1.0814745471119471,1.3237063778580005,0.6806475349521774,0.01100000000000012,0.013000000000000123,70.90633379273085,56.625188116305274,50.969572742568616,80.7486631016042,73.2620320855615,87.45644599303127,82.57839721254352,60.07237635705679,58.3835946924006
03/14/2024,1.0881,1.095,1.0955,1.088,-0.59%,1.09003,1.0878333333333332,1.0,1.0897702143326875,1.0862021726581192,1.0815404735325034,0.4060164252099252,0.899480712166176,0.007800000000000029,0.0009000000000001229,51.66585487289485,51.851520075748084,50.518481429210134,45.10869565217384,64.94710532434316,64.80836236933818,77.35191637630668,52.23160434258158,56.57418576598325
03/15/2024,1.0887,1.0883,1.0901,1.0873,0.06%,1.0905299999999998,1.0876283333333334,1.0,1.0895756299085626,1.0863633228092082,1.0816117142239459,0.3040353786622518,1.3592775346801924,0.004999999999999893,0.010299999999999976,52.97461070789093,52.236026988494125,50.55907477734103,34.02777777777719,53.295045510518406,66.89895470383273,73.05458768873406,52.95536791314844,55.086449537595605
03/18/2024,1.0871,1.0893,1.0907,1.0865,-0.15%,1.0907,1.0874016666666664,1.0,1.089125515379733,1.0864108503699044,1.0816663252637555,0.14739751266697798,1.0879672679933088,0.0017000000000000348,0.0129999999999999,49.04017189372848,51.110074476421794,50.44815657899455,21.830985915492132,33.65581978181439,61.32404181184654,64.34378629500581,51.02533172496987,52.07076799356664
03/19/2024,1.0865,1.0873,1.0878,1.0834,-0.06%,1.0908,1.0871066666666667,1.0,1.0886481489470543,1.086416601958943,1.081714422603254,-0.2936588051757245,0.8727137684523326,0.001000000000000112,0.01110000000000011,47.56813102270276,50.686241688168586,50.40647940707546,20.94594594594643,25.601569879738587,59.23344947735201,62.485481997677084,50.301568154403,51.42742259750711
03/20/2024,1.0918,1.0864,1.0924,1.0836,0.49%,1.0910100000000003,1.0867983333333333,1.0,1.0892212127748626,1.0867639179615918,1.0818147788247274,-0.25580120591996286,1.317743132887919,0.002100000000000213,0.014700000000000157,59.4999266093003,54.15985816544708,50.76756139645682,56.75675675675744,33.177896206065334,77.70034843205602,66.08594657375153,56.69481302774447,52.673904302372456
03/21/2024,1.086,1.0922,1.0944,1.0855,-0.53%,1.09015,1.0864666666666667,1.0,1.0886355377248877,1.0867146329318116,1.0818564237275734,-0.7040321843284099,0.7234279354479716,-0.008599999999999941,0.008400000000000185,46.60421581254546,50.15998225017115,50.3642575478478,17.56756756756846,31.756756756757444,57.491289198606566,64.8083623693382,49.69843184559728,52.23160434258159
03/22/2024,1.0805,1.086,1.0869,1.0802,-0.51%,1.0888300000000002,1.0860816666666666,1.0,1.0871563490476355,1.0863136888716949,1.0818429266817327,-1.107450118982244,0.3156624268870179,-0.013199999999999878,0.0022999999999999687,37.94017692049262,46.7714779089038,49.98581110931378,1.8404907975458118,25.388271707290574,38.32752613240438,57.83972125435565,43.0639324487335,49.819059107358434
03/25/2024,1.0836,1.0808,1.0844,1.0802,0.29%,1.08793,1.0857350000000001,1.0,1.0865097401298835,1.0861386121702952,1.0818604103732437,-0.8055657268399982,1.185918386403953,-0.009000000000000119,0.00649999999999995,44.41208136564598,48.78863305119346,50.19779676087544,20.85889570552056,13.422318023544944,49.128919860626894,48.31591173054594,46.80337756332926,46.521913952553355
03/26/2024,1.083,1.0838,1.0865,1.0824,-0.06%,1.0869900000000001,1.0855400000000002,1.0,1.0858716055608137,1.085936121062534,1.0818717498142474,-1.0597478530970266,0.9790209790209747,-0.009400000000000075,0.0121,43.43790523564957,48.42122935718625,50.156443815403016,17.177914110428937,13.29243353783177,47.03832752613236,44.83159117305454,46.07961399276239,45.31564133494172
03/27/2024,1.0826,1.0831,1.084,1.081,-0.04%,1.08579,1.0853816666666667,1.0,1.0852767681861204,1.0857208874455964,1.081878996237064,-0.5054682474037367,0.5106303964348771,-0.01200000000000001,0.010099999999999998,42.743406090575675,48.1710548673982,50.1287747466349,15.68627450980378,17.90769477525109,39.53488372093011,45.23404370256312,45.59710494571782,46.16003216726983
03/28/2024,1.0787,1.0827,1.0829,1.0774,-0.36%,1.0848499999999999,1.0851216666666665,0.0,1.0840809921522803,1.0852679269652354,1.081847363775447,-0.9185266832001477,0.12066085019492101,-0.009400000000000075,0.0016000000000000458,36.43296812195492,45.78511552652528,49.85925219991861,7.647058823529819,13.503749147920844,22.000000000000124,36.19107041568753,40.89264173703263,44.18978689183762
03/29/2024,1.0793,1.079,1.0806,1.0767,0.06%,1.08391,1.084875,0.0,1.0832117208518657,1.0848828994190913,1.0818220163499843,-0.7175052893018149,0.14846432216756275,-0.009400000000000075,0.0019000000000000128,37.99770835958462,46.20914068371753,49.90090090382422,14.68926553672276,12.674199623352118,14.090909090908536,25.20859760394626,41.6164053075995,42.702050663449995
04/01/2024,1.0743,1.0788,1.08,1.073,-0.46%,1.08263,1.0845316666666667,0.0,1.0815914079697084,1.0842001317146337,1.08174716888944,-1.1228716060745503,-0.5554012774229385,-0.012799999999999923,-0.0034000000000000696,30.94472063462129,43.29032957736866,49.556151180364665,6.074766355140531,9.470363571797703,5.1587301587304495,13.749879749879703,35.58504221954173,39.364696421391294
04/02/2024,1.0768,1.0744,1.078,1.0724,0.23%,1.08166,1.08426,0.0,1.0807202428843068,1.0837227038620767,1.0816979423342354,-1.3738779996336439,-0.45299066284553263,-0.009700000000000042,-0.0035000000000000586,37.4000338071783,45.08451043397846,49.73067131895166,19.999999999999797,13.58801063062103,17.054263565891286,12.101300938510091,38.60072376357061,38.60072376357062
04/03/2024,1.0835,1.0772,1.0838,1.0764,0.62%,1.08083,1.0840333333333334,0.0,1.0812256532689783,1.083708335870975,1.0817158736147965,-0.23020257826889212,0.11087498845050983,-0.008300000000000196,0.0017999999999998018,51.03117945606899,49.51291642994393,50.19478446593501,50.4545454545449,25.509770603228407,43.02325581395298,21.745416512858238,46.68275030156811,40.289505428226825
04/04/2024,1.0835,1.0833,1.0878,1.0831,0.00%,1.08058,1.0838083333333335,0.0,1.0816391708564368,1.083694894847041,1.0817336264675563,0.2776492364645897,0.15714549824365065,-0.0025000000000001688,0.0011999999999998678,51.03117945606899,49.51291642994393,50.19478446593501,72.07792207792097,47.51082251082189,43.02325581395298,34.36692506459908,46.68275030156811,43.98874145556896
04/05/2024,1.0835,1.0836,1.0848,1.0791,0.00%,1.08088,1.0836183333333334,0.0,1.0819775034279937,1.0836823209859416,1.0817512026680565,-0.009228497600589608,-0.11062966718909283,0.0029999999999998916,0.0016999999999998128,51.03117945606899,49.512916429943935,50.19478446593502,72.07792207792097,64.87012987012895,43.02325581395298,43.02325581395298,46.68275030156811,46.68275030156811
04/08/2024,1.0858,1.0843,1.0863,1.082,0.21%,1.0811,1.0834683333333333,0.0,1.0826725028047222,1.0838189454384615,1.081791489990362,0.2585410895660329,0.129103651789014,0.002200000000000202,0.001100000000000101,55.58535683569158,51.01414247101215,50.354513676722085,87.01298701298707,77.05627705627633,51.937984496124244,45.99483204134341,49.45717732207498,47.607559308403744
04/09/2024,1.0855,1.0859,1.0886,1.0847,-0.03%,1.08135,1.0834366666666666,0.0,1.0831865932038636,1.0839274005714639,1.0818283912963391,0.2678736375392483,0.17534145441122306,0.0024999999999999467,0.0010999999999998789,54.84611409228066,50.81028150311453,50.33335269950527,80.86419753086356,79.98503554059054,50.775193798449095,48.57881136950878,49.095295536791276,48.41174105347813
04/10/2024,1.0742,1.0857,1.0867,1.0728,-1.04%,1.0805099999999999,1.083205,0.0,1.0815526671667974,1.083299826341047,1.0817524854617044,-0.41716881431352076,-0.5646579653799865,-0.008399999999999963,-0.009399999999999853,35.23461239896531,43.96445851712438,49.545159555195504,11.111111111111263,59.66276521832063,6.976744186046592,36.56330749353998,35.46441495778058,44.67229593888229
04/11/2024,1.0724,1.0744,1.0758,1.0699,-0.17%,1.07988,1.082955,0.0,1.0798885458637433,1.0825966117383987,1.0816594241525823,-0.639303252107839,-1.0427240011073255,-0.006299999999999972,-0.007900000000000018,33.13743382226107,43.00956179948895,49.42126232194426,13.36898395721901,35.114764199731276,8.833922261483913,22.195286748659868,33.29312424607971,39.284278246883865
04/12/2024,1.0642,1.0726,1.073,1.0622,-0.76%,1.07837,1.0825299999999998,0.0,1.0770360829794263,1.0814097335617279,1.0814856953004617,-0.9401470725123333,-1.9531969780725897,-0.015099999999999891,-0.019500000000000073,25.46533557542996,39.01598657688345,48.86182895935361,7.575757575757589,10.685284214695955,5.555555555555555,7.122074001028689,23.401688781664763,30.719742661841696
04/15/2024,1.0622,1.0637,1.0666,1.062,-0.19%,1.07716,1.0820983333333334,0.0,1.0743386133468034,1.0801703959125841,1.0812937942929535,-1.3558692421991034,-2.146476278212794,-0.0121,-0.023199999999999887,23.961882589598204,38.12284249213961,48.726623598972886,0.7518796992480388,7.232207077408212,0.5524861878452428,4.980654668294906,20.989143546441603,25.894652191395366
04/16/2024,1.0617,1.0624,1.0655,1.0601,-0.05%,1.07565,1.0817083333333335,0.0,1.0720406836473846,1.0789787574666108,1.0810988276030515,-2.0119981541301173,-2.5695145452876758,-0.015099999999999891,-0.02379999999999982,23.575253682113754,37.89847294584083,48.69276994121253,5.614035087719465,4.647224120908365,4.199475065616916,3.43583893633924,20.386007237635877,21.592279855247426
04/17/2024,1.0671,1.062,1.068,1.0606,0.51%,1.07401,1.0813549999999998,0.0,1.0711423775296782,1.078212386017152,1.0809595332661193,-1.513613290263034,-2.512333272428292,-0.01639999999999997,-0.022599999999999953,35.97240307421602,41.72998980923243,49.076791595091635,24.561403508771587,10.309106098579697,18.372703412073204,7.708221555178457,26.899879372738233,22.758343385605247
04/18/2024,1.0643,1.0672,1.069,1.0641,-0.26%,1.07209,1.0810166666666667,0.0,1.0698983088879186,1.0773148127257228,1.0807937637968488,-1.7720350715274467,-2.688122885617617,-0.019199999999999884,-0.030299999999999994,32.897881642345766,40.39319665117332,48.886112169272714,14.73684210526311,14.970760233918055,11.02362204724404,11.198600174978054,23.52231604342591,23.602734217933346
04/19/2024,1.0654,1.0644,1.0679,1.061,0.10%,1.07028,1.0806866666666666,0.0,1.0690804345446607,1.0765461151305147,1.0806405893015538,-1.8787990421808984,-2.489474647629518,-0.018100000000000005,-0.028299999999999992,35.31127873047825,41.15923786431586,48.96440327787043,18.596491228069706,19.2982456140348,14.560439560439182,14.652255006585477,24.8492159227985,25.090470446320893
04/22/2024,1.0654,1.0656,1.0671,1.0623,0.00%,1.0682399999999999,1.0803883333333333,0.0,1.0684112646274497,1.0758270109285462,1.0804889389843764,-1.8516812528788582,-2.4716221164408765,-0.020400000000000196,-0.027200000000000113,35.31127873047825,41.15923786431586,48.964403277870424,18.596491228069706,17.309941520467508,14.560439560439182,13.381500389374134,24.8492159227985,24.406915963007645
04/23/2024,1.0699,1.0655,1.0713,1.0638,0.42%,1.06668,1.0801533333333333,0.0,1.0686819437860953,1.0754446231267045,1.0803835745760026,-0.4002978961087293,-2.2565320665083086,-0.015599999999999836,-0.022499999999999964,45.25544337416227,44.29345355817801,49.28538501787577,36.84210526315807,24.67836257309916,26.923076923077016,18.681318681318462,31.651954602774367,27.116795482790465
04/24/2024,1.0697,1.0703,1.0715,1.0678,-0.02%,1.06623,1.0799549999999998,0.0,1.0688670449158961,1.0750740022798204,1.0802772685219693,-0.2517717269675424,-1.691021045859753,-0.0044999999999999485,-0.024899999999999922,44.914485175162454,44.18524326325773,49.27154305454049,61.146496815286774,38.861697768838184,27.118644067796854,22.867386850437683,31.882202304737678,29.461124276770192
04/25/2024,1.0729,1.0699,1.074,1.0678,0.30%,1.0662800000000001,1.0797166666666667,0.0,1.0696003094766422,1.074933744068219,1.0802038616143612,0.817515504604391,-1.4512721594562354,0.0004999999999999449,-0.015200000000000102,51.42110483201363,46.354474168403996,49.49961461563202,92.08633093525108,63.35831100456531,37.31778425655954,30.453168415811138,39.97155049786629,34.501902468459456
04/26/2024,1.0692,1.0732,1.0754,1.0673,-0.34%,1.06678,1.0795633333333332,0.0,1.0695275259354344,1.0745638250960758,1.08009436860709,0.6590096027113439,-1.6465826510900585,0.004999999999999893,-0.019500000000000073,44.6460842489434,44.295316694103285,49.242345956490446,59.4771241830063,70.9033173111814,26.53061224489763,30.322346856418008,34.708392603129404,35.520715135244465
04/29/2024,1.0719,1.0695,1.0735,1.069,0.25%,1.06775,1.0795266666666665,0.0,1.0699588848562647,1.074391965412458,1.0800128312393615,0.9607233681831013,-1.343764381040032,0.009700000000000042,-0.01519999999999988,49.98873278321669,46.10269976511853,49.43508659460761,77.12418300653681,76.22921270826474,34.40233236151614,32.75024295432444,38.549075391180814,37.74300616405885
04/30/2024,1.0665,1.0724,1.0736,1.0664,-0.50%,1.06823,1.0793783333333333,0.0,1.06932999670058,1.0738828063535897,1.0798783729839965,-0.056227157717171204,-2.3172742260487356,0.0047999999999999154,-0.020000000000000018,41.16045633914957,43.2025455636563,49.06062118335568,39.86486486486518,58.82205735146943,18.65889212827977,26.53061224489785,30.8677098150783,34.70839260312952
05/01/2024,1.0709,1.0665,1.0734,1.0649,0.41%,1.06861,1.079275,0.0,1.069615451845929,1.073690367234003,1.0797890344769545,0.6201259043502714,-1.390423572744025,0.0038000000000000256,-0.02090000000000014,49.271427305401566,46.06255380740995,49.37465774797637,68.75000000000028,61.91301595713409,31.486880466472073,28.18270165208933,37.12660028449502,35.51446183025139
05/02/2024,1.0725,1.0711,1.0731,1.0674,0.15%,1.06943,1.07919,0.0,1.0701399151466693,1.0736135693479385,1.0797165055952695,0.6664163694387185,-0.7403979639055999,0.008199999999999985,-0.013500000000000068,51.94777100748045,47.06525107992634,49.488462758787584,79.86111111111174,62.825325325325736,43.50877192982449,31.218181508192114,39.971139971139976,35.988483356904446
05/03/2024,1.0758,1.0727,1.0813,1.0724,0.31%,1.07047,1.0791499999999998,0.0,1.0711690214836385,1.073754629390007,1.0796775347650411,0.9761591890369992,-0.719822812846051,0.010400000000000187,-0.0046999999999999265,57.130825885993566,49.084754128759606,49.72274310831758,71.05263157894808,73.22124756335337,55.087719298245844,43.3611238981808,44.73304473304484,40.61026166289329
05/06/2024,1.0768,1.0762,1.0791,1.0755,0.09%,1.0716100000000002,1.079145,0.0,1.0721928357593404,1.0739511049132324,1.0796489021234752,0.644920085989336,-0.5724838411819007,0.011400000000000077,-0.006799999999999917,58.63316546557247,49.686478617728724,49.793662792923065,74.28571428571435,75.06648565859139,58.596491228070015,52.397660818713454,46.17604617604613,43.62674362674366
05/07/2024,1.0752,1.077,1.0788,1.0747,-0.15%,1.0721399999999999,1.0792166666666667,0.0,1.0727395928940058,1.074031678789798,1.0796046337444183,0.5141628493970121,-0.6835396268243186,0.00529999999999986,-0.007800000000000029,55.19445273085874,48.73320396392947,49.68097361233029,62.80487804878045,69.3810746378143,52.98245614035055,55.555555555555465,43.86724386724376,44.92544492544493
05/08/2024,1.0745,1.0755,1.0758,1.0734,-0.07%,1.0726200000000001,1.0792499999999998,0.0,1.0730596669132773,1.074061893061424,1.0795538405779452,0.14912853015192898,-0.38935756002595545,0.0047999999999999154,-0.008099999999999996,53.66450966676272,48.31368528005255,49.63158563115265,58.53658536585409,65.20905923344962,50.52631578947363,54.03508771929807,42.857142857142854,44.30014430014426
05/09/2024,1.0781,1.0751,1.0785,1.0724,0.34%,1.07314,1.0792666666666666,0.0,1.0739760911108633,1.0743224160897193,1.0795393742795276,0.832398054620289,-0.11118317427961345,0.0052000000000000934,-0.0005999999999999339,60.00027136201168,50.577190447655,49.88906654890745,80.48780487804954,67.27642276422803,63.15789473684222,55.555555555555465,48.05194805194811,44.925444925444914
05/10/2024,1.0769,1.0782,1.0791,1.076,-0.11%,1.07391,1.0792583333333332,0.0,1.0745077109088883,1.0744887118258664,1.0795131114480412,0.46646142364025495,0.24201805827049572,0.00770000000000004,-0.0023999999999999577,57.10813171473638,49.82478256493037,49.80377525587606,73.17073170731727,70.73170731707364,58.94736842105244,57.543859649122766,46.32034632034625,45.74314574314575
05/13/2024,1.0788,1.0774,1.0808,1.0766,0.18%,1.0746,1.0792766666666664,0.0,1.0752881271072723,1.074766859450004,1.079506015704519,1.1533052039381133,0.18573551263001503,0.006899999999999906,0.0044999999999999485,60.46103614125406,51.018298214031695,49.93996354248229,84.7560975609759,79.47154471544758,65.61403508771916,62.5730994152046,49.062049062049006,47.8114478114478
05/14/2024,1.0818,1.0788,1.0827,1.0766,0.28%,1.07613,1.0793016666666666,0.0,1.0764721039968592,1.0752206104532296,1.0795288417603928,1.017835465496324,-0.1568989386248097,0.015300000000000091,0.0050000000000001155,65.22953664664993,52.850230184822856,50.15456795072074,94.94382022471967,84.29021649767095,76.14035087719326,66.90058479532162,53.39105339105349,49.591149591149595
05/15/2024,1.0882,1.0819,1.0886,1.0812,0.59%,1.07786,1.07941,0.0,1.078604448724703,1.076057990423989,1.0796151232198572,1.4638694638694683,0.4337794185510059,0.017300000000000093,0.0047000000000001485,72.95963899385771,56.445186418408326,50.608546075073555,98.11320754717003,92.60437511095522,98.59649122807032,80.11695906432759,62.62626262626265,55.02645502645506
05/16/2024,1.0865,1.0885,1.0896,1.0854,-0.16%,1.07926,1.07948,0.0,1.0800400035020297,1.076731668461151,1.0796836304610882,0.9946086633203134,0.2768804799261757,0.014000000000000012,0.0030000000000001137,68.46718463162591,55.28686731923839,50.485795190834374,81.97674418604709,91.67792398597892,89.49152542372917,88.07612250966424,60.173160173160156,58.73015873015877
05/17/2024,1.087,1.0866,1.088,1.0835,0.05%,1.08038,1.0795666666666668,1.0,1.0813054574107515,1.0773941414636574,1.0797564312149444,0.9472511144130745,0.11051759071651021,0.011199999999999877,0.0035000000000000586,69.08918413657199,55.56431273097391,50.521269775260876,84.88372093023283,88.32455755448332,91.18644067796627,93.09148577658858,60.89466089466079,61.23136123136121
05/20/2024,1.0855,1.0866,1.0886,1.0854,-0.14%,1.08125,1.07958,1.0,1.0820681015178875,1.0779171000789054,1.0798135819745862,0.9579613095238073,0.0,0.00869999999999993,-0.000300000000000189,64.82672601502742,54.51453045520068,50.41237104753373,76.1627906976743,81.00775193798474,86.1016949152542,88.92655367231656,58.73015873015856,59.932659932659845
05/21/2024,1.0854,1.0859,1.0875,1.0843,-0.01%,1.08227,1.0795966666666668,1.0,1.082673901241908,1.07839986781575,1.0798691690146505,1.0144253140995727,1.0426363805622674,0.010199999999999987,-9.999999999998899e-05,64.53181555523929,54.44359194604853,50.40509142910818,75.58139534883715,78.8759689922481,85.76271186440677,87.68361581920908,58.58585858585842,59.403559403559264
05/22/2024,1.0821,1.0855,1.0865,1.0817,-0.30%,1.08303,1.0795716666666666,1.0,1.082569555561561,1.0786385860211856,1.0798913666506376,0.371023096187738,0.9045132413278666,0.007600000000000051,0.007900000000000018,55.30645515533934,52.12791826501816,50.16484231108358,56.39534883720994,69.37984496124047,74.5762711864411,82.14689265536735,53.82395382395387,57.04665704665697
05/23/2024,1.0813,1.0824,1.0862,1.0805,-0.07%,1.08335,1.0795883333333334,1.0,1.0823387272776408,1.078810290148851,1.0799053830983874,0.408580183861079,1.6068408193948405,0.0031999999999998696,0.008899999999999908,53.25572145811099,51.57775407311877,50.106653998373865,38.97058823529356,56.98244414044689,71.86440677966097,77.40112994350295,52.66955266955253,55.026455026454954
05/24/2024,1.0845,1.0814,1.0859,1.0805,0.30%,1.0841100000000001,1.0796016666666666,1.0,1.0827316859544336,1.0791773682037638,1.0799511013108818,0.5283648498331515,2.099416305780454,0.007600000000000051,0.020299999999999985,59.86918424368908,53.603971263705866,50.33823099055882,60.76923076923138,52.04505594724497,82.71186440677998,76.38418079096068,57.28715728715728,54.593554593554565
05/27/2024,1.0858,1.0854,1.0868,1.0841,0.12%,1.0848099999999998,1.0796083333333333,1.0,1.0832895612354456,1.079604634771263,1.080009300103536,0.36975411351451315,2.269944428746351,0.007000000000000117,0.023600000000000065,62.27822129928301,54.40577401982588,50.43216503507455,70.76923076923207,56.83634992458567,87.11864406779722,80.56497175141273,59.16305916305926,56.37325637325637
05/28/2024,1.0855,1.086,1.089,1.0853,-0.03%,1.08518,1.0796083333333333,1.0,1.0836914591926372,1.0799849809150524,1.0800639346729328,-0.24811615511855784,1.724299503326771,0.0036999999999998145,0.02379999999999982,61.33415333646692,54.18223937321892,50.41005075564244,54.94505494505446,62.16117216117263,85.86206896551722,85.23085914669814,58.73015873015856,58.39345839345838
05/29/2024,1.08,1.0857,1.0861,1.08,-0.51%,1.0843599999999998,1.0794466666666667,1.0,1.0830202847939758,1.0799859498882747,1.0800632984985068,-0.5982512655315186,1.4751479845908153,-0.008199999999999985,0.012900000000000134,46.863180079896246,50.26541735889664,50.006027937601694,0.0,41.904761904762175,66.43356643356698,79.8047598222938,50.79365079365087,56.22895622895624
05/30/2024,1.0832,1.0802,1.0846,1.0787,0.30%,1.08403,1.0792566666666665,1.0,1.0830529602859802,1.080193307959999,1.080094509872859,-0.34958601655934,1.6707339966209913,-0.0033000000000000806,0.018899999999999917,53.895287045340034,52.33913376442953,50.23923410041616,43.68932038834912,32.87812511113453,77.62237762237773,76.63933767382065,55.41125541125529,54.97835497835492
05/31/2024,1.0841,1.0832,1.0883,1.081,0.08%,1.0837400000000001,1.0790966666666668,1.0,1.0832433311430747,1.0804453526077409,1.0801343660195966,-0.12897282358358783,1.7552093110568954,-0.0028999999999999027,0.01870000000000016,55.7262770491691,52.910391057256,50.304759040278185,52.427184466020236,32.03883495145646,79.85347985348035,74.63647463647503,56.70995670995676,54.30495430495432
06/03/2024,1.0902,1.0851,1.0905,1.0827,0.56%,1.08421,1.0790566666666668,1.0,1.084508180026152,1.081074684697564,1.0802345228842385,0.44223327805418633,1.8973735863164767,0.0047000000000001485,0.024800000000000155,65.91913688041262,56.56096056249745,50.746553681318865,97.45762711864435,64.52471065767124,98.87640449438214,85.45075399008006,65.51226551226553,59.211159211159206
06/04/2024,1.0878,1.0904,1.0917,1.0859,-0.22%,1.08445,1.07898,1.0,1.0851066927486699,1.0815085760073988,1.0803098022328468,0.5267535347934607,1.6920631952883989,0.0024000000000001798,0.017900000000000027,59.89141154062311,54.83088351213489,50.56878857430893,70.00000000000136,73.29493719488865,85.44776119403059,88.05921518063103,62.049062049062144,61.42376142376148
06/05/2024,1.0868,1.088,1.0892,1.0854,-0.09%,1.0849199999999999,1.0788499999999999,1.0,1.0854145667943662,1.08184995820047,1.0803743821384064,0.5086469989827116,1.295554105694848,0.0046999999999999265,0.017099999999999893,57.4589505662105,54.11737784088122,50.49471699832088,62.307692307692754,76.5884398087795,81.71641791044807,88.68019453295359,60.60606060606054,62.72246272246275
06/06/2024,1.0888,1.0869,1.0903,1.0862,0.18%,1.08567,1.0788616666666668,1.0,1.0860301001044814,1.082298347993988,1.0804582201902317,0.39649608114338136,1.833146277590728,0.007500000000000062,0.015900000000000025,60.98062442694832,55.32029504059077,50.6400454682382,77.69230769230828,70.00000000000081,89.17910447761228,85.44776119403032,63.49206349206342,62.04906204906204
06/07/2024,1.08,1.089,1.0903,1.0799,-0.81%,1.08522,1.0787166666666665,1.0,1.084933718267303,1.0821500674782467,1.0804536607283783,-0.5341683551298606,0.7556675062972288,-0.0044999999999999485,0.010800000000000143,43.41133367274034,49.42251853200085,49.991080471722086,10.000000000000684,50.00000000000057,56.34328358209011,75.74626865671682,50.79365079365087,58.29725829725828
06/10/2024,1.0763,1.0797,1.0798,1.0732,-0.34%,1.08427,1.0785366666666667,1.0,1.0833639513096114,1.0817726437699728,1.0804123302595514,-0.8475356978350876,0.918893577121428,-0.009500000000000064,0.0043999999999999595,38.26141957871482,47.23231071258702,49.72182149744786,16.756756756757348,34.816354816355435,42.53731343283621,62.686567164179536,45.45454545454549,53.246753246753265
06/11/2024,1.0739,1.0765,1.0774,1.0719,-0.22%,1.08311,1.0783266666666667,1.0,1.0816432328896821,1.081264731268684,1.080347530159772,-0.5648148148148142,0.2801382015127569,-0.011599999999999833,0.007400000000000073,35.24775236638868,45.86833632613474,49.54784568356143,10.101010101010203,12.285922285922744,33.58208955223933,44.154228855721875,41.99134199134209,46.07984607984616
06/12/2024,1.0807,1.0742,1.0853,1.0734,0.63%,1.08318,1.0781416666666668,1.0,1.0814717360006492,1.0812282969932852,1.0803510373648924,-0.230797636632196,0.7645687645687632,0.0006999999999999229,0.009800000000000031,48.1137070842437,50.092616829473634,50.04557179977644,44.44444444444444,23.767403767403994,54.73251028806624,43.61730442438059,51.803751803751766,46.41654641654645
06/13/2024,1.0735,1.0809,1.0817,1.0732,-0.67%,1.08221,1.0779333333333334,1.0,1.0800223294550766,1.0807296971872666,1.0802828670204125,-0.9777695784521874,-0.2137943855735444,-0.009700000000000042,0.0009999999999998899,38.997656021529366,46.148031167684245,49.52564600317834,8.080808080807266,20.875420875420637,8.080808080807266,32.13180264037094,41.414141414141255,45.069745069745046
06/14/2024,1.07,1.0737,1.0745,1.0667,-0.33%,1.0808,1.0777583333333332,1.0,1.0782000877359719,1.0800374586590558,1.0801805487194103,-1.852871032838011,-0.6315007429420428,-0.014100000000000001,-0.005800000000000027,35.37726694089329,44.39021394633071,49.27554260494996,13.20000000000037,21.908417508417358,13.20000000000037,25.337772789624623,36.36363636363645,43.19384319384317
06/17/2024,1.0734,1.0702,1.0739,1.0686,0.32%,1.07912,1.0775883333333334,1.0,1.07732734451125,1.079609235519762,1.0801130797789487,-1.3237727523441984,-0.16741071428571652,-0.016800000000000148,-0.0034000000000000696,41.262954487134,46.44039416738122,49.524404661349394,26.79999999999981,16.026936026935815,26.79999999999981,16.026936026935815,41.26984126984113,39.68253968253962
06/18/2024,1.0738,1.0735,1.0763,1.0709,0.04%,1.0777199999999998,1.0774350000000001,1.0,1.0766860091455681,1.07923444613139,1.0800502623328267,-1.1961722488038184,-0.06514657980455309,-0.014000000000000012,-0.0013999999999998458,41.954025305428885,46.679636620419416,49.55366833600738,30.084745762712235,23.36158192090414,28.400000000000524,22.800000000000235,41.84704184704196,39.82683982683986
06/19/2024,1.0742,1.074,1.0754,1.0724,0.04%,1.0764600000000002,1.0772950000000001,0.0,1.0762340074827377,1.0789096431551715,1.0799920500958278,-1.3409257898603917,-0.36174751878304556,-0.012599999999999945,-0.00029999999999996696,42.703055644810824,46.924890018909046,49.58304489626968,31.77966101694933,29.554802259887122,30.000000000000355,28.40000000000023,42.42424242424248,41.84704184704186
06/20/2024,1.07,1.0745,1.0749,1.0702,-0.39%,1.07458,1.07715,0.0,1.0751005515767855,1.0783348274677411,1.0798926255763053,-0.9259259259259267,-0.6407280156003256,-0.018799999999999928,-0.008099999999999996,37.115415629544394,44.69201494863175,49.28020708828822,13.983050847457932,25.2824858757065,13.20000000000037,23.866666666667083,36.36363636363645,40.21164021164031
06/21/2024,1.0691,1.0702,1.0722,1.067,-0.08%,1.07349,1.07698,0.0,1.0740095421991882,1.0777390321472418,1.0797852350528314,-0.6689584688284024,-0.8991472005932557,-0.010900000000000132,-0.007800000000000029,35.994040857546096,44.2255161309626,49.21547066783238,12.90322580645142,19.555312556952895,9.599999999999866,17.600000000000197,35.06493506493498,37.95093795093798
06/24/2024,1.0732,1.0688,1.0747,1.0683,0.38%,1.07318,1.0769616666666666,0.0,1.0738623527084266,1.0774461913635487,1.0797197095924178,-0.06518297793091954,-0.7949713440562176,-0.0031000000000001027,-0.005600000000000049,44.484133236614085,46.84048329629423,49.51908456475771,34.94623655913961,20.610837737682985,25.999999999999897,16.266666666666712,40.981240981240866,37.46993746993744
06/25/2024,1.0713,1.0735,1.0745,1.069,-0.18%,1.07292,1.07687,0.0,1.0733964703978036,1.0770496628884811,1.079635930458991,-0.8698066068289141,-1.553023341297568,-0.0026000000000001577,-0.010500000000000176,41.640122454222464,45.81082808178951,49.381584816978446,24.731182795698654,24.19354838709656,18.399999999999817,17.999999999999858,38.23953823953812,38.095238095237995
06/26/2024,1.0679,1.0713,1.0719,1.0665,-0.32%,1.07164,1.0766099999999998,0.0,1.0723971121436575,1.0764593620569662,1.079519153750176,-0.5216581276199187,-1.7119190059825082,-0.012799999999999923,-0.020299999999999985,36.94387129799255,44.01954359766677,49.13620820329116,9.210526315789858,22.962648556876037,5.555555555555849,16.651851851851855,33.33333333333344,37.51803751803748
06/27/2024,1.0702,1.068,1.0728,1.0677,0.22%,1.07131,1.0763883333333335,0.0,1.071997637208447,1.0760555322468395,1.0794264248447971,0.018691588785044667,-1.5455381784728544,-0.0032999999999998586,-0.01629999999999998,41.87146722500421,45.510555058357625,49.307461139316665,37.75510204081658,23.898937050768364,14.682539682539892,12.879365079365186,36.65223665223671,36.0750360750361
06/28/2024,1.0713,1.0703,1.0726,1.0684,0.10%,1.0714400000000002,1.076185,0.0,1.0718707940796384,1.0757487237147854,1.0793455640263958,-0.19564002235885886,-1.3081529249193913,0.0012999999999998568,-0.015700000000000047,44.189123187414154,46.2192502805088,49.38936659561285,48.979591836733675,31.9817400644467,19.047619047618795,13.095238095238178,38.23953823953812,36.0750360750361
07/01/2024,1.0738,1.0728,1.0777,1.072,0.23%,1.07148,1.075985,0.0,1.0722215587924315,1.0756229996041542,1.0792903836972543,0.0,-1.0687304219642375,0.000400000000000178,-0.011699999999999822,49.29441124696589,47.81499505229824,49.5754617069343,65.1785714285716,50.63775510204062,28.96825396825443,20.89947089947104,41.84704184704196,38.912938912938934
07/02/2024,1.0744,1.0741,1.0748,1.0709,0.06%,1.0715400000000002,1.0758,0.0,1.0726176390119895,1.0755440964038863,1.079241722649944,0.01861850679575293,-0.7115793364753756,0.0005999999999999339,-0.010999999999999899,50.501833703170135,48.19661338435759,49.62014429007275,70.53571428571382,61.5646258503397,31.34920634920656,26.455026455026594,42.71284271284273,40.93314093314095
07/03/2024,1.0786,1.0743,1.0818,1.0736,0.39%,1.07198,1.0758733333333335,0.0,1.0737053410098096,1.0757412514746034,1.0792353372832966,0.8037383177570037,-0.24969943586423052,0.0043999999999999595,-0.0035000000000000586,58.23671422339006,50.801886437586425,49.932269756751154,79.08496732026097,71.59975101151547,48.015873015873225,36.111111111111406,48.77344877344875,44.444444444444485
07/04/2024,1.081,1.0786,1.0814,1.0783,0.22%,1.0730799999999998,1.0760166666666666,0.0,1.0750316426443896,1.0760805255730161,1.079252896297749,1.113085773080163,-0.3227293683725273,0.010999999999999899,-0.00029999999999996696,62.00631500431095,52.22227056330678,50.10978128533382,94.77124183006451,81.46397447867976,57.53968253968262,45.6349206349208,52.23665223665215,47.907647907647885
07/05/2024,1.0836,1.0812,1.0844,1.0808,0.24%,1.07453,1.0763399999999999,0.0,1.076589525799955,1.0765656529554022,1.0792961515034962,0.9690644800596315,-0.2026155829803096,0.014499999999999957,-0.0009000000000001229,65.72970199127369,53.71967502313094,50.30162601178759,95.5307262569825,89.79564513576933,67.85714285714273,57.80423280423286,55.9884559884558,52.33285233285224
07/08/2024,1.0822,1.0808,1.0846,1.0802,-0.13%,1.07543,1.0766733333333334,0.0,1.077609612018145,1.076929159216344,1.0793250458110608,1.017455427984704,-0.3040073698756203,0.009000000000000119,-0.0036000000000000476,62.08924966033958,52.797934892415356,50.19716715384581,86.74033149171294,92.34743319292,62.301587301587766,62.566137566137705,53.968253968254,54.06445406445399
07/09/2024,1.0812,1.0829,1.0834,1.0805,-0.09%,1.07642,1.0769983333333333,0.0,1.0782624098330278,1.0772046973314184,1.0793437022587402,1.245434965820757,0.11111111111109886,0.00990000000000002,-0.0042999999999999705,59.47493927830619,52.136913284507386,50.122445859138956,81.21546961325929,87.8288424539849,58.333333333333336,62.83068783068794,52.31884057971005,54.091850178806624
07/10/2024,1.083,1.0814,1.0831,1.081,0.17%,1.0779299999999998,1.0772633333333335,1.0,1.0791237898633863,1.0775785878261657,1.0793800836920076,1.1960381237151863,-0.01846381093057404,0.015099999999999891,0.0029999999999998916,62.62254588883371,53.227315631444434,50.256398669026254,90.5325443786979,86.16278182789004,65.4761904761906,62.03703703703723,52.807283763277546,53.031459437080535
07/11/2024,1.0865,1.0831,1.0901,1.0827,0.32%,1.07956,1.0776333333333334,1.0,1.0804649189791342,1.0781541628051226,1.079450929326791,1.418836927097928,0.22138179134765773,0.01629999999999998,0.0033000000000000806,67.993463442241,55.276769003192726,50.51610528425825,83.41013824884774,85.05271741360166,79.36507936507978,67.7248677248679,58.118361153262455,54.41482849875003
07/12/2024,1.0906,1.0866,1.0912,1.0861,0.38%,1.08149,1.0780533333333333,1.0,1.082307660982928,1.0789571200435017,1.0795618664330247,1.5645371577574896,0.036690515501738755,0.019300000000000095,0.00649999999999995,73.03646302702693,57.53178103490541,50.81840734527945,97.04433497536978,90.32900586763849,95.63492063492109,80.15873015873048,63.62229102167171,58.18264531273724
07/15/2024,1.0894,1.0887,1.0923,1.0883,-0.11%,1.08305,1.0784533333333333,1.0,1.08359717716785,1.0796308542342437,1.0796597592525217,1.3961280714817481,0.14708586137155943,0.015599999999999836,-0.0008000000000001339,69.47651890685361,56.66668534538102,50.727249750106424,86.4485981308406,88.96769045168605,88.75968992248016,87.919896640827,61.76470588235268,61.16845268576228
07/16/2024,1.0897,1.0895,1.0907,1.0871,0.03%,1.08458,1.0787833333333334,1.0,1.08470678131915,1.0802804765417118,1.0797596630985384,1.0291118116076292,0.2668384247331526,0.01529999999999987,0.0018999999999997907,69.88426926616143,56.83454869333099,50.74944703460375,86.0962566844911,89.86306326356714,89.92248062015445,91.43903039251855,62.22910216718235,62.53869969040225
07/17/2024,1.0937,1.0899,1.0949,1.0894,0.37%,1.08609,1.0791833333333334,1.0,1.0863419119883955,1.081146252248698,1.0798983742284867,1.1748381128584582,0.4500367376928641,0.015099999999999891,0.006899999999999906,74.85966450994798,59.02395326286625,51.04498000072099,92.77108433734882,88.43864638422684,95.77464788732362,91.4856061433194,68.42105263157863,64.13828689370456
07/18/2024,1.0896,1.0938,1.0942,1.0893,-0.37%,1.08695,1.0794616666666668,1.0,1.086934291626869,1.0816916553294273,1.0799949087208844,0.553709856035438,0.8888888888888731,0.008599999999999941,0.0007999999999999119,63.00497047321606,56.011541192082404,50.73138270734062,63.9455782312918,80.9376397510439,81.33802816901378,89.01171889216396,62.074303405572465,64.24148606811116
07/19/2024,1.0877,1.0901,1.0903,1.0875,-0.17%,1.0873599999999999,1.07977,1.0,1.0870735113310745,1.0820792904694643,1.0800715770055433,0.5082239881722268,1.0591842423116096,0.0040999999999999925,0.007699999999999818,58.25487860110551,54.67384135408753,50.58663831381598,51.02040816326444,69.24569024396835,74.64788732394331,83.9201877934269,58.35962145110386,62.95165916275166
07/22/2024,1.0889,1.0881,1.0904,1.0872,0.11%,1.0880299999999998,1.0800533333333333,1.0,1.0874056001799701,1.0825193362456278,1.0801594228155877,0.7121716611172809,1.396778098519406,0.006699999999999928,0.012599999999999945,60.35250475097624,55.370237927046546,50.675966435172164,58.3333333333332,57.76643990929648,78.87323943661968,78.2863849765256,59.61538461538445,60.016436490686935
07/23/2024,1.0851,1.0892,1.0898,1.0844,-0.35%,1.08842,1.0803633333333333,1.0,1.0869864001472482,1.0826858306813936,1.0802085832336539,0.19390581717451438,0.40714351809012306,0.0039000000000000146,0.011199999999999877,51.28527021744433,52.7169545782617,50.386076185332705,29.496402877697736,46.28338145809846,65.49295774647874,73.00469483568058,53.525641025640816,57.166882364043055
07/24/2024,1.0839,1.0854,1.0867,1.0825,-0.11%,1.0885099999999999,1.08058,1.0,1.0864252364841123,1.0827641641858197,1.0802453140787214,-0.23930050621260335,0.9687936655798963,0.0009000000000001229,0.0032000000000000917,48.71714317880971,51.90443724434908,50.29476396319389,11.290322580645737,33.04001959722556,61.26760563380314,68.54460093896718,51.60256410256411,54.9145299145298
07/25/2024,1.0844,1.084,1.0871,1.0827,0.05%,1.0882999999999998,1.0807783333333334,1.0,1.0860570116688193,1.0828697019802829,1.0802866546048382,-0.5684944067485772,1.3457943925233613,-0.0020999999999999908,0.010900000000000132,49.87909732011505,52.22184948495462,50.332456618249594,15.322580645161436,18.703102034501637,63.02816901408465,63.26291079812217,52.40384615384607,52.51068376068368
07/26/2024,1.0857,1.0847,1.0869,1.0842,0.12%,1.08781,1.0809433333333334,1.0,1.0859921004563067,1.0830523018525229,1.0803405192124458,-0.33963649715437993,1.1458915595304826,-0.004899999999999904,0.015700000000000047,52.95824908039379,53.05515296053727,50.43068066261937,25.806451612904034,17.473118279570404,67.60563380281732,63.967136150235035,54.487179487179525,52.83119658119657
07/29/2024,1.0819,1.0864,1.0871,1.0803,-0.35%,1.08706,1.0810283333333333,1.0,1.0852480821915236,1.0829779597975215,1.0803560365694962,-0.71579333761584,0.7543304153473641,-0.00749999999999984,0.008500000000000174,44.14913652522347,50.397220477113834,50.139380144806935,10.958904109589396,17.362645455884955,54.225352112676376,61.619718309859444,48.3974358974359,51.762820512820504
07/30/2024,1.0815,1.0821,1.0837,1.0797,-0.04%,1.0862399999999999,1.0811333333333333,1.0,1.0845666127021556,1.0828826075525202,1.080367419388448,-1.1154795647801035,0.6795754980450439,-0.008199999999999985,0.007699999999999818,43.306604228867215,50.123781855194416,50.108759566211525,11.842105263156684,16.202486995216706,52.8169014084504,58.2159624413147,47.75641025640997,50.21367521367514
07/31/2024,1.0825,1.0816,1.085,1.0802,0.09%,1.08512,1.0812666666666668,1.0,1.0841908649381273,1.082857923194293,1.0803886392773618,-0.651615271659314,1.1682242990654164,-0.011199999999999877,0.008299999999999974,46.16065447449748,50.81395560116727,50.18519764652805,19.310344827585666,14.037118066777248,56.33802816901417,54.46009389671365,49.35897435897425,48.504273504273385
08/01/2024,1.0791,1.0827,1.0836,1.0777,-0.31%,1.08407,1.0812833333333332,1.0,1.083265253131195,1.0826154765365965,1.0803758168875106,-0.7906591891146403,0.9353661958656824,-0.010499999999999954,0.009099999999999886,38.78458925804246,48.45559079112994,49.92383157191977,11.023622047242938,14.058690712661763,44.36619718309843,51.173708920187664,43.910256410256196,47.00854700854682
08/02/2024,1.0908,1.0789,1.0926,1.0782,1.08%,1.08438,1.081515,1.0,1.0846352071073415,1.083143510308429,1.0804795409713903,0.17448801542841516,1.6399552739470797,0.0031000000000001027,0.021700000000000053,62.000811336022046,55.764161420835386,50.80983563629075,87.91946308724809,39.4178099873589,85.56338028169016,62.08920187793425,62.66025641025625,51.97649572649558
08/05/2024,1.0952,1.0923,1.1008,1.0892,0.40%,1.08501,1.0817883333333331,1.0,1.0865560785423705,1.0839213483530463,1.0806260144152366,0.9307897889595428,2.2309343787921248,0.006299999999999972,0.02200000000000002,67.19889805841915,58.076737485001885,51.136598021004765,75.75757575757544,58.233553630688824,83.67346938775496,71.20101561751453,69.71153846153825,58.76068376068358
08/06/2024,1.093,1.0953,1.0964,1.0903,-0.20%,1.0858,1.081975,1.0,1.0877277006255759,1.08450706781414,1.08074913966083,0.8395608450964005,2.350407341511368,0.007900000000000018,0.021700000000000053,62.45267914547622,56.54765942637757,50.96646632542966,66.23376623376596,76.6369350261965,77.2594752186588,82.16544162936798,66.18589743589726,66.18589743589726
08/07/2024,1.0921,1.0928,1.0936,1.0905,-0.08%,1.0866200000000001,1.08204,1.0,1.0885226641481984,1.084996934406776,1.080862084462907,0.7100700848395463,2.0463464772939663,0.008199999999999985,0.0242,60.510047638502044,55.92453764455942,50.89684520474776,62.33766233766247,68.10966810966796,73.71601208459228,78.21631889700201,61.73913043478264,65.87885544407273
08/08/2024,1.0918,1.0922,1.0946,1.0882,-0.03%,1.0873599999999999,1.0821283333333334,1.0,1.0891185433939805,1.0854358418644035,1.0809709203192772,0.5618494980197102,1.9135629608886575,0.007400000000000073,0.021600000000000064,59.82087449083535,55.712840207496015,50.873564060862506,61.03896103896132,63.20346320346326,72.22222222222253,74.3992365084912,58.703703703703766,62.20957719146123
08/09/2024,1.0916,1.0919,1.0932,1.0909,-0.02%,1.08795,1.0822049999999999,1.0,1.0895697173223475,1.0858335294860548,1.0810766831488507,0.8965708475829393,1.657664369528759,0.005899999999999794,0.020299999999999985,59.32041233151392,55.567773354321425,50.8579772166684,60.17316017315958,61.18326118326112,69.23076923076894,71.72300117919458,58.33333333333302,59.59205582393982
08/12/2024,1.0931,1.0915,1.094,1.0911,0.14%,1.08907,1.082331666666667,1.0,1.0902115869001023,1.0863023340353417,1.0811963190861489,1.0725843735552525,1.7405063291139184,0.011199999999999877,0.019299999999999873,61.97162753070036,56.44762461022255,50.971205631322164,66.66666666666634,62.62626262626242,74.24749163879588,71.90016103059578,61.11111111111091,59.38271604938257
08/13/2024,1.0992,1.0932,1.1,1.0913,0.56%,1.09084,1.0825616666666666,1.0,1.0918458438273564,1.0871344415169326,1.0813754615888829,1.5427251732101557,1.9098831819024615,0.01770000000000005,0.024799999999999933,70.6227989984096,59.79676970614692,51.42860803513984,93.07359307359285,73.30447330447292,94.11764705882334,79.19863597612938,72.40740740740718,63.95061728395038
08/14/2024,1.1012,1.0993,1.1048,1.0984,0.18%,1.0927099999999998,1.0828799999999998,1.0,1.09354659949511,1.0880418969029368,1.0815727222028384,2.0480029654341587,1.8686401480111006,0.01869999999999994,0.022599999999999953,72.8711122525181,60.81870711275557,51.57746591259588,86.71586715867137,82.15204229964353,86.71586715867137,85.02700195209687,76.11111111111089,69.87654320987633
08/15/2024,1.0971,1.1012,1.1016,1.0949,-0.37%,1.09451,1.0831433333333333,1.0,1.0941926723141808,1.0886262906511346,1.0817272236621989,0.577557755775575,1.2458471760797407,0.018000000000000016,0.016100000000000003,62.053656342258144,57.70788197780086,51.25383616903436,71.05263157894717,83.61403060373713,71.58671586715842,84.14007669488439,68.5185185185183,72.34567901234546
08/16/2024,1.1028,1.0972,1.103,1.097,0.52%,1.09571,1.0834483333333333,1.0,1.09575764098433,1.0895407235123515,1.0819369046179654,0.6939371804236716,1.9035298466087553,0.01200000000000001,0.019200000000000106,69.13193466984188,60.60579292137952,51.67748486831044,87.95180722891561,81.90676865551139,92.61992619926195,83.64083640836391,79.07407407407393,74.56790123456771
08/19/2024,1.1085,1.1024,1.1087,1.1023,0.52%,1.09704,1.0838266666666667,1.0,1.0980744335326336,1.090763902640587,1.082201216008097,1.4181152790484968,2.524972253052174,0.01330000000000009,0.02629999999999999,74.43129977897152,63.213379563178556,52.095907312236704,99.02439024390254,86.00960968392178,99.35483870967748,87.85382692536594,89.62962962962955,79.07407407407395
08/20/2024,1.113,1.1086,1.113,1.1071,0.41%,1.09904,1.0842850000000002,1.0,1.1007881728903364,1.092198489567001,1.0825076738469284,1.913744162622463,2.7700831024930777,0.020000000000000018,0.03180000000000005,77.77783866819512,65.10003375936401,52.422780333645186,100.0,95.65873249093939,100.0,97.32492163631314,97.96296296296278,88.88888888888876
08/21/2024,1.115,1.1128,1.1174,1.11,0.18%,1.10133,1.0848683333333333,1.0,1.1033721414557298,1.0936695547562265,1.0828309829528335,2.1249313061000077,2.6231017027151373,0.02289999999999992,0.03200000000000003,79.12695093547062,65.90401586655878,52.56735035498242,91.78082191780832,96.9350707205703,93.95465994962225,97.76983288643324,95.81151832460739,94.46803697239993
08/22/2024,1.1112,1.115,1.1166,1.1097,-0.34%,1.10327,1.085335,1.0,1.104795388463779,1.0948005512235666,1.0831132637850045,1.7955294979846155,1.8888685127452736,0.019399999999999862,0.024699999999999944,70.13768343749709,63.049201804719786,52.264091763139945,76.6037735849057,89.46153183423802,84.38287153652391,92.77917716204873,89.17975567190229,94.31807898649083
08/23/2024,1.119,1.1113,1.1201,1.1105,0.70%,1.10601,1.0859166666666666,1.0,1.107378045106728,1.0963618059833364,1.083470348311825,2.3694081053883482,2.717091977235182,0.02740000000000009,0.02839999999999998,76.28281866041839,66.16169763163023,52.82551721807747,96.20689655172382,88.19716401814594,97.40566037735825,91.9143972878348,98.1666666666665,94.38598022105873
08/26/2024,1.1161,1.1188,1.1202,1.1151,-0.26%,1.10831,1.0863483333333332,1.0,1.108963855087323,1.0976352378553793,1.0837950237804366,1.5374818049490664,2.4226851426998444,0.02300000000000013,0.026700000000000168,70.30611231214444,64.08548753741897,52.59438175812922,85.81314878892744,86.20793964185232,90.35294117647061,90.71382436345091,93.17803660565725,93.50815298140868
08/27/2024,1.1184,1.1161,1.1191,1.1151,0.21%,1.11023,1.0868583333333333,1.0,1.110679517798719,1.0989748999292257,1.084139354335349,1.5619324373410919,2.258388954923669,0.019200000000000106,0.02870000000000017,72.22387214286422,64.98695010068684,52.75914008470659,92.88537549407107,91.63514027824078,95.76470588235289,94.50776914539392,97.0049916805324,96.11656498428539
08/28/2024,1.112,1.1184,1.1187,1.1105,-0.57%,1.11131,1.0872783333333333,1.0,1.1109196054716792,1.0998152289660499,1.0844165766298102,1.3581259684623221,2.0558002936857744,0.010800000000000143,0.018300000000000205,60.20256300500492,60.60787707738446,52.251280616455944,67.5889328063243,82.09581902977426,80.7058823529412,88.94117647058823,86.35607321131451,92.17970049916806
08/29/2024,1.1077,1.1119,1.1141,1.1055,-0.39%,1.1123699999999999,1.0875933333333334,1.0,1.1103342226586468,1.100323923871466,1.0846482540890452,0.4443235400797882,1.8387423002666194,0.010599999999999943,0.018100000000000005,53.548808393672275,57.896320121907976,51.913842281523976,46.1206896551719,68.86499931852242,70.58823529411723,82.35294117647044,79.20133111480837,87.5207986688851
08/30/2024,1.1047,1.1077,1.1096,1.1044,-0.27%,1.1125599999999998,1.088005,1.0,1.1093098185388928,1.1006062513636294,1.0848477753171661,-0.3428055931438905,1.4510056019836566,0.0019000000000000128,0.017000000000000126,49.32298412183877,56.0853343909576,51.6798248373698,13.407821229050024,42.372481230182075,63.5294117647057,71.6078431372547,74.20965058236263,79.92235163616185
09/02/2024,1.1071,1.1047,1.1078,1.1042,0.22%,1.11242,1.0885183333333333,1.0,1.1089080333500032,1.1010252028885565,1.0850691919914994,-0.5300988319856259,2.027462906644551,-0.0014000000000000679,0.018199999999999994,52.6448087071019,57.193456133579346,51.85432236113245,18.124999999999375,25.88450362807377,69.17647058823502,67.76470588235264,78.20299500831929,77.2046589018301
09/03/2024,1.1043,1.1069,1.1073,1.1026,-0.25%,1.11155,1.089025,1.0,1.1080702091045482,1.1012364801215528,1.0852605446012722,-0.959641255605375,1.8820924439523916,-0.00869999999999993,0.019200000000000106,48.52186480961469,55.50314921885322,51.635679965229066,9.659090909091073,13.730637379380155,62.58823529411757,65.09803921568609,73.54409317803659,75.31891292290618
09/04/2024,1.1082,1.1044,1.1094,1.1038,0.35%,1.11087,1.0894833333333334,1.0,1.1080938074491757,1.1016857394685493,1.0854887994079225,-0.26997840172785204,2.1947620804131356,-0.006799999999999917,0.02429999999999999,54.086724473503196,57.32061889053617,51.919473257562466,31.81818181818199,19.867424242424146,71.76470588235291,67.84313725490183,80.0332778702163,77.26012201885739
09/05/2024,1.111,1.1082,1.112,1.1075,0.25%,1.11085,1.0901083333333335,1.0,1.1086222060947801,1.1022866595028364,1.0857426438724807,-0.7149240393208228,2.3302938196555103,-0.00019999999999997797,0.026599999999999957,57.73171923883107,58.57720983906766,52.12218630106254,47.72727272727235,29.73484848484847,78.35294117647035,70.9019607843136,84.69217970049901,79.4231835829173
09/06/2024,1.1083,1.111,1.1155,1.1065,-0.24%,1.1097800000000002,1.0907466666666668,1.0,1.1085636231684564,1.1026746169542665,1.0859670966414496,-0.6988621091300089,2.4401515851742284,-0.010699999999999932,0.022599999999999953,53.20604939186944,56.90588082101979,51.91008327973996,32.38636363636375,37.31060606060603,71.99999999999994,74.0392156862744,80.19966722129782,81.64170826400438
09/09/2024,1.1034,1.1082,1.1092,1.1033,-0.44%,1.1085099999999999,1.0912466666666667,1.0,1.1076247825923733,1.1027214158604428,1.0861405594867355,-1.3412017167382084,2.024965325936203,-0.012700000000000156,0.021499999999999853,45.94359874161756,54.012642112826434,51.52763415748136,4.848484848484326,28.320707070706806,60.470588235293754,70.27450980392135,72.0465890183026,78.97947864669982
09/10/2024,1.1019,1.1035,1.105,1.1015,-0.14%,1.10686,1.091715,1.0,1.1065839130301236,1.1026684212888014,1.086297370842804,-0.9082733812949637,1.7921478060046268,-0.01649999999999996,0.020400000000000196,43.90519251897051,53.15677919198336,51.4111006166348,2.325581395349858,13.186809960065977,56.94117647058826,63.13725490196065,69.55074875207991,73.93233499722679
09/11/2024,1.1011,1.1019,1.1054,1.1002,-0.07%,1.1057700000000001,1.0921633333333332,1.0,1.1055868379337375,1.102567232818556,1.086444661617618,-0.5958291956305805,2.0387359836901138,-0.010900000000000132,0.01859999999999995,42.780414216744944,52.69608879816795,51.348853800742795,5.882352941175873,4.352139728336685,55.05882352941147,57.49019607843116,68.21963394342745,69.93899057127
09/12/2024,1.1074,1.1012,1.1075,1.1005,0.57%,1.1057400000000002,1.0927866666666666,1.0,1.105916503763967,1.102879024249617,1.0866531737541867,0.24441024712590972,1.521818848551517,-0.00029999999999996696,0.028299999999999992,53.25810175125676,55.81564514961462,51.81063781992881,47.058823529411335,18.422252621979023,69.5238095238092,60.507936507936314,78.70216306156384,72.15751525235709
09/13/2024,1.1076,1.1073,1.1102,1.1071,0.02%,1.10603,1.0934283333333332,1.0,1.1062225939887003,1.1031836033302869,1.0868616011793495,0.045163038569229964,1.1322132943754535,0.0028999999999999027,0.016799999999999926,53.558071813034516,55.91113065452782,51.825227032928204,48.36601307189486,33.76906318082735,60.62499999999952,61.73587768440674,79.03494176372686,75.31891292290607
09/16/2024,1.1132,1.1078,1.1138,1.1074,0.51%,1.10664,1.0940949999999998,1.0,1.107491213263482,1.1038298224702683,1.0871236764095404,0.8059404147423623,1.8481244281793225,0.006099999999999994,0.018000000000000016,61.2873655991852,58.5083629202276,52.2321863551,84.96732026143799,60.13071895424807,78.12499999999966,69.4246031746028,88.35274542429265,82.02995008319446
09/17/2024,1.1113,1.1133,1.1147,1.1111,-0.17%,1.10734,1.0947616666666666,1.0,1.1081837199428488,1.1043117694076705,1.0873642383064863,0.2797329001985093,1.758080761834986,0.006999999999999895,0.018299999999999983,57.6691363167549,57.32313842474957,52.08216163717464,72.54901960784302,68.62745098039197,72.18749999999962,70.3124999999996,85.19134775374356,84.19301164725437
09/18/2024,1.1118,1.1115,1.1189,1.1096,0.04%,1.1077,1.0954933333333334,1.0,1.1088412254077853,1.1047948810587884,1.0876073816780807,0.07200720072006409,1.8318373328448243,0.0035999999999998256,0.01969999999999983,58.38746498244587,57.557197982414664,52.11853515997167,62.03208556149663,73.18280847692589,73.74999999999945,74.68749999999957,86.02329450915111,86.52246256239577
09/19/2024,1.1161,1.1119,1.1179,1.1068,0.39%,1.1082100000000001,1.0962583333333336,1.0,1.11016100260637,1.1055242435711246,1.0878908920083956,0.7037805648290201,2.2444118724807796,0.0051000000000001044,0.02429999999999999,64.19354867226009,59.531756323861195,52.430633090236064,85.02673796791485,73.20261437908484,86.00682593856664,77.31477531285523,93.17803660565725,88.13089295618398
09/20/2024,1.1162,1.1162,1.1183,1.1136,0.01%,1.109,1.0970066666666665,1.0,1.1112590021324846,1.1062130020504068,1.0881725763376775,1.1600507522204229,2.1132558777788053,0.007900000000000018,0.024600000000000177,64.32217991456051,59.57699910303841,52.43787900360423,85.56149732620356,77.54010695187168,86.2542955326461,82.00370715707072,93.34442595673876,90.84858569051572
09/23/2024,1.1112,1.1163,1.1168,1.1083,-0.45%,1.10978,1.0976299999999999,1.0,1.111248274472033,1.1065347438536064,1.0884017062703606,0.8439967329158601,1.09170305676856,0.007800000000000029,0.018100000000000005,53.620672968283614,56.320190087141384,52.03954609340786,58.823529411764355,76.47058823529426,68.85813148788901,80.37308431970058,85.02495840266204,90.51580698835271
09/24/2024,1.118,1.1113,1.1181,1.1103,0.61%,1.1113899999999999,1.0983566666666666,1.0,1.1124758609316634,1.107274437798535,1.088696218359724,1.5348288075560927,1.5256084271703731,0.016100000000000003,0.01880000000000015,62.93831021903349,59.439637445569886,52.532395474069304,95.18716577540158,79.8573975044565,91.30434782608707,82.13892494887405,96.33943427620636,91.56960621186904
09/25/2024,1.1132,1.118,1.1214,1.1122,-0.43%,1.1126,1.0989333333333335,1.0,1.1126075225804517,1.1076567321341133,1.0889400384791752,0.5237493227379473,1.4675052410901472,0.0121,0.01200000000000001,54.37110226454089,56.493513018894404,52.15219490247944,60.765550239234365,71.5920818088001,69.05660377358492,76.406361029187,86.6231647634584,89.32918581410894
09/26/2024,1.1176,1.1133,1.1189,1.1126,0.40%,1.1136199999999998,1.0995433333333333,1.0,1.1135152457476423,1.1082982332867513,1.0892252138429523,0.9028530155290728,1.342038447587951,0.010199999999999987,0.020499999999999963,59.926896331780085,58.44657684246446,52.46911502795468,73.97260273972576,76.64177291812057,84.4262295081966,81.5957270359562,93.80097879282214,92.25452594416231
09/27/2024,1.1163,1.1176,1.1203,1.1125,-0.12%,1.11449,1.1000883333333331,1.0,1.1140215647026164,1.1088144763005092,1.0894946162128825,0.27847646424722444,0.7036535859269308,0.008700000000000152,0.013500000000000068,57.62357501333218,57.65550283368848,52.36612247793933,65.06849315068561,66.60221537654859,75.94339622641552,76.47540983606568,91.68026101141943,90.70146818923332
09/30/2024,1.1134,1.1159,1.1209,1.1113,-0.26%,1.11451,1.1006083333333332,1.0,1.1139085529385042,1.109110316539186,1.0897324820504621,0.18896787546117078,0.035938903863428205,0.00019999999999997797,0.004899999999999904,52.61141570971362,55.909201335900065,52.13667832482651,45.20547945205454,61.41552511415531,62.26415094339599,74.21125889266936,86.94942903752036,90.81022294725398
10/01/2024,1.1067,1.1135,1.1145,1.1045,-0.60%,1.11405,1.1010333333333333,1.0,1.1125979069496854,1.1089548122463353,1.089901314004026,-0.45871559633026465,-0.7443946188340784,-0.0045999999999999375,-0.006299999999999972,43.00831668141663,52.1351390756168,51.611595770592785,13.017751479289885,41.09724136067668,30.6603773584905,56.28930817610067,76.0195758564438,84.88308863512788
10/02/2024,1.1045,1.1068,1.1084,1.1033,-0.20%,1.11332,1.1013916666666668,1.0,1.1111255602315608,1.1086674050046363,1.090046575352711,-1.0393333930651423,-0.6029517638588848,-0.007299999999999862,-0.010499999999999954,40.32303412244653,50.96649654400021,51.440627591354044,6.629834254144142,21.617688395162855,20.2830188679245,37.73584905660366,72.43066884176193,78.46655791190871
10/03/2024,1.1031,1.1045,1.105,1.1008,-0.13%,1.11202,1.1016683333333332,1.0,1.1096663674621863,1.1083082175849825,1.0901764608757603,-1.1736247984232315,-1.4209115281501363,-0.013000000000000123,-0.008099999999999996,38.61816131457456,50.22535227487776,51.33187555286844,11.165048543689196,10.270878092374408,13.679245283018481,21.540880503144493,70.14681892332788,72.86568787384455
10/04/2024,1.0976,1.1032,1.1041,1.0951,-0.50%,1.11016,1.101785,1.0,1.1074724824690616,1.1076173648375645,1.0902503273312174,-1.2239020878329785,-1.6575575665263131,-0.018600000000000172,-0.021400000000000086,32.601348632187566,47.42274299970696,50.90694325563353,9.505703422053033,9.10019540662879,9.505703422053033,14.489322524332005,61.17455138662303,67.9173463839043
10/07/2024,1.0974,1.0976,1.0987,1.0955,-0.02%,1.10878,1.1019183333333336,1.0,1.1056411220201412,1.1069581800093347,1.0903214687289815,-1.8425760286225557,-1.877682403433488,-0.013800000000000034,-0.01870000000000016,32.39740510695428,47.323407122510254,50.89154673868532,8.745247148288858,9.805333038010362,8.745247148288858,10.643398617786792,60.84828711256108,64.05655247417069
10/08/2024,1.098,1.0976,1.0998,1.0961,0.05%,1.10678,1.1020566666666667,1.0,1.1042518271073882,1.1063802329119583,1.0903978724252008,-1.3654329859863348,-1.2589928057553967,-0.020000000000000018,-0.020399999999999974,33.778277584432345,47.66363315685587,50.93628756948262,11.026615969582227,9.759188846641372,11.026615969582227,9.759188846641372,61.82707993474731,61.283306144643824
10/09/2024,1.0939,1.0981,1.0982,1.0936,-0.37%,1.10485,1.10206,1.0,1.1023696767242268,1.105575056595058,1.090432719646364,-2.1206156048675586,-1.2458246817730265,-0.019299999999999873,-0.018100000000000005,29.243014872852513,45.58248166272661,50.61956738375468,1.098901098901787,6.956921405590958,1.07913669064816,6.950333269506416,55.13866231647652,59.27134312126165
10/10/2024,1.0935,1.0939,1.0955,1.09,-0.04%,1.10244,1.102125,1.0,1.1007570082289129,1.1047960206856993,1.0904632400055045,-2.0424617038430664,-1.0138499140038109,-0.02410000000000001,-0.01419999999999999,28.823501973422893,45.382493496898356,50.588724481466826,11.326860841423446,7.8174593033024875,11.146496815286149,7.7507498251721785,54.48613376835224,57.1506253398587
10/11/2024,1.0937,1.0933,1.0954,1.0926,0.02%,1.10018,1.102225,0.0,1.099473915823656,1.104080148383396,1.0904954467362402,-1.7693551284354279,-1.2103694336555035,-0.022600000000000176,-0.01100000000000012,29.38628337852768,45.50615855797294,50.603848835798786,11.974110032361887,8.133290657562375,11.783439490445318,8.003024332126543,54.81239804241419,54.81239804241432
10/14/2024,1.0909,1.0933,1.0937,1.0888,-0.26%,1.09793,1.1022583333333336,0.0,1.0979150220375367,1.1032298162296286,1.0904994721620975,-1.4276678413300836,-1.2134383772525652,-0.022499999999999964,-0.016199999999999992,26.167769706064362,44.06130511635711,50.38684226938664,8.17120622568088,10.490725699822072,6.441717791411023,9.790551365714164,50.24469820554647,53.181076672104304
10/15/2024,1.089,1.0909,1.0917,1.0882,-0.17%,1.0961599999999998,1.1023233333333335,0.0,1.0962941089398028,1.1023117635696524,1.0904845519667805,-1.4033499320959772,-1.7325392528424566,-0.01770000000000005,-0.015300000000000091,24.171720173545054,43.10067430486447,50.23991219913148,3.960396039603525,8.035237432548763,2.4096385542166097,6.878265278690985,47.14518760195753,50.7340946166394
10/16/2024,1.0861,1.0891,1.0902,1.0854,-0.27%,1.09432,1.1023600000000002,0.0,1.0944406345871114,1.1012658433393525,1.0904409243689275,-1.541111413289811,-2.241224122412234,-0.018399999999999972,-0.02210000000000001,21.402988263657903,41.66633432700713,50.0161815959368,3.5714285714293,5.234343612237901,1.9444444444448452,3.5986002633574934,42.41435562805883,46.601413811854286
10/17/2024,1.0831,1.0862,1.0873,1.0811,-0.28%,1.09232,1.1023383333333332,0.0,1.0923787010258184,1.1000938534464908,1.0903678799888057,-1.3210641399416871,-2.273752594062989,-0.020000000000000018,-0.027900000000000036,18.91291276591585,40.23347964578531,49.78567619380057,8.695652173913002,5.409158928315276,4.962779156327548,3.105620718329668,37.52039151712878,42.35997824904839
10/18/2024,1.0866,1.0831,1.0869,1.0825,0.32%,1.09122,1.1023533333333333,0.0,1.091328028112033,1.0992232822563948,1.0903303884644475,-0.9841443411700311,-1.5225666122892811,-0.010999999999999899,-0.021700000000000053,29.539378609465402,42.6151631584423,50.05556284649432,29.41176470588242,13.892948483741575,13.647642679900892,6.851622093557762,43.23001631321372,41.05492115280045
10/21/2024,1.0815,1.0861,1.0873,1.0811,-0.47%,1.08963,1.1023466666666666,0.0,1.0895411139098452,1.0980798446914661,1.0902425234822108,-1.5027322404371748,-1.8513476722025766,-0.015900000000000025,-0.02190000000000003,24.36888082104818,40.200361708857834,49.664649753874926,2.1390374331548263,13.415484770983417,0.9925558312653993,6.534325889164614,34.91027732463278,38.553561718325106
10/22/2024,1.0797,1.0816,1.0839,1.0793,-0.17%,1.0878,1.1023166666666668,0.0,1.0877518204716914,1.0968940482597584,1.0901376222541255,-1.2981076880884896,-1.9435110344201132,-0.018299999999999983,-0.022199999999999998,22.803593350965684,39.38550861949273,49.52745007835169,2.1164021164030427,11.222401418480096,0.950118764846028,5.19677242533744,31.973898858075188,36.704730831973905
10/23/2024,1.0781,1.0799,1.0807,1.0761,-0.15%,1.08622,1.1022433333333332,0.0,1.085996944022293,1.0956815290171933,1.090017844356519,-1.4083219021490498,-2.6458370959002964,-0.015800000000000036,-0.02299999999999991,21.44323361261337,38.66483886667456,49.40552147710483,10.309278350515546,4.854905966691139,4.415011037527608,2.1192285445463463,29.36378466557919,32.08265361609573
10/24/2024,1.0827,1.0783,1.0829,1.077,0.43%,1.08514,1.1023033333333332,0.0,1.0853974996546034,1.0948440110160842,1.0899450296467175,-1.0057602633263143,-2.248104008667382,-0.01079999999999992,-0.024699999999999944,34.01730378404791,41.83044365209489,49.76287589917374,34.19689119170975,15.540857219542781,14.56953642384096,6.644888742071533,36.867862969004875,32.73518216421976
10/25/2024,1.0793,1.0827,1.084,1.0793,-0.31%,1.0836999999999999,1.1021116666666666,0.0,1.0842888633537664,1.0938411715956917,1.0898391084667938,-1.0633421945182928,-3.0452748832195513,-0.014399999999999968,-0.028299999999999992,30.065146807971857,40.242354398942275,49.503143088280815,18.181818181817608,20.895995908014303,7.064017660043878,8.682855040470818,31.321370309950918,32.51767264817834
10/28/2024,1.0812,1.0797,1.0828,1.0782,0.18%,1.0827300000000002,1.1018783333333333,0.0,1.0837272518348997,1.0930256121379052,1.0897531467972819,-0.7162534435261735,-2.7085395482767947,-0.009700000000000042,-0.03200000000000003,34.770684871381434,41.52570515296478,49.650736194308024,32.69230769230728,28.35700568861155,11.25827814569513,10.963944076526658,34.42088091353985,34.20337139749856
10/29/2024,1.0818,1.0812,1.0827,1.0769,0.06%,1.08201,1.1016916666666667,0.0,1.0833768424103725,1.0923013790967502,1.0896740106516674,-0.39591197863916494,-2.6983270372368957,-0.007199999999999873,-0.02949999999999986,36.27514140151452,41.933086872821725,49.69739855856239,40.42553191489389,30.433219263006265,12.582781456953757,10.30169242089759,35.399673735726076,33.713974986405624
10/30/2024,1.0855,1.0819,1.0871,1.0808,0.34%,1.08195,1.1015816666666667,0.0,1.083762871063032,1.0918625804453468,1.0896324780220885,0.2215861877942903,-2.74168981274081,-0.000600000000000156,-0.02629999999999999,44.97141396138375,44.40398008520985,49.984677690293886,83.92857142857105,52.34880367859074,20.750551876379415,14.863870493009436,41.4355628058726,37.085372485046186
10/31/2024,1.0883,1.0856,1.0888,1.0844,0.26%,1.08247,1.1015233333333332,0.0,1.0845878035970262,1.091632736545647,1.0896192194757468,0.1564513160316616,-2.4995520516036582,0.0052000000000000934,-0.027800000000000047,50.635768642410966,46.196305644687456,50.200983223327555,96.06299212598466,73.4723651564832,26.93156732891836,20.08830022075051,46.003262642740694,40.9461663947798
11/01/2024,1.0834,1.0883,1.0905,1.0832,-0.45%,1.08215,1.1013866666666665,0.0,1.084371839306658,1.0911015922523795,1.0895573364242903,0.17568192325474,-2.5017998560115235,-0.0032000000000000917,-0.03280000000000016,42.191167071029014,43.648846248955515,49.822016717077645,50.6944444444436,76.89533599966644,16.11479028697545,21.26563649742441,38.00978792822171,41.816204458945016
11/04/2024,1.0877,1.086,1.0915,1.0859,0.40%,1.0827699999999998,1.1012966666666666,0.0,1.08497695943272,1.0908821346877098,1.0895388553848344,0.7409465592293956,-2.710196779964241,0.006199999999999983,-0.023500000000000076,50.276746706911126,46.335329421155805,50.15388763129997,75.32467532467493,74.02737063170106,25.60706401765973,22.884473877851182,45.024469820554465,43.0125067971723
11/05/2024,1.093,1.0881,1.0936,1.0872,0.49%,1.0840999999999998,1.1011933333333335,0.0,1.0864356940813165,1.0910187711594705,1.0895732947823518,1.3820610332993148,-1.8145885734818537,0.013299999999999867,-0.025000000000000133,58.27010304658536,49.410521087692025,50.5589556524244,96.57142857142892,74.19684944684916,37.306843267108064,26.342899190581083,53.67047308319736,45.56824361065785
11/06/2024,1.0728,1.0931,1.0938,1.0682,-1.85%,1.08357,1.10072,0.0,1.0839564769756227,1.089843366568537,1.0894063956185558,-0.9143807148794699,-4.008589835361485,-0.005300000000000082,-0.04039999999999999,34.66862356855563,40.304374048959914,49.03267406867549,17.96874999999971,63.288284632034525,8.728652751423036,23.880853345396947,20.7177814029363,39.804241435562716
11/07/2024,1.0804,1.0729,1.0825,1.0713,0.71%,1.08334,1.1004416666666665,0.0,1.0833098447982368,1.0892341171125024,1.0893167793652445,0.1019179097563329,-3.2159813670160387,-0.0022999999999999687,-0.0371999999999999,44.128835737359765,44.299751695737456,49.607899623890745,47.65624999999983,54.065476190476154,23.14990512333965,23.061800380623584,33.115823817292025,35.83469276780857
11/08/2024,1.0718,1.0806,1.0806,1.0687,-0.80%,1.0825900000000002,1.0999249999999998,0.0,1.081217145744012,1.0881093353633087,1.089142482328155,-0.8694043655197792,-3.7363032153763123,-0.00749999999999984,-0.044499999999999984,37.332054271148856,41.081158264009716,48.979233460757754,14.06250000000015,26.562499999999897,6.831119544592125,12.903225806451609,19.086460032626526,24.30668841761829
11/11/2024,1.0654,1.0713,1.0728,1.0629,-0.60%,1.0810099999999998,1.0992066666666669,0.0,1.0783413010632825,1.0866442169527726,1.088906237750006,-1.5159918654095204,-3.7318153067678788,-0.015800000000000036,-0.04800000000000004,33.114694912985414,38.90507330940227,48.51935537970408,8.09061488673118,23.269788295577055,4.844961240309966,11.608661969413918,8.646003262642525,20.2827623708537
11/12/2024,1.0623,1.0653,1.0664,1.0595,-0.29%,1.07906,1.0983616666666665,0.0,1.0754247008699584,1.0850736223106583,1.0886414979865329,-2.1372639336711092,-3.820733363512903,-0.019500000000000073,-0.044399999999999995,31.216741704163738,37.899143815246426,48.29859361829964,8.163265306122199,10.10546006428451,5.725971370142979,5.800684051681695,4.523424878836706,10.751962724701928
11/13/2024,1.0563,1.0623,1.0654,1.0556,-0.56%,1.07614,1.0973833333333334,0.0,1.071947482529966,1.0832172595809384,1.0883196907374053,-2.9403657079849332,-4.242589067174323,-0.029199999999999893,-0.04820000000000002,27.7912714089681,36.03369672202335,47.87486976831172,1.8324607329840907,6.02878030861249,1.4170040485828432,3.995978886345268,1.0638297872339277,4.744419309571062
11/14/2024,1.053,1.0564,1.0583,1.0497,-0.31%,1.0726099999999998,1.0964133333333335,0.0,1.0685024857063359,1.0812677589628135,1.087968249624058,-2.8059811703895132,-4.063411078717198,-0.03530000000000011,-0.05010000000000003,26.044753413219084,35.05205508877839,47.64382578606151,7.482993197278587,5.826239745461625,6.066176470587975,4.403050629771271,4.602510460250857,3.396588375440506
11/15/2024,1.0541,1.0532,1.0593,1.0517,0.10%,1.06968,1.0953316666666666,0.0,1.0658838519415477,1.0795150003200513,1.087631250781962,-3.0890870644479045,-3.9456898122835695,-0.02929999999999988,-0.04349999999999987,27.726951970296938,35.656491875585345,47.72833596983676,9.97732426303845,6.430926064433709,8.782435129740431,5.4218718829704216,6.136680613668015,3.9343402870509423
11/18/2024,1.0599,1.0535,1.0608,1.053,0.55%,1.0669,1.094395,0.0,1.0647958788612664,1.0782495164284351,1.08735531685744,-3.0283623055809614,-3.4699453551912582,-0.027799999999999825,-0.03749999999999987,36.22555862042234,38.764943838313144,48.17165938877951,23.12925170068023,13.529856386999088,20.35928143712571,11.735964345818042,14.225941422594149,8.321710832171016
11/19/2024,1.0595,1.0599,1.0602,1.0524,-0.04%,1.06355,1.0934133333333336,0.0,1.0638329917955816,1.0770398702072457,1.0870781484505723,-1.239746457867251,-3.1447115824115537,-0.03349999999999986,-0.03849999999999998,35.90205425531751,38.631794332332746,48.14335852773822,22.22222222222228,18.442932728646987,20.20618556701038,16.449300711292178,13.668061366806203,11.343561134356131
11/20/2024,1.0543,1.0596,1.061,1.0508,-0.49%,1.0617,1.0924516666666666,0.0,1.062099720560021,1.0755727818067782,1.0867519964673795,-2.4157719363198824,-3.5848193872885146,-0.01849999999999996,-0.03960000000000008,31.800070137675135,36.92610283609338,47.77663072778873,14.024390243902275,19.79195472226826,10.04366812227064,16.869711708802246,6.415620641561988,11.436541143654123
11/21/2024,1.0473,1.0541,1.0556,1.0462,-0.66%,1.05839,1.091445,0.0,1.0594088622763809,1.073748731367631,1.0863594377962715,-2.285874230266858,-4.242479656212855,-0.03310000000000013,-0.04620000000000002,27.158794588508826,34.78719083695353,47.28927983595528,3.1976744186043002,13.14809562824295,2.2357723577233353,10.828542015668122,1.4627659574466487,7.182149321938289
11/22/2024,1.0417,1.0475,1.0499,1.0334,-0.53%,1.05538,1.090395,0.0,1.056189069135221,1.071681071279397,1.085915063608388,-2.22451661347849,-4.510037583646522,-0.030100000000000016,-0.051999999999999824,24.03997175128883,33.195873526395786,46.90459194672512,21.065989847715734,12.76268483674077,13.74172185430459,8.673720778099527,9.431818181818167,5.770068260275611
11/25/2024,1.0494,1.0448,1.053,1.0428,0.74%,1.0537800000000002,1.0894333333333333,0.0,1.0549546929288172,1.0702435828097585,1.0855517282882519,-1.214346229878557,-3.636363636363624,-0.015999999999999792,-0.04149999999999987,35.37762830379063,37.27708956305481,47.494830396055924,48.48484848484865,24.24950425038956,26.49006622516558,14.155853479064506,18.181818181818226,9.692134107027691
11/26/2024,1.0486,1.0494,1.0545,1.0425,-0.08%,1.05241,1.088505,0.0,1.0537992942144867,1.0688472226284838,1.08518404804337,-0.7289595758780687,-3.4527207439462373,-0.013700000000000045,-0.04039999999999999,34.77838343622787,37.03392039871096,47.43976367312186,47.499999999999915,39.01694611085477,25.16556291390708,21.799116997792424,17.272727272727163,14.962121212121195
11/27/2024,1.0564,1.0488,1.0588,1.0473,0.74%,1.0524200000000001,1.0876416666666666,0.0,1.0542721498118528,1.0680441760072914,1.0848976385590228,0.32288698955366285,-2.4651463392115174,9.999999999998899e-05,-0.02970000000000006,44.890935161918065,40.9210342542675,48.030203228259765,83.33333333333347,59.772727272727344,38.07947019867534,29.911699779249343,26.136363636363573,20.530303030303
11/28/2024,1.0553,1.0566,1.057,1.0527,-0.10%,1.0526499999999999,1.0867133333333332,0.0,1.0544590316642433,1.067221971103595,1.084603133627794,0.11384119153779224,-2.880544818700544,0.0022999999999999687,-0.027800000000000047,43.826159333820065,40.555780481604444,47.953851893378065,79.34782608695626,70.06038647342989,36.258278145695044,33.16777041942583,24.88636363636346,22.765151515151405
11/29/2024,1.0575,1.0555,1.0598,1.0541,0.21%,1.05299,1.0858666666666668,0.0,1.0550119349980172,1.0665947471614277,1.0843334497406143,-0.22643645626945538,-2.219140083217735,0.0034000000000000696,-0.029099999999999904,46.63878986713832,41.63364440935989,48.11962429812126,87.31884057971067,83.33333333333347,39.90066225165564,38.079470198675345,27.386363636363694,26.136363636363583
12/02/2024,1.0497,1.0577,1.0589,1.046,-0.74%,1.05197,1.084971666666667,0.0,1.0540461286347413,1.0655047634735935,1.0839888370789188,-0.9249646059462038,-2.7785495971103105,-0.010199999999999987,-0.03179999999999983,38.95506338670145,39.037485212150266,47.57962462518397,59.05797101449301,75.24154589371999,26.986754966887382,34.38189845474603,18.522727272727284,23.59848484848482
12/03/2024,1.0509,1.0498,1.0536,1.0481,0.11%,1.05111,1.0841216666666669,0.0,1.0534741052466066,1.0645625206688454,1.0836595937635283,-0.32248885516457076,-2.5229570540766266,-0.008600000000000163,-0.02880000000000016,40.62714207548467,39.63654597326184,47.67042383076797,63.40579710144908,69.92753623188425,28.973509933774583,31.953642384105876,19.886363636363498,21.93181818181817
12/04/2024,1.051,1.051,1.0545,1.0472,0.01%,1.05078,1.0832866666666665,0.0,1.0530242679290418,1.0636875193353714,1.0833346215522388,0.35328941086604,-2.927865521381736,-0.0033000000000000806,-0.027100000000000124,40.77734251398805,39.68763837813664,47.67801418097886,66.6666666666661,63.04347826086939,29.139072847681845,28.36644591611461,19.999999999999847,19.469696969696884
12/05/2024,1.0586,1.0511,1.059,1.0507,0.72%,1.05191,1.0824733333333334,0.0,1.0540380373964888,1.0633592922814765,1.083088505068318,1.6223480848612761,-1.9179097563235377,0.011300000000000088,-0.02410000000000001,51.20189234997089,43.45074074251212,48.251343547312565,95.45454545454511,75.17566974088676,41.72185430463557,33.278145695364,28.63636363636356,22.84090909090898
12/06/2024,1.0568,1.0587,1.0631,1.0543,-0.17%,1.05342,1.0816266666666665,0.0,1.054540212415309,1.0629361121342844,1.0828269270126427,0.7051648561082381,-2.256751757306694,0.015099999999999891,-0.022499999999999964,48.93512711875702,42.796511077204975,48.12581748074294,69.4174757281554,77.17956261645554,38.74172185430441,36.53421633554061,26.590909090908983,25.075757575757475
12/09/2024,1.0552,1.0564,1.0595,1.0532,-0.15%,1.0539999999999998,1.0806599999999997,0.0,1.0546601737943437,1.062437008125621,1.0825520312896417,0.6294106427617718,-2.458864854871527,0.005799999999999805,-0.026000000000000023,46.885096657749735,42.21207039864427,48.01422912791858,61.65048543689302,75.50750220653117,36.09271523178778,38.85209713024259,24.772727272727106,26.666666666666558
12/10/2024,1.0526,1.0555,1.0568,1.0499,-0.25%,1.0544,1.0796816666666667,0.0,1.0542855967408267,1.061802362440097,1.0822540001326943,-0.35971223021582976,-3.0308613542146414,0.0040000000000000036,-0.029200000000000115,43.58810084020735,41.26476914292697,47.83309532002195,38.596491228070064,56.55481746437283,31.788079470198475,35.5408388520969,21.818181818181724,24.39393939393928
12/11/2024,1.0494,1.0528,1.054,1.048,-0.30%,1.0536999999999999,1.0786416666666667,0.0,1.0533973064243127,1.0610022100246068,1.0819270935783447,-0.5590827252913668,-3.5743820637691748,-0.006999999999999895,-0.0360999999999998,39.764173259068755,40.11847579771859,47.6109231237588,19.883040935673048,40.04333920021204,26.49006622516558,31.45695364238395,18.181818181818226,21.590909090909026
12/12/2024,1.0467,1.0496,1.0531,1.0463,-0.26%,1.0528400000000002,1.077485,0.0,1.0521796143471651,1.060079486797213,1.0815765740873773,-1.0212765957446943,-3.387483847147864,-0.008599999999999941,-0.04160000000000008,36.74228018732253,39.16876095063826,47.424134106130715,4.093567251461563,20.85769980506822,22.01986754966865,26.76600441501091,15.113636363636237,18.37121212121207
12/13/2024,1.0502,1.0468,1.0525,1.0453,0.33%,1.05211,1.076385,0.0,1.0518196844658623,1.0594421005522314,1.0812643683587135,0.0476326569495994,-3.4476418129998967,-0.007300000000000084,-0.033199999999999896,42.98324071206634,41.040436635337045,47.69149521975088,27.528089887641098,17.1682326915919,27.81456953642372,25.441501103752657,19.09090909090904,17.462121212121176
12/16/2024,1.051,1.0497,1.0526,1.0474,0.08%,1.0522399999999998,1.0753816666666667,0.0,1.0516706509266147,1.0588974489037004,1.080963229399275,0.009515653249594538,-3.8426349496797836,0.0012999999999998568,-0.036699999999999955,44.37694981296811,41.46628523378072,47.75252979637405,32.02247191011251,21.214709683071717,29.139072847681845,26.32450331125808,19.999999999999847,18.068181818181714
12/17/2024,1.0489,1.0511,1.0535,1.0479,-0.20%,1.0520399999999999,1.07423,0.0,1.0511668962126846,1.058252452200236,1.0806441912777798,-0.1998097050428155,-2.2278150633855365,-0.0020000000000000018,-0.04410000000000003,41.42366757832646,40.66863386990327,47.60598465991905,20.22471910112382,26.591760299625804,25.662251655628882,27.538631346578157,17.613636363636218,18.901515151515042
12/18/2024,1.0352,1.0492,1.0514,1.0344,-1.31%,1.05046,1.07293,0.0,1.0482638241740145,1.0567651972195755,1.0801920088485084,-2.210466654071423,-4.183635690485017,-0.015800000000000036,-0.03760000000000008,27.94367215047842,35.99566667551403,46.66699024453921,2.7874564459927296,18.344882485743017,3.6659877800403353,19.48910409445036,2.0454545454543234,13.219696969696804
12/19/2024,1.0362,1.0353,1.0423,1.0347,0.10%,1.04822,1.0715733333333333,0.0,1.046070401596921,1.0554384103021834,1.0797542760547656,-1.949280847842539,-3.3215152080612125,-0.022399999999999975,-0.04420000000000002,29.796507543913506,36.546212392641785,46.744049702124705,6.271777003484415,9.761317516866987,5.932203389830337,11.75348094183319,3.1818181818180893,7.613636363636218
12/20/2024,1.0429,1.0363,1.0448,1.0343,0.65%,1.04683,1.0703500000000001,0.0,1.0454939649429356,1.0546294806052685,1.0793875657102856,-1.1656557998483679,-2.1118828608973126,-0.013900000000000023,-0.028900000000000148,41.07599277146789,40.11639171685252,47.25720020259417,34.12698412698374,14.395405858820292,24.111675126903226,11.236622098924641,10.795454545454383,5.34090909090894
12/23/2024,1.0405,1.0425,1.0446,1.0383,-0.23%,1.04536,1.069135,0.0,1.0445859713169472,1.0537179012113802,1.0790006235774603,-1.1495344860345809,-2.052150993128122,-0.014699999999999935,-0.024899999999999922,38.60715640187681,39.29707391800818,47.09383706974418,27.55555555555553,22.651438895341226,21.515151515151217,17.1863433439616,8.0681818181817,7.3484848484847305
12/24/2024,1.0397,1.0405,1.0411,1.0383,-0.08%,1.04407,1.0680183333333335,0.0,1.043697612895684,1.0528135204880653,1.0786095714154378,-0.924337716790551,-1.571523241503356,-0.012899999999999912,-0.022599999999999953,37.76644567734285,39.022256089897084,47.03936132872266,27.41116751269065,29.69790239840997,19.687500000000032,21.771442214018165,7.15909090909089,8.674242424242331
12/25/2024,1.0404,1.0398,1.0415,1.0397,0.07%,1.0431700000000002,1.0669499999999998,0.0,1.0430980469146507,1.0520126481985126,1.078229375538051,-0.6018916595012871,-1.1965811965811914,-0.009000000000000119,-0.015900000000000025,39.056685338266654,39.40582805200505,47.09318033788308,31.770833333333126,28.91251880052643,23.569023569023344,21.59055836139154,7.954545454545349,7.727272727272653
12/26/2024,1.0422,1.0402,1.043,1.039,0.17%,1.0427199999999999,1.065935,0.0,1.0429347656574415,1.0513795741211893,1.0778708732275208,-0.7617596648257482,-1.128925149416566,-0.0044999999999999485,-0.01079999999999992,42.46477901396761,40.40306226309089,47.2317622213047,41.1458333333332,33.44261139311899,29.629629629629516,24.295384399550972,9.999999999999924,8.37121212121206
12/27/2024,1.0427,1.0423,1.0444,1.0405,0.05%,1.0419699999999998,1.06502,0.0,1.042892080992452,1.0508196015972415,1.0775209132641386,-0.7897240723120813,-1.6227946032644684,-0.007500000000000062,-0.011400000000000077,43.4409867958455,40.68358107689476,47.270321095793875,43.74999999999957,38.88888888888862,31.313131313131027,28.170594837261305,10.568181818181682,9.507575757575658
12/30/2024,1.0407,1.0433,1.0459,1.0372,-0.19%,1.04094,1.064075,0.0,1.0424935208120063,1.050166724074839,1.0771545349544949,-0.7817713795404696,-1.7744218971212977,-0.010299999999999976,-0.019200000000000106,40.394833311246245,39.90632692075359,47.13186779338692,33.333333333332945,39.409722222221895,24.57912457912425,28.50729517396161,8.295454545454401,9.62121212121201
12/31/2024,1.0353,1.0407,1.0425,1.0344,-0.52%,1.03958,1.0630300000000001,0.0,1.041185607937096,1.0492075805861396,1.0767380707235634,0.009659969088119304,-1.8021436023902024,-0.013599999999999834,-0.0242,33.37409410491932,37.88472766096323,46.7602196287226,5.84795321637496,27.64376218323582,6.397306397306475,20.763187429853925,2.159090909090927,7.007575757575677
01/01/2025,1.0355,1.0354,1.036,1.035,0.02%,1.03961,1.0620566666666666,0.0,1.040151861039442,1.0483232205483242,1.0763277404944334,-0.06755452615324484,-1.1267067697889632,0.000300000000000189,-0.018799999999999928,33.847243936153546,38.0050563198388,46.77584172459233,10.344827586207622,16.508704711971838,7.070707070707079,12.682379349045943,2.38636363636363,4.280303030302993
01/02/2025,1.0265,1.0354,1.0376,1.0225,-0.87%,1.03864,1.06094,0.0,1.0376697044868164,1.046915270835529,1.0758319406852603,-1.5725381148719888,-1.4591533070941827,-0.009700000000000042,-0.02079999999999993,24.978050813575194,34.86129232458116,46.16322532178725,17.094017094017044,11.095599298866537,9.85221674876849,7.773410072260688,4.044489383215373,2.863314642889984
01/03/2025,1.0308,1.0265,1.031,1.0258,0.42%,1.03743,1.0598916666666667,0.0,1.0364206673073952,1.0458755759429141,1.0753838604241197,-0.9322441134070198,-1.7724413950829208,-0.0121,-0.010900000000000132,34.139594136275235,37.41984517049349,46.49967975618762,35.47008547008523,20.96964338343663,20.443349753694534,12.45542452439004,8.392315470171866,4.941056163250297
01/06/2025,1.039,1.0303,1.0438,1.0295,0.80%,1.03728,1.0590266666666668,0.0,1.0368896368878688,1.0454319903982099,1.075021830962814,-0.06732711359047273,-0.9155063894716816,-0.0015000000000000568,-0.010400000000000187,47.67799975995959,41.92022175734197,47.132900340474386,70.51282051282007,41.02564102564077,40.64039408866988,23.64532019704431,16.68351870576336,9.706774519716873
01/07/2025,1.0339,1.0391,1.0436,1.034,-0.49%,1.0367,1.0581083333333334,0.0,1.03634606654462,1.0446879910176803,1.074612657397147,-0.6247597078046857,-2.129875047330553,-0.005800000000000027,-0.014699999999999935,41.74754646307479,40.066383063142936,46.78675791120857,48.717948717948865,51.56695156695138,28.07881773399036,29.72085385878493,11.52679474216388,12.200876306033043
01/08/2025,1.0318,1.034,1.0358,1.0274,-0.20%,1.0358399999999999,1.0572033333333333,0.0,1.035519508991053,1.043856507726217,1.0741866596534588,-0.9978890807906319,-2.2268549227707624,-0.008599999999999941,-0.024599999999999955,39.49968224509267,39.325591528699526,46.644995280595666,39.743589743589965,52.99145299145297,22.90640394088693,30.541871921182395,9.40343781597582,12.537917087967694
01/09/2025,1.0298,1.0319,1.0322,1.0284,-0.19%,1.0346,1.0563150000000001,0.0,1.034479598265407,1.0429496362600095,1.0737450001652908,-1.2371727246571316,-2.619385342789603,-0.012399999999999967,-0.025499999999999856,37.37039154585303,38.62205729741733,46.51010713880166,31.19658119658144,39.88603988604009,17.980295566502686,22.988505747126666,7.381193124368135,9.437141894169285
01/10/2025,1.0244,1.0301,1.0313,1.0216,-0.52%,1.03277,1.0552783333333333,0.0,1.032646944035333,1.0417528855335572,1.0732540038365317,-1.5662534832324377,-2.4102124416500046,-0.018299999999999983,-0.03310000000000013,32.16816874589283,36.784012499962586,46.14797915252765,11.522633744855618,27.48760156167567,6.746987951807042,15.877895819732224,2.8056112224448064,6.530080720929594
01/13/2025,1.0244,1.0241,1.025,1.0178,0.00%,1.0311400000000002,1.0543266666666666,0.0,1.0311474996652725,1.0406333445313922,1.0727678930691684,-1.0528349270742907,-2.5216481111428273,-0.01629999999999998,-0.0253000000000001,32.16816874589283,36.784012499962586,46.14797915252765,25.384615384615127,22.701276775350724,14.56953642384096,13.098939980716901,6.3706563706563175,5.51915357248976
01/14/2025,1.0307,1.0245,1.0309,1.0238,0.61%,1.0306799999999998,1.05351,0.0,1.0310661360897684,1.0399924835938832,1.0723493059802713,-0.46354418155481764,-1.9314938154138903,-0.0046000000000001595,-0.020199999999999996,43.49720577280478,40.329482352075296,46.63758975646317,49.61538461538424,28.84087791495166,28.47682119205285,16.59778185590029,12.451737451737376,7.2093350149461735
01/15/2025,1.0289,1.0308,1.0355,1.0259,-0.17%,1.03002,1.05269,0.0,1.030672293164356,1.0392768394910519,1.071916973464723,0.23380418899171534,-2.8055922917060325,-0.006600000000000161,-0.02210000000000001,41.30705921336604,39.67184796530031,46.5161498439564,42.692307692307224,39.23076923076886,24.503311258277954,22.516556291390597,10.714285714285616,9.845559845559777
01/16/2025,1.0298,1.0288,1.0315,1.0261,0.09%,1.0303499999999999,1.0518083333333332,0.0,1.0305136944072002,1.0386654304916292,1.0714978980339847,-0.09701202949164629,-2.554882664647986,0.0033000000000000806,-0.028799999999999937,42.90420098563037,40.17642501104606,46.586041774041874,46.15384615384615,46.15384615384587,26.49006622516565,26.490066225165492,11.583011583011602,11.583011583011539
01/17/2025,1.0271,1.0299,1.0331,1.0265,-0.26%,1.0299800000000001,1.0509383333333333,0.0,1.0298930226968002,1.0379192736857177,1.0710561267897551,-1.1453320500481252,-2.6630022744503425,-0.0037000000000000366,-0.02970000000000006,39.33617151738721,39.1599559287829,46.403210463133156,35.76923076923021,41.538461538461185,22.302158273380932,24.43184525227485,8.976833976833854,10.424710424710364
01/20/2025,1.0414,1.0276,1.0435,1.0266,1.39%,1.03022,1.050275,0.0,1.0319852003882912,1.0381438366737359,1.070761040213989,0.7254086468710768,-1.0640319209576172,0.0024000000000001798,-0.013799999999999812,59.269447483557926,46.566746013895596,47.49995042335542,91.47286821705436,57.798648380043566,60.512820512820795,36.43501500378913,22.779922779922863,14.446589446589448
01/21/2025,1.0429,1.0417,1.0436,1.0342,0.14%,1.03112,1.0496266666666667,0.0,1.033969709408602,1.0384506859205918,1.0704838152476954,1.0757898817600202,-0.6194015627978056,0.008999999999999897,-0.009700000000000042,60.77176038168006,47.26342215772579,47.61296146566423,97.2868217054258,74.84297356390344,69.33701657458535,50.71733178692904,24.227799227799153,18.66151866151863
01/22/2025,1.0407,1.0429,1.0458,1.0393,-0.21%,1.03201,1.0488799999999998,0.0,1.035193398607038,1.038595802957973,1.0701874581514939,1.0584579530005738,-0.5732301519059907,0.008899999999999908,-0.008700000000000152,57.326033133824005,46.346585976762036,47.462363581639,81.78571428571392,90.18180140273135,64.14565826330498,64.66516511690371,22.104247104247047,23.03732303732303
01/23/2025,1.0415,1.0408,1.0439,1.0372,0.08%,1.03318,1.0481,0.0,1.0363400534057585,1.0387831705090713,1.069902010114788,1.6692698164779494,-0.8284136354979937,0.011700000000000044,-0.005199999999999871,58.28175152550309,46.73527016255071,47.523024181360306,84.64285714285727,87.90513104466565,66.38655462184877,66.6230764865797,22.876447876447948,23.069498069498056
01/24/2025,1.0493,1.0417,1.0523,1.0412,0.75%,1.03567,1.0475316666666667,0.0,1.0386964073319842,1.0394616756375183,1.0696970144973108,2.430691136274885,-0.16175071360609275,0.024899999999999922,-0.0009000000000001229,66.42722409892141,50.36220585531685,48.110108481594146,91.30434782608661,85.91097308488592,88.23529411764652,72.92250233426677,30.405405405405293,25.128700128700103
01/27/2025,1.0491,1.0486,1.0534,1.0454,-0.02%,1.0381399999999998,1.0468883333333332,0.0,1.0405879696352598,1.040083503015743,1.0694920685924834,1.7851945279906831,0.019067594622936217,0.024699999999999944,-0.0019000000000000128,66.05975564198928,50.27140711612068,48.09624235608313,85.472972972973,87.14005931397229,87.67507002801071,80.76563958916866,30.212355212355124,27.831402831402794
01/28/2025,1.0428,1.0492,1.0495,1.0414,-0.60%,1.03935,1.0460516666666666,0.0,1.0409901569743034,1.040258760885695,1.0692264752454093,1.3509573330741593,0.7341576506955227,0.0121,-0.006099999999999994,55.344211904353934,47.48184236484711,47.66135910049066,61.45454545454546,79.410622084535,70.22471910112364,82.04502774892696,24.131274131274065,28.24967824967817
01/29/2025,1.042,1.0431,1.0444,1.0382,-0.08%,1.0406600000000001,1.0455383333333335,0.0,1.0411737647971573,1.0403710988930694,1.068955564413034,1.1846960574868897,0.5597375024126643,0.013100000000000112,0.006800000000000139,54.105903467565,47.138235822475586,47.60642355365103,58.24175824175859,68.38975888975901,67.97752808988791,75.29243907300743,23.359073359073378,25.900900900900865
01/30/2025,1.039,1.0421,1.0468,1.0386,-0.29%,1.0415800000000002,1.0448483333333334,0.0,1.0407785348340377,1.0402826408999681,1.068657498408228,1.1586018888131655,-0.3739572346341945,0.009199999999999875,0.0027999999999999137,49.49188452095237,45.85106030658429,47.40051316424719,46.46840148698882,55.38823506109761,59.550561797752735,65.91760299625476,20.46332046332037,22.65122265122261
01/31/2025,1.0362,1.0391,1.0435,1.035,-0.27%,1.04249,1.044255,0.0,1.0399460739551218,1.0400192447128733,1.0683345374878066,-0.49932782792395747,-0.41326285439692173,0.009100000000000108,-0.006699999999999928,45.470643639632634,44.67325877970535,47.20897691072277,35.82089552238835,46.843685083711904,51.685393258427105,59.73782771535593,17.760617760617748,20.527670527670505
02/03/2025,1.0344,1.0288,1.035,1.0146,-0.17%,1.04179,1.0437383333333334,0.0,1.0389376968723725,1.039656712795914,1.0679968796352404,-0.8150349985616984,-0.5097624314706244,-0.007000000000000117,-0.006099999999999994,42.97645850288986,43.92292972994231,47.08604869292817,51.03092783505172,44.44007494814295,51.03092783505172,54.08896096374386,18.539325842696666,18.921088022211602
02/04/2025,1.0377,1.0345,1.0388,1.0272,0.32%,1.0412700000000001,1.0433283333333334,0.0,1.0387126610773956,1.0395304732606936,1.067695417471782,-0.2882675122513589,-0.2595155709342488,-0.005199999999999871,-0.0020000000000000018,48.707699709327436,45.654083846625824,47.33870890311989,59.5360824742272,48.79596861055575,59.5360824742272,54.08413452256868,21.629213483146177,19.3097190288202
02/05/2025,1.0402,1.0377,1.0444,1.037,0.24%,1.0412199999999998,1.04306,0.0,1.038983086336051,1.0395736685341972,1.067421830622196,-0.12481997119539881,-0.19190174630589155,-0.0004999999999999449,-0.00019999999999997797,52.70862125797249,46.93784614462043,47.529467937717904,65.97938144329923,58.84879725085938,65.97938144329923,58.8487972508594,23.970037453183583,21.37952559300881
02/06/2025,1.0381,1.0402,1.0406,1.0352,-0.20%,1.04088,1.0428116666666667,0.0,1.0388225251840417,1.039478593144894,1.0671300704736033,-1.0673782521681003,-0.44116236693199745,-0.0034000000000000696,-0.0040999999999999925,49.131722665055825,45.99374394689853,47.38456183114602,60.567010309278636,62.02749140893501,60.567010309278636,62.02749140893503,22.00374531835213,22.534332084893972
02/07/2025,1.0327,1.0383,1.0412,1.0305,-0.52%,1.0392199999999998,1.042455,0.0,1.0377093387869434,1.0390412645549008,1.066787481963778,-1.5632446859212632,-0.768713366003652,-0.016599999999999948,-0.010000000000000009,41.152614394983416,43.65783572236607,47.014134041160744,46.649484536082554,57.7319587628868,46.649484536082554,57.73195876288681,16.947565543071164,20.973782771535635
02/10/2025,1.0306,1.0324,1.0337,1.028,-0.20%,1.03737,1.0419666666666667,0.0,1.036416731734772,1.0384966668416813,1.0664274067422665,-1.169927119294207,-0.4539746933256204,-0.01849999999999996,-0.010099999999999998,38.45413887666872,42.78368959264682,46.87092426585155,45.84527220630357,51.020589017221575,41.23711340206195,49.484536082474385,14.981273408239712,17.977528089887674
02/11/2025,1.036,1.0307,1.0381,1.0292,0.52%,1.0366900000000001,1.0415750000000001,0.0,1.0363409623284496,1.0383355915615728,1.066124645831758,-0.5758157389635321,0.04828585224528681,-0.006799999999999917,0.0006999999999999229,48.165345888879045,45.67705234382272,47.28589971621868,66.4596273291928,52.98479469052629,55.154639175258026,47.68041237113419,20.03745318352068,17.322097378277192
02/12/2025,1.0382,1.0361,1.043,1.0317,0.21%,1.0363099999999998,1.0413066666666666,0.0,1.0366789691778224,1.0383268437188908,1.0658467880737765,-0.07699711260826872,1.1397954213346364,-0.0038000000000000256,0.0026999999999999247,51.620906370822375,46.81065245041723,47.453948769191584,73.2919254658387,61.86560833377835,60.82474226804149,52.40549828178717,22.097378277153616,19.03870162297134
02/13/2025,1.0464,1.0387,1.0467,1.0373,0.79%,1.03705,1.0412916666666667,0.0,1.0384464293273092,1.0388476925112204,1.0656532872912285,0.9843659525188175,1.5133876600698544,0.007400000000000073,0.01990000000000003,62.08795358913353,50.771664222831454,48.07404889832287,99.06542056074777,79.60565778525974,81.95876288659818,65.97938144329923,29.77528089887645,23.97003745318359
02/14/2025,1.0491,1.0465,1.0515,1.0446,0.26%,1.03834,1.041415,0.0,1.0403834421768894,1.0395091317040448,1.0654885776247298,1.4211136890951213,0.9720885466794994,0.012899999999999912,0.018299999999999983,64.86873971380473,51.989505850146976,48.276043751411905,93.49593495934914,88.61776032864519,88.91752577319593,77.23367697594522,32.30337078651683,28.058676654182307
02/17/2025,1.0482,1.0489,1.0507,1.0467,-0.09%,1.03972,1.041395,0.0,1.041804634508364,1.040069832884429,1.065316551624928,1.0118531367447194,1.3831124867008393,0.013800000000000034,0.009200000000000097,63.15311854056201,51.54975742922705,48.21321223004162,86.41975308641953,92.9937028688388,86.59793814433021,85.82474226804145,31.460674157303437,31.179775280898912
02/18/2025,1.0445,1.0484,1.0488,1.0435,-0.35%,1.0404,1.0413266666666667,0.0,1.0422947009613888,1.0403556501176914,1.0651094213386452,0.4133820419150135,1.2308586935452541,0.006799999999999917,0.010599999999999943,56.34596616374846,49.7597721730986,47.95533147414247,70.21276595744641,83.37615133440501,77.0618556701033,84.19243986254315,27.996254681647976,30.586766541822755
02/19/2025,1.0421,1.0443,1.0462,1.0401,-0.23%,1.0405900000000001,1.0410883333333334,0.0,1.0422593007865908,1.0404681888197758,1.064880471413656,0.38531933339755353,1.1944066809089122,0.0019000000000000128,0.010299999999999976,52.28425875896246,48.62676928059776,47.78869713846238,59.99999999999981,72.21083968128856,70.87628865979411,78.17869415807588,25.74906367041206,28.401997503121166
02/20/2025,1.05,1.0422,1.0504,1.0418,0.76%,1.04178,1.041,1.0,1.0436667006435743,1.0410831443797903,1.0647324067276358,1.6752202963106513,2.49902381882078,0.011900000000000022,0.020199999999999996,62.23959237897384,52.3233285129689,48.38206091047949,93.61702127659552,74.6099290780139,91.23711340206223,79.72508591065322,33.14606741573043,28.963795255930165
02/21/2025,1.0458,1.0501,1.0507,1.0448,-0.40%,1.04309,1.040805,1.0,1.0440545732538333,1.0413874576456104,1.064544024201004,1.4748690083446636,2.0890277235454984,0.013100000000000112,0.021400000000000086,55.41045919315647,50.33152569409596,48.09004213720566,75.74468085106375,76.45390070921968,80.41237113402103,80.8419243986258,29.213483146067524,29.369538077403348
02/24/2025,1.0466,1.0493,1.0529,1.0453,0.08%,1.0446900000000001,1.0407533333333334,1.0,1.0445173781167727,1.0417237507007324,1.0643654763491925,1.0231660231660176,1.5426409236441279,0.016000000000000014,0.022199999999999998,56.42241190745256,50.701311551945615,48.14995129204708,73.41772151898752,80.92647454888225,82.4742268041239,84.70790378006906,29.962546816479424,30.7740324594258
02/25/2025,1.0513,1.0468,1.052,1.0456,0.45%,1.04622,1.04076,1.0,1.0457505820955413,1.0423415732361692,1.064235471359021,1.2617992679637728,2.177082320925258,0.01529999999999987,0.02059999999999995,62.04528538607666,52.8354204341339,48.50088659510098,92.45283018867899,80.53841085291008,94.5876288659794,85.82474226804145,34.36329588014977,31.179775280898912
02/26/2025,1.0483,1.0514,1.0529,1.0475,-0.29%,1.04723,1.040715,1.0,1.0462141126236248,1.0427259878660937,1.0640769091526125,0.18157492354740182,1.7964653330743794,0.010099999999999998,0.019400000000000084,56.84345182877377,51.36712607686915,48.291211760221884,70.51282051282061,78.79445740682904,86.85567010309306,87.97250859106545,31.554307116104923,31.96004993757805
02/27/2025,1.0397,1.0484,1.0494,1.0397,-0.82%,1.04656,1.0404,1.0,1.0450297285102386,1.0425307628424747,1.0638343523847429,-0.8960061004670531,1.2267549410963068,-0.006699999999999928,0.00990000000000002,44.8630551503307,47.4561852908975,47.69713435460748,0.0,54.321883567166516,64.69072164948494,82.04467353951914,23.501872659176144,29.80649188514362
02/28/2025,1.0375,1.0399,1.0421,1.036,-0.21%,1.0454,1.0400783333333332,1.0,1.0436606869629224,1.042206197497799,1.0635723185379409,-1.0207975577179862,-0.37449587094296277,-0.011599999999999833,0.010400000000000187,42.32737863329661,46.51889768584946,47.54675198090426,8.875739644970796,26.462853385930458,59.02061855670148,70.1890034364265,21.441947565543202,25.499375780274764
03/03/2025,1.0486,1.0382,1.0504,1.0381,1.07%,1.0454400000000001,1.0399683333333334,1.0,1.0445587438787547,1.0426187008850376,1.0634233399683612,0.39253231211105716,0.5465528813884398,0.00039999999999995595,0.007199999999999873,56.20432757687343,51.51687424615452,48.37215464441436,74.55621301775153,27.8106508875741,87.62886597938164,70.44673539518936,31.83520599250939,25.593008739076254
03/04/2025,1.0624,1.0488,1.0628,1.0471,1.32%,1.04723,1.0401316666666667,1.0,1.047802608628072,1.0438949137311642,1.0634131574624597,1.947989636311293,2.0851350052849096,0.017900000000000027,0.019500000000000073,67.12980034665344,56.71888953605316,49.3676845156944,98.50746268656732,60.64647178309654,99.17012448132789,81.93986967247035,44.75655430711616,32.67790262172293
03/05/2025,1.079,1.0627,1.0797,1.0602,1.56%,1.05092,1.040625,1.0,1.0534748616047862,1.046159758006573,1.0635682507043336,2.7619047619047534,3.600576092174735,0.03689999999999993,0.0383,75.34900772169408,61.8169386660701,50.52112718562703,98.39816933638411,90.48728168023432,98.92473118279548,95.241240547835,60.299625468164805,45.630461922596794
03/06/2025,1.0783,1.0791,1.0854,1.0765,-0.06%,1.05375,1.0411516666666667,1.0,1.0579885231311885,1.0482333220061488,1.0637148355376636,3.10766877031937,2.7637472600781603,0.028299999999999992,0.036799999999999944,74.47645031811675,61.50092889909768,50.47239801327193,85.62753036437267,94.17772079577469,89.97175141242954,96.02220235885098,59.64419475655439,54.90012484394513
03/07/2025,1.0832,1.0784,1.089,1.0781,0.45%,1.05749,1.0417016666666667,1.0,1.0625724280164268,1.0504892367154295,1.0639087181158122,3.497038027899863,3.2504051091411705,0.03739999999999988,0.03390000000000004,76.58536670537215,62.875218361524844,50.806209479419,89.05660377358484,91.0274344914472,92.20430107526877,93.70026122349793,64.2322097378277,61.39200998751564
03/10/2025,1.0832,1.0835,1.0875,1.0805,0.00%,1.06115,1.0422383333333334,1.0,1.0663228956498039,1.0525996085402405,1.0641006715072534,3.034338438124231,3.874184886843114,0.036599999999999966,0.03410000000000002,76.58536670537215,62.87521836152484,50.806209479419,89.05660377358484,87.91357930384744,92.20430107526877,91.46011785432238,64.2322097378277,62.70287141073661
03/11/2025,1.0918,1.0834,1.0947,1.0829,0.79%,1.0652000000000001,1.0429533333333334,1.0,1.0709550964407486,1.0551286660537735,1.0643762871964348,4.149575503195659,4.779270633397319,0.0405000000000002,0.049000000000000155,80.1408337092176,65.20791017993628,51.38705691143197,95.05962521294735,91.057610920039,96.37952559300886,93.59604258118215,72.2846441947567,66.91635455680405
03/12/2025,1.0886,1.092,1.0932,1.0875,-0.29%,1.06923,1.0438433333333335,1.0,1.074163260724249,1.05728810695353,1.0646173195804822,4.703279792247758,4.773820981713195,0.0403,0.046599999999999975,75.40682589907365,63.66802056521807,51.16115465443309,89.60817717206133,91.24146871953116,92.3845193508115,93.65611533969638,69.28838951310867,68.60174781523104
03/13/2025,1.0852,1.0888,1.0898,1.0822,-0.31%,1.07378,1.04466,1.0,1.0761699405925673,1.0590888742468507,1.0648221227205568,4.597590361445769,4.728816830727652,0.045499999999999874,0.04620000000000002,70.49101352767815,62.05724875200779,50.922109979589585,83.81601362861998,89.49460533787622,88.13982521847683,92.30129005409907,66.10486891385767,69.22596754057436
03/14/2025,1.0879,1.0852,1.0913,1.083,0.25%,1.07882,1.04541,1.0,1.078302678666646,1.0609476565535056,1.0650517537285897,3.7478542818996865,5.172080433101325,0.0504,0.05170000000000008,72.09607710147459,62.829779745184545,51.104444913151056,87.98586572438177,87.13668550835435,91.51061173533095,90.67831876820644,68.63295880149826,68.00873907615488
03/17/2025,1.0921,1.0877,1.093,1.0868,0.39%,1.08317,1.04627,1.0,1.0808112825454377,1.0629574851629568,1.0653208909580283,2.7955572289156683,5.242362917991712,0.043500000000000094,0.057700000000000085,74.49393995554325,64.00898648569571,51.38680325721157,94.53781512605056,88.77989815968408,96.14814814814825,91.93286170065203,72.56554307116116,69.10112359550571
03/18/2025,1.0943,1.0923,1.0956,1.0892,0.20%,1.0863600000000002,1.04718,1.0,1.0832637766280853,1.064979582894379,1.065609240779712,1.4179796107507037,5.200922899442419,0.03190000000000004,0.056599999999999984,75.70883377745011,64.6172379973472,51.53414216940065,96.32768361581961,92.95045482208396,98.07692307692328,95.24522765346751,74.6254681647941,71.94132334581785
03/19/2025,1.0901,1.0945,1.0947,1.0861,-0.38%,1.0874700000000002,1.0480083333333334,1.0,1.0845067263320698,1.0666002549657094,1.0658529303261146,1.0943151256607653,5.009151334168196,0.01110000000000011,0.049900000000000055,68.76140958035953,62.53020721559888,51.23619198975225,71.20418848167608,87.35656240784874,91.86390532544402,95.36299218350518,70.6928838951312,72.6279650436955
03/20/2025,1.0851,1.0903,1.0918,1.0815,-0.46%,1.08815,1.0487233333333335,1.0,1.0846145942716934,1.0677937869034058,1.0660444437683736,0.17540620384047387,5.074077660501598,0.006799999999999917,0.04699999999999993,61.31843513229012,60.13813445054416,50.88420289439194,39.999999999999744,69.17729069916514,84.46745562130181,91.4694280078897,66.01123595505618,70.44319600499385
03/21/2025,1.0814,1.0852,1.0862,1.0797,-0.34%,1.0879699999999999,1.0493683333333332,1.0,1.084030122585931,1.0686716071031859,1.066197235618458,-0.16617429837518685,4.9291674752571275,-0.0018000000000000238,0.048699999999999966,56.30709278820576,58.427118862439244,50.625542050513936,10.691823899370025,40.63200412701527,78.99408284023667,85.10848126232752,62.54681647940071,66.41697877652938
03/24/2025,1.08,1.0808,1.0859,1.0781,-0.13%,1.08765,1.0500233333333333,1.0,1.0832973730248527,1.0694024711610448,1.0663345767763142,-1.0807840263784605,4.24710424710425,-0.0031999999999998696,0.04940000000000011,54.43667592540083,57.78360454691634,50.527867389228135,10.857142857143023,20.51632225217092,76.5060240963858,79.9891875193081,61.23595505617989,63.26466916354561
03/25/2025,1.0791,1.0802,1.0831,1.0776,-0.08%,1.08638,1.0507533333333332,1.0,1.0825342142930614,1.0700281181829128,1.0664615961131527,-0.8726805070733111,3.9395106915815776,-0.012700000000000156,0.043099999999999916,53.17498027369802,57.363442636093225,50.464961172905845,8.333333333333643,9.960766696615554,74.17840375586854,76.55950356416368,60.39325842696629,61.39200998751564
03/26/2025,1.0752,1.0791,1.0803,1.0744,-0.36%,1.08504,1.051415,1.0,1.0812007207852319,1.0703617879775635,1.066548545541297,-0.9214891264283089,2.752293577981645,-0.013400000000000079,0.03699999999999992,47.83667304971626,55.552676386420984,50.19281441772904,3.773584905659982,7.65468703204554,65.77181208053689,72.1520799775971,56.74157303370785,59.45692883895136
03/27/2025,1.0801,1.0753,1.0822,1.0732,0.46%,1.08453,1.0523083333333334,1.0,1.0810005897333714,1.0709900597209467,1.0666833860925766,-0.7169776633881817,2.954913735582894,-0.005099999999999882,0.03370000000000006,54.24861311074214,57.304397870264005,50.529687463737446,30.803571428572035,14.30349655585521,73.99328859060424,71.3145014756699,61.329588014981375,59.488139825218525
03/28/2025,1.0827,1.0802,1.0845,1.0764,0.24%,1.08401,1.0531733333333333,1.0,1.081309573418213,1.0717455397389501,1.0668427556290552,-0.8607270396483907,3.291356611333712,-0.0052000000000000934,0.033600000000000074,57.3401753604524,58.20848050569833,50.7074783457634,42.41071428571462,25.662623539982203,78.35570469798668,72.70693512304261,63.76404494382027,60.61173533083652
03/31/2025,1.0817,1.0822,1.085,1.0784,-0.09%,1.08297,1.053885,1.0,1.081380560069447,1.0723877629815985,1.066990589130342,-1.1514209997258469,3.561512685495464,-0.010399999999999965,0.033500000000000085,55.73081511329494,57.72216567836134,50.63713265358673,37.946428571429394,37.053571428572006,76.67785234899357,76.34228187919483,62.82771535580539,62.64044943820236
04/01/2025,1.0793,1.0818,1.0831,1.0778,-0.22%,1.08147,1.0546416666666665,1.0,1.0810022764204565,1.0728337137569792,1.0671130710142482,-0.9907347949729512,3.569714998560589,-0.015000000000000124,0.03479999999999994,51.85009317101282,56.5491817218316,50.46825509419286,28.37209302325569,36.24307862679989,72.65100671140937,75.89485458612988,60.58052434456926,62.390761548064994
04/02/2025,1.0855,1.0793,1.0925,1.078,0.57%,1.08101,1.0555366666666666,1.0,1.0818200443440098,1.0736508935145936,1.067296025803203,0.036862961938987734,3.380952380952368,-0.0046000000000001595,0.04339999999999988,59.87084508312956,58.78730583331044,50.89346123667862,63.7305699481861,43.34969718095706,83.05369127516775,77.46085011185691,66.38576779026212,63.26466916354561
04/03/2025,1.105,1.0856,1.1146,1.0805,1.80%,1.083,1.05679,1.0,1.0860345817360082,1.0756734165136521,1.067671190277126,2.1823562049195546,5.660738190858665,0.01990000000000003,0.05499999999999994,74.6359953019518,64.70281878562756,52.19078204191034,76.81159420289848,56.30475239144675,87.78625954198466,81.1636525095206,84.64419475655434,70.53682896379526
04/04/2025,1.0955,1.1052,1.1109,1.0924,-0.86%,1.08441,1.0579749999999999,1.0,1.087755566874916,1.0769525509321263,1.0679480942595116,1.435185185185171,4.672272119243258,0.014100000000000001,0.049699999999999855,62.239701961964606,60.33801549262005,51.524303605671804,53.86473429951673,64.80229948353376,75.69974554707365,82.17989878807536,75.74906367041196,75.59300873907615
04/07/2025,1.0904,1.0946,1.1051,1.0883,-0.47%,1.08545,1.059075,1.0,1.0882363728976583,1.077820128291344,1.0681714966286233,1.0471689370772022,3.7192047940645048,0.010399999999999965,0.04380000000000006,56.629361204230406,58.15915516212551,51.171733151960346,41.54589371980691,57.40740740740736,69.21119592875317,77.56573367260383,70.97378277153567,77.12234706616734
04/08/2025,1.0956,1.0905,1.0993,1.0888,0.48%,1.0871,1.0601566666666666,1.0,1.0895752141889932,1.0789672167886766,1.0684444174495689,1.8973214285714264,4.512067156348364,0.01649999999999996,0.044300000000000006,60.64800193699306,59.69434054040242,51.511734407289595,54.10628019323652,49.83896940418671,75.82697201017795,73.57930449533494,75.84269662921345,74.1885143570537
04/09/2025,1.0951,1.0959,1.1096,1.0913,-0.05%,1.08909,1.06126,1.0,1.0905797207000851,1.0800080415119877,1.0687096475013391,1.3887602999722157,5.328460132730585,0.01990000000000003,0.04679999999999995,60.05351007900483,59.47726978258,51.477095289387655,52.89855072463763,49.516908212560345,75.1908396946564,73.40966921119586,75.374531835206,74.06367041198506
04/10/2025,1.1197,1.0951,1.1242,1.0943,2.25%,1.0930499999999999,1.0627583333333335,1.0,1.0958743169364333,1.0825688130273432,1.0692170149024198,3.41738246975154,7.922891566265043,0.03959999999999986,0.07999999999999985,73.99081393284149,65.80587516297821,53.03860142651065,90.58577405857706,65.86353499215039,94.89795918367328,81.97192362950256,95.89416058394146,82.37046301612033
04/11/2025,1.136,1.1202,1.1475,1.1189,1.46%,1.0983800000000001,1.0645733333333334,1.0,1.1031698956752636,1.0860159863804177,1.0698815231368897,5.019876120920753,8.334922754148382,0.0532999999999999,0.09849999999999981,79.3063515806911,69.11238244356012,54.02387911207704,83.50071736011465,75.66168071444311,89.48811700182809,86.52563862671927,91.34687735139198,87.53852325684649
04/14/2025,1.1349,1.1313,1.1425,1.1282,-0.10%,1.1037000000000001,1.0661316666666667,1.0,1.1089390055524884,1.0891697937107134,1.0705284740422716,5.151487074955999,6.824171686746988,0.053199999999999914,0.08630000000000004,78.10937359497305,68.64895657922291,53.94711330231827,81.92252510760406,85.33633884209858,87.45019920318731,90.61209179622956,90.51918735891653,92.58674176475002
04/15/2025,1.1281,1.1349,1.1379,1.1264,-0.60%,1.10858,1.0675516666666667,1.0,1.1124228227247632,1.0916814199229257,1.0711013258242805,3.924458774758194,4.550509731232636,0.04880000000000018,0.06570000000000009,70.77241718088551,65.82626702609156,53.47502179522999,72.08633093525195,79.16985780099021,77.77777777777793,84.90536466093113,85.40255831452231,89.08954100827695
04/16/2025,1.1398,1.1283,1.1413,1.1281,1.04%,1.11401,1.0692033333333335,1.0,1.1174004913202609,1.0947858444440273,1.0717848956400373,3.1493212669683204,5.703422053231929,0.054300000000000015,0.060799999999999965,75.22194942956418,68.15675416635672,54.16856779965077,88.5074626865671,80.83877290980769,89.63660834454907,84.95486177517144,94.20617005267115,90.04263857537
04/17/2025,1.1363,1.1395,1.141,1.1336,-0.31%,1.11714,1.0707833333333334,1.0,1.1208367656256681,1.0974641770605418,1.0724268378309225,3.7243267914194593,4.902141802067961,0.031300000000000106,0.05800000000000005,71.59895381252504,66.748118257105,53.92688068470193,81.08108108108127,80.55829156763343,84.9259757738898,84.11345396540561,91.57261098570363,90.39377978429906
04/18/2025,1.1391,1.1367,1.1399,1.1358,0.25%,1.1215,1.07228,1.0,1.1241573536937284,1.100150359185668,1.0730902532536228,4.466250917094641,5.160635155096018,0.04360000000000008,0.05590000000000006,72.76495450152724,67.30730114587331,54.091570025492764,85.81081081081085,85.13311819281972,88.69448183041729,87.75235531628539,93.67945823927768,93.15274642588417
04/21/2025,1.1513,1.1385,1.1574,1.1388,1.07%,1.12759,1.0739833333333333,1.0,1.1290923802948687,1.1034503360123993,1.0738684607036533,5.0839722526469595,5.449716065213398,0.060899999999999954,0.06810000000000005,77.2806067346736,69.61077026567342,54.79909812638479,91.10787172011663,85.99992120400292,92.75534441805226,88.79193400745312,95.72829131652661,93.66012018050266
04/22/2025,1.142,1.1515,1.1548,1.1417,-0.81%,1.1322299999999998,1.0756366666666668,1.0,1.1314392202412562,1.1059374111083735,1.0745463873429821,4.282713907405712,4.905383060812042,0.0464,0.0501999999999998,67.76419402165584,65.94664189383471,54.159618246841475,76.7019667170952,84.54021641600757,81.71021377672201,87.72001334173054,89.21568627450975,92.87447861010469
04/23/2025,1.1315,1.1422,1.1441,1.1308,-0.92%,1.1358700000000002,1.0771283333333332,1.0,1.1314502711064822,1.1075866103917043,1.0751130906808049,1.0538537108154,4.266494655363068,0.03639999999999999,0.04289999999999994,58.69682670334852,62.127152590495754,53.451836473885045,58.9540412044373,75.5879598805497,69.23990498812348,81.23515439429926,81.8627450980392,88.93557422969188
04/24/2025,1.1389,1.1315,1.1399,1.1313,0.65%,1.13779,1.0787933333333335,1.0,1.1328047672689399,1.1096068290761105,1.0757477870990735,0.25528169014085605,4.687930875999626,0.019200000000000106,0.05370000000000008,62.61413928087689,63.6615731609561,53.87875416286249,51.94805194805202,62.53468662319483,78.02850356294543,76.32620744259698,87.0448179271709,86.04108309990663
04/25/2025,1.1365,1.1389,1.1395,1.1315,-0.21%,1.13784,1.080465,1.0,1.1334766277654962,1.1113418723615227,1.0763522874872589,0.14098158428055738,4.06556176174343,0.000500000000000167,0.04859999999999998,60.54486004608922,62.80781878235865,53.71816390343968,32.580645161290406,47.827579437926566,75.17814726840867,74.14885193982586,85.36414565826337,84.75723622782452
04/28/2025,1.1422,1.1375,1.1425,1.1329,0.50%,1.13857,1.0822616666666667,1.0,1.135062695444497,1.1133327193059404,1.0770074894194712,1.2498891942203705,4.377227451338761,0.007300000000000084,0.05010000000000003,63.709744204691724,63.99417527512301,54.045108327204325,50.96774193548412,45.165479681608836,81.94774346793365,78.38479809976259,89.35574229691885,87.25490196078438
04/29/2025,1.1386,1.1422,1.1423,1.137,-0.32%,1.13962,1.0839433333333335,1.0,1.1357058417273158,1.1149628664474927,1.0776203509738693,-0.10528162835584032,4.449133107054397,0.010499999999999954,0.044300000000000006,60.31457340956913,62.68771295177469,53.803850575181905,35.83617747440272,39.79485485705907,77.67220902612837,78.26603325415691,86.83473389355748,87.18487394957992
04/30/2025,1.1329,1.1386,1.14,1.1317,-0.50%,1.13893,1.0854883333333334,1.0,1.1351956886859857,1.116120100870235,1.0781703979015793,-0.29921675613834986,4.405123951709526,-0.006899999999999906,0.04279999999999995,55.14459682199329,60.659331299800094,53.424349160261485,7.894736842105241,31.56621875066402,70.90261282660339,76.84085510688847,82.84313725490199,86.34453781512612
05/01/2025,1.1292,1.1329,1.1342,1.1266,-0.33%,1.13822,1.0870066666666667,1.0,1.1341055634703519,1.11696396533022,1.0786781557475755,-0.8691071898867544,4.420196042167567,-0.007100000000000106,0.04410000000000003,51.9338838886864,59.369360894478184,53.17964056338795,8.44155844155825,17.390824252688727,66.50831353919241,71.69437846397473,80.25210084033614,83.3099906629319
05/02/2025,1.1296,1.1288,1.1381,1.1273,0.04%,1.13727,1.0886216666666668,1.0,1.133286370112106,1.1177791933734316,1.0791848413688396,-1.88482584904022,4.59259259259258,-0.009500000000000064,0.04820000000000002,52.267714760545175,59.465762808548625,53.202930260113995,9.740259740259408,8.69218500797429,66.98337292161517,68.13143309580367,80.53221288515402,81.2091503267974
05/05/2025,1.1315,1.1319,1.1365,1.1292,0.17%,1.13529,1.0903033333333334,1.0,1.1329615755462685,1.1186644067041778,1.0797053908251169,-0.9194395796847596,4.8558984338800855,-0.01980000000000004,0.05149999999999988,53.95549678538966,59.93289184974293,53.313793662743876,17.375886524822352,11.852568235546661,69.23990498812348,67.5771971496437,81.8627450980392,80.88235294117648
05/06/2025,1.137,1.1315,1.1382,1.128,0.49%,1.1347900000000002,1.0919866666666667,1.0,1.133695834537856,1.119847348207134,1.0802754871047389,0.4860804242156483,5.747767857142865,-0.004999999999999893,0.05790000000000006,58.657349543198514,61.26948871746829,53.63336011121037,59.42857142857174,28.84823923121782,75.77197149643709,70.66508313539192,85.71428571428574,82.703081232493
05/07/2025,1.13,1.137,1.1379,1.1292,-0.62%,1.1346399999999999,1.0935166666666665,1.0,1.1330238646218822,1.1205023580002222,1.0807702589495312,-0.7814557906752242,4.619942597907586,-0.0015000000000000568,0.05479999999999996,51.25573387730489,58.69169762017096,53.167844856236925,21.383647798741144,32.72936858404507,67.45843230403791,70.82343626286617,80.81232492997194,82.79645191409897
05/08/2025,1.1228,1.1301,1.1337,1.1212,-0.64%,1.1330300000000002,1.09479,1.0,1.1311649801451764,1.1206505929679498,1.0811884658069857,-1.205455345358561,3.7037037037037064,-0.016100000000000003,0.04269999999999996,44.79573153870431,56.176811842345074,52.69504205353199,7.511737089202058,29.441318772171638,57.28395061728398,66.83811813925301,75.77030812324934,80.76563958916903
05/09/2025,1.1248,1.1228,1.1293,1.1196,0.18%,1.13186,1.0960516666666666,1.0,1.1300077110278715,1.120918296647437,1.0816224119127669,-1.5233759411661776,3.9844688915595743,-0.011700000000000044,0.042100000000000026,46.86274967072511,56.70984168391892,52.81219014695027,22.707423580786294,17.200936156243156,59.04522613065326,61.262536350658394,77.17086834733897,77.91783380018677
05/12/2025,1.1088,1.1219,1.1244,1.1065,-1.42%,1.12852,1.0970616666666666,1.0,1.1261517635682585,1.1201364710572796,1.0818928359783309,-2.617249253469177,2.733253034374139,-0.033400000000000096,0.027099999999999902,35.16040321553622,51.52344542914193,51.781169586428376,6.424581005586496,12.214580558524938,38.9447236180904,51.757966788675894,65.96638655462186,72.96918767507007
05/13/2025,1.1186,1.1086,1.1195,1.1084,0.88%,1.12652,1.0982966666666667,1.0,1.124778715646757,1.120037343892294,1.082258081797325,-1.2622473298614159,3.0492860432980313,-0.020000000000000018,0.03930000000000011,44.5789429212747,54.17868758240432,52.35376093978568,36.11940298507477,21.75046919048251,51.13350125944586,49.70781700272985,72.8291316526611,71.98879551820733
05/14/2025,1.1175,1.1185,1.1266,1.1165,-0.10%,1.12498,1.0995533333333332,1.0,1.123455312801892,1.1198736442863393,1.0826087480358542,-1.0361317747077614,1.1312217194570096,-0.01540000000000008,0.03200000000000003,43.78571173371629,53.83628475925561,52.28372222939559,34.70031545741286,25.748099816024695,48.114434330299005,46.064219735945095,72.05882352941174,70.28478057889826
05/15/2025,1.1189,1.1177,1.1229,1.117,0.13%,1.12395,1.1007016666666665,1.0,1.122627074110639,1.1198108285259303,1.0829698554138716,-0.9472379603399373,2.136010953902336,-0.010299999999999976,0.013900000000000023,45.1655133153057,54.217236069270584,52.36523516809824,39.11671924290203,36.64547922846321,44.283646888567276,47.843860826104056,73.03921568627453,72.64239028944915
05/16/2025,1.1164,1.1189,1.122,1.113,-0.22%,1.1226299999999998,1.1018783333333333,1.0,1.1214948788177956,1.1195907750726444,1.0833024940271478,-1.3345117101193011,2.384446074834925,-0.013199999999999878,0.02090000000000014,43.06804898495038,53.4031490779275,52.20518265254814,31.230283911671926,35.01577287066226,40.665701881331465,44.35459436673259,71.28851540616252,72.12885154061628
05/19/2025,1.1244,1.117,1.1289,1.117,0.72%,1.12192,1.103175,1.0,1.1220230826691056,1.1199010476486029,1.083711424871405,-1.1081794195250612,2.628696604600234,-0.007099999999999884,0.03400000000000003,51.136332688838124,55.60960707947129,52.67042469237119,56.466876971608805,42.271293375394244,51.89504373177854,45.6147975005591,76.89075630252107,73.7394957983194
05/20/2025,1.1283,1.1238,1.1287,1.1218,0.35%,1.1210499999999999,1.1044583333333333,1.0,1.1231643403656317,1.1204429155422413,1.0841550927545587,-0.15044247787608964,3.031686603963119,-0.00869999999999993,0.03270000000000017,54.61988842663849,56.644932416184965,52.895079624814365,69.4267515923571,52.37463749187927,55.97579425113482,49.512179954748284,79.62184873949587,75.93370681605984
05/21/2025,1.1331,1.1283,1.1363,1.128,0.43%,1.1213600000000001,1.1058716666666666,1.0,1.124970823935517,1.12125950163629,1.0846421072666332,0.9173494834342693,1.196749129231051,0.0031000000000001027,0.038000000000000034,58.65109318777051,57.89524579045538,53.17003406801129,89.26174496644266,71.71845784346952,61.489698890649734,56.45351229118771,82.98319327731095,79.83193277310932
05/22/2025,1.1281,1.1332,1.1346,1.1255,-0.44%,1.12189,1.1073449999999998,1.0,1.1255397650381502,1.121700824111368,1.0850745245577484,0.29338549075391895,-0.6954225352112496,0.005300000000000082,0.008400000000000185,53.18308584269148,56.150295423356674,52.847094493024045,72.48322147651017,77.0572393451033,42.43614931237738,53.30054748472065,79.48179271708692,80.6956115779646
05/23/2025,1.1365,1.1281,1.1376,1.1279,0.74%,1.1230600000000002,1.108995,1.0,1.1275325350312138,1.1226556096525702,1.0855862213556637,2.4981962481962534,0.14098158428055738,0.011700000000000044,0.000500000000000167,60.12283844042156,58.33285667923353,53.32574434884892,96.46302250803896,86.06932965033059,58.939096267190685,54.28831482340595,85.36414565826337,82.60971055088709
05/26/2025,1.1388,1.1366,1.1419,1.136,0.20%,1.12606,1.1104983333333334,1.0,1.1295811650255385,1.123697183223372,1.086115712228139,1.8058287144645087,0.9484974736282183,0.030000000000000027,0.0039000000000000146,61.84357702990277,58.91213220639909,53.4557615676174,90.74626865671674,86.56417088042194,63.457760314341904,54.94433529797001,86.97478991596643,83.94024276377225
05/27/2025,1.1329,1.1388,1.1408,1.1323,-0.52%,1.1274899999999999,1.1116733333333333,1.0,1.1301845895663498,1.124290913337993,1.0865812279973859,1.3780760626398283,-0.6053693630461402,0.01429999999999998,0.0047999999999999154,55.070425958977644,56.816042492082204,53.07459809053306,68.85813148788955,85.35580755088175,51.866404715127715,58.08775376555345,82.84313725490199,85.06069094304394
05/28/2025,1.1293,1.1329,1.1346,1.1283,-0.32%,1.12867,1.1125116666666668,1.0,1.1300237550997407,1.124614080219413,1.087006290828482,0.9294843149521821,-0.6160344979318945,0.011800000000000033,-0.010499999999999954,51.26400616454787,55.568072327809006,52.843532112074506,56.40138408304506,72.00192807588377,44.793713163064744,53.37262606417813,80.32212885154061,83.38001867413637
05/29/2025,1.1372,1.1296,1.1385,1.121,0.70%,1.1305,1.1134933333333334,1.0,1.131328526899788,1.1254260750439669,1.0875057312129353,1.863131494088134,-0.1667983495742264,0.018299999999999983,0.0008999999999999009,58.29294623400779,57.678368779681236,53.29201096645069,83.73702422145351,69.66551326412936,60.31434184675831,52.32481990831693,85.85434173669468,83.00653594771245
05/30/2025,1.1348,1.1366,1.1391,1.1313,-0.21%,1.1323400000000001,1.1143533333333333,1.0,1.1319597038270992,1.126030844395969,1.0879763214112628,0.9249377445748812,-1.4331625119430176,0.018399999999999972,-0.0042999999999999705,55.58678771839535,56.8300987344889,53.13771143098592,71.48594377510078,70.54145069319976,55.599214145383144,53.569089718402076,84.17366946778715,83.45004668534084
06/02/2025,1.1442,1.1343,1.1451,1.1343,0.83%,1.13432,1.1153699999999998,1.0,1.134185212222172,1.127203047983326,1.0885357615396223,1.4091996809359235,0.1926444833625396,0.01980000000000004,-0.007099999999999884,63.05142947209437,59.25785413910889,53.66578911144061,96.26556016597551,83.82950938750993,78.05383022774339,64.65579540662829,90.7563025210085,86.92810457516346
06/03/2025,1.1372,1.1441,1.1456,1.1364,-0.61%,1.13521,1.1161266666666667,1.0,1.1347333554545045,1.127848012629563,1.0890199832809326,0.36183920218868526,0.5037560760053061,0.008899999999999908,-0.0047999999999999154,55.35356816038577,56.79723438256777,53.216969768583894,65.85365853658546,77.86838749255391,78.51662404092076,70.72322280468244,85.85434173669468,86.92810457516346
06/04/2025,1.1418,1.1374,1.1435,1.1357,0.40%,1.13608,1.1170133333333334,1.0,1.1360181999173218,1.1287481408470104,1.0895451580739113,1.2144313447389259,0.254631662130117,0.00869999999999993,0.010299999999999976,59.00778112754373,57.98328634250617,53.473954251109014,84.55284552845515,82.2240214103387,90.28132992327357,82.28392806397925,89.07563025210081,88.56209150326801
06/05/2025,1.1445,1.1418,1.1496,1.1404,0.24%,1.13772,1.1180016666666668,1.0,1.1375603453868994,1.1297643898246226,1.0900919729340393,0.7039155301363842,0.7039155301363842,0.01639999999999997,0.005600000000000049,61.08502405120784,58.67219820314504,53.62423125405573,82.16783216783256,77.52477874429104,88.16705336426939,85.65500244282124,90.96638655462192,88.63211951447249
06/06/2025,1.1395,1.1445,1.1458,1.137,-0.44%,1.13802,1.1188616666666666,1.0,1.1379130098620085,1.1303924937069052,1.0905835955501793,0.06146821215313689,-0.23638592190510826,0.0029999999999998916,0.0029999999999998916,55.31722672895481,56.88541441194084,53.30379791531097,64.68531468531464,77.13533079386745,76.56612529002315,85.00483619252205,87.46498599439775,89.16900093370685
06/09/2025,1.1421,1.14,1.1439,1.1386,0.23%,1.13835,1.1196949999999999,1.0,1.1386742807961887,1.1311478166935565,1.0910961970604975,0.8120752052255164,0.3073950465483784,0.0032999999999998586,-0.00010000000000021103,57.628795840611076,57.58033232491878,53.44917109749383,73.77622377622353,73.54312354312356,82.59860788863091,82.44392884764116,89.28571428571422,89.23902894491131
06/10/2025,1.1425,1.1423,1.1449,1.1373,0.04%,1.1393099999999998,1.1204983333333334,1.0,1.1393698661059726,1.131880215616553,1.0916076781520718,1.1688656689985037,0.8473828228440332,0.009600000000000053,0.0039000000000000146,58.00020962617186,57.68886832993976,53.47156783286734,75.17482517482554,71.21212121212123,83.526682134571,80.8971384377417,89.56582633053227,88.77217553688143
06/11/2025,1.1488,1.1427,1.15,1.1405,0.55%,1.1412600000000002,1.1214766666666667,1.0,1.1410844359048866,1.1329718146090337,1.0921767564939617,1.0200492437566,1.7357421183138562,0.019500000000000073,0.015900000000000025,63.586100539461874,59.38214292408947,53.82324019048138,95.8620689655177,81.60437263885558,97.24137931034512,87.78888977784902,93.97759103641461,90.94304388422039
06/12/2025,1.1585,1.1492,1.1632,1.1485,0.84%,1.1433900000000001,1.1226999999999998,1.0,1.1442509021039982,1.1346187943116768,1.0928366898536406,2.0884737398660604,2.558427762039673,0.021300000000000097,0.029300000000000104,70.3355747338502,61.81607134787578,54.357068314267686,85.26645768025102,85.43445060686474,91.71075837742518,90.82627327411377,96.83714670255725,93.46018802316807
06/13/2025,1.1553,1.1582,1.1615,1.1489,-0.28%,1.14544,1.1239316666666668,1.0,1.14625982899418,1.1359530656464072,1.0934582158764448,0.9701101206082754,2.1034025629695132,0.020499999999999963,0.025700000000000056,65.86085488226435,60.577269093217616,54.1495159253537,72.66435986159156,84.59762883578675,86.06701940035269,91.67305236270768,94.68371467025571,95.16615080307588
06/16/2025,1.1562,1.1537,1.1615,1.1523,0.08%,1.14664,1.1252016666666667,1.0,1.14806713281342,1.1372593194756713,1.0940825127815563,1.6707703130495872,1.6886543535619951,0.011999999999999789,0.024699999999999944,66.5263485409483,60.805796461417195,54.198948884204924,74.54545454545419,77.49209069576558,87.65432098765412,88.47736625514399,95.28936742934043,95.60340960071782
06/17/2025,1.1481,1.1567,1.1578,1.1475,-0.70%,1.14773,1.1263516666666669,1.0,1.1480731086655254,1.1379587182191762,1.094620000681688,0.5517603783499714,1.6017699115044255,0.01089999999999991,0.011099999999999888,55.67358234559129,57.69211800363319,53.67550724523896,45.09090909090884,64.10024116598485,73.36860670193983,82.36331569664888,89.83849259757731,93.27052489905783
06/18/2025,1.1481,1.1481,1.153,1.1461,0.00%,1.14836,1.1275666666666666,1.0,1.1480779979990663,1.1386129944631003,1.0951521404342996,0.31454783748360204,2.253295333095821,0.006299999999999972,0.018100000000000005,55.67358234559129,57.69211800363319,53.67550724523896,42.36641221374003,54.00092528336768,73.36860670193983,78.1305114638446,89.83849259757731,91.65545087483171
06/19/2025,1.1495,1.1484,1.15,1.1446,0.12%,1.14886,1.1287233333333335,1.0,1.1483365438174178,1.1393153819170938,1.095692915615047,0.8775778850372978,2.1959459459459407,0.004999999999999893,0.026699999999999946,57.16468227833473,58.08907689809505,53.75348187097912,47.709923664121966,45.0557483229236,75.83774250440908,74.19165196942959,90.78061911170926,90.15253476895465
06/20/2025,1.1523,1.1495,1.1544,1.149,0.24%,1.15014,1.1298833333333334,1.0,1.1490571722142509,1.1401530992127653,1.0962561706590561,0.8930916732335357,3.923160173160182,0.012800000000000145,0.02750000000000008,60.14405421098085,58.88717238110045,53.90942336218127,57.91505791505832,49.330464597640095,80.7760141093476,76.66078777189885,92.66487213997314,91.09466128308658
06/23/2025,1.1578,1.1481,1.1582,1.1452,0.48%,1.15171,1.1311516666666668,1.0,1.1506467772662052,1.141291608940974,1.0968685475795583,1.3391684901531615,3.504380475594484,0.015700000000000047,0.04899999999999993,65.3969549733273,60.41877049167706,54.21420930885024,79.1505791505789,61.59185357658638,90.14598540145971,82.25324733840547,96.3660834454912,93.27052489905788
06/24/2025,1.161,1.1577,1.1642,1.1574,0.28%,1.1535600000000001,1.1325133333333333,1.0,1.1525291813996223,1.1425631180415563,1.097506672009517,1.0619777158774362,3.892617449664438,0.01849999999999996,0.04239999999999999,68.11373518160269,61.28680508735246,54.39056994229984,86.4978902953591,74.52117578699877,93.75000000000024,88.22399983693587,97.86096256684502,95.63063938410313
06/25/2025,1.166,1.161,1.1666,1.159,0.43%,1.15528,1.133855,1.0,1.1549784211451457,1.1440751749421012,1.0981881982165858,0.6473888649115096,4.209491464831524,0.017199999999999882,0.04849999999999999,71.93868484964311,62.61212822877524,54.66479269290746,97.27272727272657,87.6403989062215,98.88059701492509,94.25886080546168,99.60526315789463,97.94410305674364
06/26/2025,1.17,1.1659,1.1745,1.1654,0.34%,1.15643,1.1349383333333334,1.0,1.1577096173005739,1.1457477443006754,1.0989027440845007,1.2723967800571225,4.8011465424578885,0.011499999999999844,0.05109999999999992,74.64249432110775,63.64221411940668,54.882893355178474,84.94983277591918,89.5734834480016,92.68292682926803,95.10450794806445,97.18574108818001,98.21732227097324
06/27/2025,1.172,1.1696,1.1755,1.1681,0.17%,1.1581,1.1362133333333333,1.0,1.1603078687004693,1.1474414382167608,1.0996300805452754,1.3665455803494237,4.2333689078619585,0.016699999999999937,0.05559999999999987,75.93090782714731,64.15305785274874,54.99170137288347,88.67313915857584,90.29856640240719,94.01709401709391,95.19353928709569,97.82473586078306,98.20524670228592
06/30/2025,1.1787,1.172,1.1789,1.1705,0.57%,1.16035,1.137685,1.0,1.1636518925731112,1.149458119622131,1.1004168465352233,2.6652730598380097,4.466897101834618,0.022500000000000187,0.054300000000000015,79.7590045485236,65.81747743058179,55.35421293899085,99.41690962099132,91.01329385182878,99.65457685664944,95.45153256767047,99.87827145465613,98.2962494678731
07/01/2025,1.1807,1.1787,1.1831,1.1761,0.17%,1.16361,1.1391033333333334,1.0,1.166751548468909,1.1514737248078,1.1012156845086316,2.839473913422192,4.200864883946703,0.032600000000000184,0.0524,80.77324708567996,66.3006592177208,55.46183312084301,93.76623376623388,93.95209418193367,96.13526570048316,96.60231219140884,98.57566765578638,98.75955832374187
07/02/2025,1.1799,1.1803,1.1811,1.1747,-0.07%,1.16679,1.1405166666666668,1.0,1.1691421760200165,1.1533076780460063,1.101998613627927,2.6446280991735525,4.591791507845035,0.03180000000000005,0.04679999999999995,79.01358529410793,65.91511454568516,55.408139373458276,91.68831168831144,94.95715169184554,94.8470209339773,96.87895449703664,98.10089020771508,98.85160977271921
07/03/2025,1.1757,1.1799,1.1811,1.1718,-0.36%,1.1694099999999998,1.1414499999999999,1.0,1.1703345076527407,1.154752343978522,1.1027319613188573,2.0307211663629143,3.4491860976682704,0.0262,0.047599999999999865,70.10465952004192,63.89711677790148,55.126543374607465,80.47493403693913,88.64315983049482,88.08373590982276,93.02200751476107,95.60830860534121,97.42828882294758
07/04/2025,1.1779,1.1757,1.1788,1.1753,0.19%,1.17197,1.1421483333333335,1.0,1.1717100517158787,1.156245741141198,1.1034799025705904,1.7360511314562108,3.433438707411302,0.025599999999999845,0.04139999999999988,71.94566241555532,64.48627046571093,55.24628147085117,86.27968337730849,86.14764303418634,91.62640901771321,91.5190552871711,96.91394658753704,96.8743818001978
07/07/2025,1.1709,1.1779,1.1791,1.1687,-0.59%,1.1732799999999999,1.1427483333333333,1.0,1.171562769585719,1.1571911771966044,1.1041507498158667,0.8527131782945754,3.354223673757616,0.013100000000000112,0.03210000000000002,59.082623373043646,61.199041535298896,54.778860603152026,52.52918287937758,73.09460009787506,80.35426731078908,86.68813741277502,92.75964391691396,95.09396636993075
07/08/2025,1.1726,1.171,1.1766,1.1683,0.15%,1.17444,1.14349,1.0,1.17175135693377,1.1581852947968234,1.104831837389666,0.5660377358490705,3.8342335960329508,0.011600000000000055,0.03970000000000007,60.96580650232417,61.68966997785507,54.87205255911995,56.431535269709755,65.08013384213193,83.09178743961361,85.02415458937197,93.7685459940653,94.48071216617211
07/09/2025,1.1721,1.1726,1.173,1.169,-0.04%,1.17505,1.1440283333333334,1.0,1.1718147465821755,1.1590830177131575,1.1055011728345892,0.1794871794871787,3.0689412592331986,0.006099999999999994,0.04279999999999995,60.06243521408476,61.453241707715094,54.838646775940994,37.85310734463226,48.93794183123985,82.28663446054732,81.91089640365,93.4718100890207,93.33333333333333
07/10/2025,1.17,1.1721,1.175,1.1662,-0.18%,1.17505,1.14459,1.0,1.1714847926581438,1.1597873391510183,1.1061429526779172,-0.17064846416382268,3.1018681706027404,0.0,0.03279999999999994,56.17778974449846,60.446699257181606,54.69808450028557,22.485207100591683,38.92328323831122,74.71042471042453,80.02961553686184,92.22551928783376,93.1552917903066
07/11/2025,1.169,1.1701,1.1715,1.1665,-0.09%,1.17475,1.1450883333333333,1.0,1.1710330121748451,1.1603817043670817,1.106768396386931,-0.8229405277000119,2.1674532424401267,-0.0029999999999998916,0.03420000000000001,54.318966284423524,59.96289039456387,54.6310683666551,16.568047337278774,25.635453927500894,71.10655737704916,76.03453884934034,91.63204747774482,92.44312561819977
07/14/2025,1.1665,1.1682,1.1698,1.165,-0.21%,1.17353,1.1453416666666667,1.0,1.1702088281430552,1.1607764331175925,1.1073627411268132,-1.2026763784195806,2.5765036932817535,-0.012199999999999989,0.022299999999999986,49.74666377331142,58.746847044199136,54.46340854635867,8.28729281767987,15.780182418516766,64.9789029535867,70.26529501368681,90.14836795252229,91.33531157270029
07/15/2025,1.1601,1.1667,1.1694,1.1592,-0.55%,1.17147,1.1456433333333331,1.0,1.1683708593897724,1.1607327922712962,1.1078874903431066,-1.6781083142639244,1.6027325275880175,-0.020600000000000174,0.02289999999999992,40.136685226324985,55.75255278324303,54.036735419212064,4.1095890410954325,9.654976398684683,51.476793248944986,62.520751193193625,86.35014836795246,89.37685459940654
07/16/2025,1.1635,1.16,1.1722,1.1562,0.29%,1.16983,1.1461766666666666,1.0,1.1674852485916318,1.1609113218021803,1.1084408490363031,-1.037679680190524,1.6601135867190828,-0.01639999999999997,0.021700000000000053,46.264127091569065,56.958206189854934,54.22818941174599,29.31726907630539,13.904716978360222,57.483731019522665,57.97980907401813,88.36795252225517,88.28882294757665
07/17/2025,1.1596,1.1641,1.1644,1.1557,-0.34%,1.16822,1.1465216666666669,1.0,1.1660515670295168,1.1608267203955882,1.108949895668066,-1.5536123609814063,1.7639315489249678,-0.016100000000000003,0.015099999999999891,40.925216972186746,55.17426807239075,53.96903368420649,16.666666666666664,16.69784159468915,49.02386117136646,52.661461813278045,86.05341246290797,86.92383778437188
07/18/2025,1.1626,1.1595,1.1673,1.1591,0.26%,1.16669,1.1469566666666668,1.0,1.1654240093877866,1.1609411255313569,1.1094837279190068,-0.7088564352207681,1.7949391471850267,-0.01529999999999987,0.02310000000000012,46.22883036764398,56.264300610596266,54.13847439779541,29.487179487179926,25.15703841005065,55.24017467248923,53.915922287792796,87.8338278931751,87.41839762611278
07/21/2025,1.1696,1.1627,1.1718,1.1614,0.60%,1.16656,1.1474133333333334,1.0,1.1661832804081889,1.16149976259385,1.1100819001876956,-0.25584171925636306,2.3719912472647615,-0.0013000000000000789,0.02750000000000008,56.38139516140624,58.68910504847556,54.530972041806244,66.5071770334925,37.55367439577969,70.5240174672488,58.26268443703484,91.9881305637982,88.62512363996045
07/22/2025,1.1755,1.1696,1.1761,1.1679,0.50%,1.1668499999999997,1.1480283333333334,1.0,1.1678772294248816,1.1624030037168271,1.1107328269926755,0.2900776384267614,2.324164345403895,0.0028999999999999027,0.03299999999999992,62.93527572209277,60.59403846330389,54.858235846365815,97.05882352941208,64.35106001669483,82.15962441314541,69.30793885096115,95.48961424332342,91.77052423343225
07/23/2025,1.1772,1.1754,1.1776,1.171,0.14%,1.16736,1.1487666666666667,1.0,1.1695722786203575,1.1633576486383221,1.1113941923395094,0.6153846153846235,1.6141562365127267,0.0051000000000001044,0.02839999999999998,64.63640590197342,61.12831818862337,54.952128240251106,98.17351598173536,87.24650551487997,84.67532467532463,79.11965551857297,96.49851632047476,94.65875370919882
07/24/2025,1.1755,1.1772,1.179,1.173,-0.14%,1.16791,1.1495383333333333,1.0,1.1706500461439289,1.1641410261455272,1.1120320614938255,0.5560307955517494,1.7484636025274818,0.00550000000000006,0.016999999999999904,61.50015721667759,60.282799071971986,54.83749609491088,84.978540772532,93.40362676122648,80.25974025974011,82.36489644940339,95.48961424332342,95.82591493570722
07/25/2025,1.1742,1.1749,1.1761,1.1703,-0.11%,1.16843,1.1502816666666669,1.0,1.1712954922995782,1.1647899922006544,1.112650648351195,0.6600942991855823,1.5568240788790881,0.005199999999999871,0.018899999999999917,59.06506237272687,59.630321151489824,54.749720221855384,79.39914163090079,87.51706612838937,76.88311688311653,80.60606060606044,94.71810089020765,95.56874381800196
07/28/2025,1.1589,1.1748,1.1773,1.1585,-1.30%,1.16767,1.1507383333333334,1.0,1.1690417664269277,1.1644099927038378,1.1131108412028978,-0.10343935867596482,0.9406846093545983,-0.007600000000000051,0.0027000000000001467,38.91543211280555,52.687283035962025,53.7323974690559,13.733905579399478,59.37052932761075,37.14285714285711,64.76190476190459,85.63798219584571,91.94856577645895
07/29/2025,1.1546,1.159,1.16,1.1517,-0.37%,1.1671200000000002,1.1510316666666667,1.0,1.166415990712941,1.1637770899487514,1.113523668918269,-0.7649333906317067,0.5661527741486084,-0.005499999999999838,0.006500000000000172,35.168898010688125,50.96211990540366,53.451858235935525,10.62271062271104,34.58525261100376,25.97402597402601,46.666666666666565,83.08605341246293,87.81404549950544
07/30/2025,1.1406,1.1546,1.1573,1.1401,-1.21%,1.16483,1.1512083333333334,1.0,1.161722174219679,1.1622817938230254,1.1137930853189357,-1.6384960331148593,-0.7742496737711968,-0.02289999999999992,-0.00749999999999984,26.08432520745579,45.90013165677417,52.55401648037843,1.2853470437022234,8.54732108193757,1.1627906976748028,21.426557938185983,74.77744807121664,81.16716122650844
07/31/2025,1.1416,1.1406,1.1461,1.1403,0.09%,1.16303,1.1515216666666668,1.0,1.1580635970888284,1.1609474845441208,1.1140697712110195,-1.8062962325821545,-0.928577627354001,-0.018000000000000016,-0.007900000000000018,27.56922898649799,46.29430676474928,52.6111593385118,3.856041131105529,5.254699599172921,3.4883720930233757,10.208396254908072,75.3709198813056,77.74480712166174
08/01/2025,1.1586,1.1415,1.1597,1.1391,1.49%,1.16263,1.152085,1.0,1.1581611248908597,1.160796033928371,1.1145128583402983,-0.9404924760601828,0.06909656244602988,-0.0040000000000000036,0.006299999999999972,47.493460352199804,52.39423485122145,53.566632574407755,48.872180451127946,18.00452287531189,44.31818181818195,16.323114869626718,85.45994065281903,78.53610286844712
08/04/2025,1.1571,1.1578,1.1597,1.1549,-0.13%,1.16138,1.15289,1.0,1.1579681930925214,1.1605575801265406,1.1149366112546342,-1.565291365376433,-0.33591731266149993,-0.012499999999999956,-0.0006999999999999229,46.24626366903945,51.85661640822285,53.471027657121276,45.112781954887204,32.613667845706885,40.909090909090914,29.57188160676542,84.56973293768546,81.80019782393671
08/05/2025,1.1576,1.1571,1.1589,1.1527,0.04%,1.1595900000000001,1.15354,1.0,1.1579012488938811,1.1603667685054735,1.115361122844305,-1.6649677200135968,-0.7204116638078871,-0.017900000000000027,-0.0034000000000000696,46.76404031428313,52.026360756598315,53.49883153771925,46.36591478696727,46.783625730994125,42.04545454545442,42.424242424242436,84.86646884272993,84.96538081107816
08/06/2025,1.166,1.1573,1.1669,1.1564,0.73%,1.1584699999999999,1.1543483333333335,1.0,1.1593737490949938,1.160730202795443,1.115864992572947,-0.8081667375584913,-0.34188034188034216,-0.011200000000000099,0.0,54.87730434732175,54.79626990814824,53.963317057180525,67.41854636591452,52.96574770258965,61.13636363636341,48.030303030302925,89.85163204747768,86.42927794263103
08/07/2025,1.1666,1.166,1.17,1.1611,0.05%,1.15758,1.1551433333333336,1.0,1.160687612895904,1.1611088993892853,1.1163698188192468,-0.6472491909384968,-0.460750853242308,-0.008899999999999908,-0.0033999999999998476,55.4165585839665,54.98830625541842,53.996304596149095,71.98952879581171,61.924663316231154,62.50000000000012,55.22727272727266,90.20771513353118,88.30860534124628
08/08/2025,1.164,1.1666,1.168,1.1629,-0.22%,1.15656,1.1559366666666664,1.0,1.1612898650966486,1.1612954220093314,1.116843751250766,0.44007248252652365,-1.2471366759989952,-0.010199999999999987,-0.008000000000000007,52.40132878090116,53.96068756945377,53.82832529223458,65.1832460732982,68.19710707834146,56.59090909090886,60.07575757575748,88.66468842729964,89.57467853610285
08/11/2025,1.1616,1.1642,1.1677,1.159,-0.21%,1.15683,1.1565566666666667,1.0,1.1613462532608942,1.1613150722022778,1.1172890873201378,0.6062705698943266,-1.617684424493954,0.0026999999999999247,-0.017100000000000115,49.631616422138976,53.014627923183966,53.67342015465407,72.81553398058259,69.99610294989749,51.13636363636351,56.74242424242417,87.24035608308601,88.70425321463897
08/12/2025,1.1673,1.1616,1.1698,1.1598,0.49%,1.1581,1.1572066666666667,1.0,1.1624287526680044,1.1617011965763244,1.1177867086304822,2.3408732246186172,-1.0678871090770359,0.012699999999999934,-0.013400000000000079,55.797063758413685,54.954954979067885,53.98946793332248,91.26213592233032,76.4203053254037,67.1428571428571,58.290043290043165,90.62314540059346,88.84272997032639
08/13/2025,1.1706,1.1675,1.1731,1.1668,0.28%,1.1610999999999998,1.1578316666666668,1.0,1.1639144340010945,1.162275312926239,1.1183122143190396,2.540294323756144,-0.43378412860422577,0.030000000000000027,-0.009299999999999864,59.02360279972397,56.042158789976504,54.17138574887069,92.64705882352958,85.57490957548082,75.00000000000013,64.42640692640691,92.58160237388728,90.14836795252226
08/14/2025,1.1648,1.1706,1.1716,1.1631,-0.50%,1.16342,1.1584433333333335,1.0,1.1640754460008955,1.162438195963256,1.1187747796136973,0.5351286034869656,-1.1121487392817633,0.02320000000000011,-0.01089999999999991,51.65968245538238,53.686219609322286,53.79567268823405,75.58823529411775,86.4991433466592,64.25000000000009,68.79761904761911,89.13946587537095,90.78140454995058
08/15/2025,1.1698,1.1649,1.1715,1.1646,0.43%,1.1645400000000001,1.1589983333333334,1.0,1.1651162740007326,1.1629131510624005,1.1192824935351866,1.0975715149943768,-0.0939448287642071,0.011199999999999877,-0.008099999999999996,56.81988408913014,55.359777859798854,54.071658047883545,83.82352941176428,84.0196078431372,76.7499999999998,72.00000000000001,92.10682492581597,91.27596439169143
08/18/2025,1.1661,1.1694,1.1719,1.1656,-0.32%,1.1654399999999998,1.1594533333333332,1.0,1.1652951332733266,1.163118754219665,1.1197483396302843,0.7342778161713849,-0.554323725055447,0.008999999999999897,-0.0048000000000001375,52.23519777281222,53.869629308944965,53.832515580168426,65.6862745098033,75.03267973856177,67.66917293233054,69.55639097744348,89.91097922848658,90.38575667655785
08/19/2025,1.1647,1.166,1.1693,1.1639,-0.12%,1.16615,1.1599833333333331,1.0,1.1651869272236308,1.163220770076461,1.1201956200797676,-0.11149228130358979,-0.6313454483405726,0.007100000000000106,-0.007900000000000018,50.52136607661446,53.30796490924045,53.74212875846329,49.70059880239524,66.40346757465426,64.16040100250636,69.52652464494558,89.08011869436204,90.36597428288822
08/20/2025,1.1652,1.165,1.1674,1.1622,0.04%,1.16607,1.1605816666666664,1.0,1.1651893040920616,1.1633484623295924,1.1206434250997237,-0.12000685753472207,-0.4102564102564031,-0.0007999999999999119,-0.006899999999999906,51.15728851906008,53.48713734806847,53.76999018276983,43.97163120567363,53.11950150595738,65.41353383458642,65.74770258980779,89.37685459940651,89.45598417408506
08/21/2025,1.1606,1.1653,1.1664,1.16,-0.39%,1.16547,1.1609716666666665,1.0,1.1643548851662322,1.163171142179296,1.1210410031744589,-0.2920962199312584,-0.7185628742514938,-0.006000000000000005,-0.009399999999999853,45.216685958487886,51.60257353557526,53.4721999357452,11.347517730496778,35.006582579521876,53.88471177944874,61.152882205513855,86.64688427299706,88.36795252225522
08/22/2025,1.1717,1.1606,1.1744,1.1583,0.96%,1.16624,1.1615866666666668,1.0,1.1656903605905538,1.1637213910709545,1.121545073064528,0.8694903581267215,0.445777968281172,0.00770000000000004,0.0026999999999999247,58.22365391797462,55.515143283205106,54.0888387486101,83.22981366459537,46.18298753358858,81.70426065162889,67.00083542188803,93.23442136498512,89.75272007912959
08/25/2025,1.1618,1.1717,1.1729,1.1602,-0.84%,1.1662599999999999,1.16188,1.0,1.1649830223013622,1.1635974303566994,1.121945619813546,-0.4711727919129667,0.14653909145763597,0.00019999999999997797,-0.0047000000000001485,47.133715136523435,51.661741131852935,53.453820473396405,21.73913043478159,38.77215394329124,56.892230576440895,64.16040100250619,87.3590504451038,89.08011869436201
08/26/2025,1.1643,1.162,1.1667,1.1601,0.22%,1.16596,1.1623316666666665,1.0,1.1648588364283872,1.1636427574304606,1.122367056653515,-0.5381855458739273,0.06875805758486565,-0.0030000000000001137,0.0041999999999999815,49.815720780880795,52.52263097834096,53.59209820081052,37.267080745340266,47.412008281572405,63.157894736841754,67.25146198830386,88.84272997032633,89.81206726013845
08/27/2025,1.1639,1.1643,1.1649,1.1574,-0.03%,1.1652900000000002,1.1626999999999998,1.0,1.164684502532317,1.1636593537252697,1.1227803199861408,-0.07726648351649407,0.37081752328388845,-0.00670000000000015,0.00039999999999995595,49.370448722291385,52.3682591814538,53.56650889891978,38.23529411764648,32.41383509925611,62.15538847117771,60.735171261486805,88.60534124629075,88.26904055390698
08/28/2025,1.1683,1.1639,1.1698,1.1629,0.38%,1.1656399999999998,1.1630966666666667,1.0,1.1653418657082593,1.163958750259123,1.1232332523586042,-0.1282270473585277,0.49028040598656597,0.0034999999999998366,0.00869999999999993,54.35682499794959,53.90976906210295,53.810330476404204,64.11764705882253,46.540007307269754,73.18295739348335,66.16541353383428,91.21661721068241,89.55489614243318
08/29/2025,1.1686,1.1683,1.171,1.1651,0.03%,1.1655200000000001,1.1635816666666665,1.0,1.165934253761303,1.1642581857262766,1.123684663012825,0.2143898464968844,-0.08549931600546254,-0.0011999999999998678,0.006000000000000005,54.694854470575194,54.01473789292166,53.826944503400334,65.88235294117656,56.078431372548515,73.93483709273195,69.75772765246437,91.39465875370922,90.40553907022748
09/01/2025,1.1711,1.1686,1.1738,1.1685,0.21%,1.16602,1.1640650000000001,1.0,1.166873480350157,1.164699593098775,1.1241564576486271,0.5494977247359801,-0.3743088047639268,0.0050000000000001155,0.0015000000000000568,57.602210260869604,54.90019624464476,53.96562264192091,80.58823529411731,70.19607843137213,80.2005012531328,75.77276524644938,92.87833827893175,91.82987141444114
09/02/2025,1.164,1.1711,1.1719,1.1612,-0.61%,1.16595,1.1644233333333334,1.0,1.166351029377401,1.1646544580601443,1.1245529110042891,-0.10298661174048146,-1.1213047910295701,-0.000700000000000145,-0.011500000000000066,47.90201892072332,51.960743863849245,53.506926954600154,38.82352941176406,61.76470588235264,62.40601503759372,72.1804511278195,88.66468842729964,90.97922848664689
09/03/2025,1.1662,1.1643,1.1684,1.1608,0.19%,1.1660499999999998,1.164713333333333,1.0,1.166323569490601,1.1647541704433608,1.124967310104607,0.4825090470446171,-0.7911527009783145,0.0009999999999998899,-0.01100000000000012,50.757026373368724,52.77130553162755,53.62966774729595,51.76470588235208,57.05882352941114,67.91979949874654,70.17543859649103,89.97032640949547,90.50445103857562
09/04/2025,1.165,1.1661,1.167,1.163,-0.10%,1.16649,1.1648216666666669,1.0,1.1660829204923098,1.1647700304147568,1.1253656455223853,-0.5718187249295834,-0.7835121785045032,0.0043999999999999595,-0.010499999999999954,49.12544439219689,52.27362094122476,53.552165696539426,44.705882352941146,45.09803921568575,67.80104712041891,66.04228721891974,89.25816023738872,89.29772502472797
09/05/2025,1.1719,1.1649,1.1761,1.1646,0.59%,1.16651,1.1650983333333331,1.0,1.1671405713118899,1.1652300284525143,1.1258286741494912,0.8693406782578756,1.1217533868323324,0.00019999999999997797,-0.0022999999999999687,57.79342905799326,54.808759605838205,53.93685177417341,77.54010695187168,58.00356506238828,85.86387434554955,73.86157365490502,93.35311572700292,90.86053412462905
09/08/2025,1.1764,1.1719,1.1766,1.1702,0.38%,1.16797,1.1654349999999998,1.0,1.168824103800637,1.1659506717781585,1.1263318716630155,1.0392510521343297,1.8880997748137724,0.014599999999999946,0.01749999999999985,62.431736584919875,56.372241349660314,54.18555634042945,98.95833333333229,73.73477421271502,99.46666666666614,84.37719604421154,96.02373887240347,92.87833827893172
09/09/2025,1.1708,1.1763,1.178,1.1703,-0.48%,1.16862,1.1658133333333331,1.0,1.1691833576550668,1.1662635316634387,1.1267743408118291,0.5928344359481166,2.647729265298966,0.006500000000000172,0.016199999999999992,54.1963743275464,53.96855332770341,53.82210751130027,65.04854368932092,80.51566132484162,81.49100257069438,88.94051452763671,92.70029673590507,94.0257171117705
09/10/2025,1.1695,1.1709,1.1732,1.1682,-0.11%,1.1691799999999999,1.16617,1.0,1.1692409289905092,1.1664723360722489,1.1271994719489187,0.10271334417530514,2.443938332165385,0.005600000000000049,0.028899999999999926,52.41305314974707,53.4215276887074,53.738011852595506,50.58139534883714,71.52942412383011,78.14910025706949,86.36892316481003,91.92878338278929,93.5509396636993
09/11/2025,1.1734,1.1695,1.1747,1.1663,0.33%,1.16969,1.1665683333333332,1.0,1.1699971237195075,1.166919282132104,1.1276591789096961,0.4107479034742354,1.2774037631624309,0.0051000000000001044,0.03180000000000005,57.116617717706504,54.842042313613256,53.954929155914996,73.25581395348856,62.9619176638822,88.17480719794358,82.60497000856917,94.24332344213647,92.9574678536103
09/12/2025,1.1734,1.1734,1.1749,1.1701,0.00%,1.17017,1.16692,1.0,1.1706158284977788,1.1673373929622908,1.1281143116676213,0.19639655025189723,1.4086941491660168,0.0047999999999999154,0.014799999999999924,57.116617717706504,54.842042313613256,53.954929155914996,73.25581395348856,65.69767441860473,81.81818181818198,82.7140297577317,94.24332344213647,93.47181008902078
09/15/2025,1.1761,1.1734,1.1775,1.1716,0.23%,1.1706699999999999,1.167225,1.0,1.1716129505890915,1.1679027224485947,1.128591781421135,1.0395189003436427,1.598134070490667,0.004999999999999893,0.018999999999999906,60.457190436013775,55.83982716085103,54.105411096590814,88.95348837209286,78.48837209302332,92.49011857707501,87.49436919773353,95.84569732937679,94.7774480712166
09/16/2025,1.1868,1.1764,1.1879,1.1757,0.91%,1.17295,1.167655,1.0,1.1743742323001658,1.1691219016454597,1.1291709679373025,1.766420854055923,1.7838765008576463,0.022800000000000153,0.029200000000000115,70.55662384317708,59.50773142070165,54.695127332497584,95.94095940959453,86.05008724505863,96.50793650793688,90.27207896773132,99.36526255049056,96.48476110733463
09/17/2025,1.1813,1.1868,1.1919,1.1808,-0.46%,1.17446,1.16791,1.0,1.1756334627910447,1.169907585410269,1.1296896650057406,1.3991416309012858,1.2600720041145153,0.015100000000000113,0.015300000000000091,61.57472120299669,56.990673637159595,54.33445506715887,63.321799307958585,82.73874902988199,69.27536231884073,86.09113913461756,94.02143260011283,96.41079749332675
09/18/2025,1.1788,1.1813,1.1849,1.1751,-0.21%,1.17584,1.1680566666666665,1.0,1.1762091968290367,1.1704812895773482,1.130178325271819,0.588787439201308,1.2714776632302531,0.013800000000000034,0.012199999999999989,57.8550332436578,55.879271812547195,54.17126739594932,52.014652014652206,70.42580357740177,62.028985507246674,75.93742811134145,92.61139311900739,95.33269608987028
09/19/2025,1.1746,1.1788,1.1793,1.1729,-0.36%,1.17611,1.1681000000000001,1.0,1.1759166155873937,1.1707470128304227,1.1306203321793102,-0.1530091805508162,1.1191460055096525,0.0027000000000001467,0.010600000000000165,51.992182046234575,54.047483306464855,53.89794799446571,32.42187500000068,49.25277544087047,49.85507246376845,60.38647342995196,90.2425267907502,92.29178416995683
09/22/2025,1.1803,1.1746,1.1805,1.1726,0.49%,1.1765,1.1681266666666665,1.0,1.176713594571504,1.1713633345832986,1.131114657446811,0.8114110010249267,1.1136811445215369,0.0039000000000000146,0.01869999999999994,58.355815317986384,56.06929892790691,54.213046034334724,54.6874999999999,46.37467567155091,66.3768115942027,59.42028985507263,93.45741680767058,92.1037789058094
09/23/2025,1.1816,1.1804,1.182,1.1779,0.11%,1.17758,1.1681416666666666,1.0,1.1776020319221394,1.1720237646101825,1.1316169993796266,1.0346301838392475,0.9396890483512641,0.01079999999999992,0.01429999999999998,59.70921145133191,56.520642351709746,54.28466577768397,59.7656250000002,48.95833333333358,70.14492753623193,62.12560386473438,94.19063733784547,92.6301936454221
09/24/2025,1.1738,1.1815,1.182,1.1728,-0.66%,1.17801,1.16804,1.0,1.1769107533908414,1.1721383604417837,1.132036730907657,0.03408897221748389,0.7726648351648263,0.0042999999999999705,0.0031999999999998696,49.07632165376277,53.132411301322314,53.77741919035863,29.296875000000167,47.91666666666674,47.53623188405792,61.35265700483087,89.79131415679639,92.47978943410418
09/25/2025,1.1667,1.1738,1.1755,1.1646,-0.60%,1.1773399999999998,1.16789,1.0,1.1750542527743248,1.1717874984777976,1.1323816392031103,-0.5709902846429119,-0.265002564540937,-0.006699999999999928,0.0019000000000000128,41.58632305298973,50.293419757219915,53.32160707844945,7.6923076923076925,32.25160256410267,26.9565217391307,48.212560386473534,85.78680203045693,89.9229178416996
09/26/2025,1.1702,1.1667,1.1708,1.1658,0.30%,1.1770200000000002,1.1677616666666666,1.0,1.174171661360811,1.1716850792211655,1.1327579414575186,-0.5016580222770186,0.35159934825486605,-0.0032000000000000917,0.00039999999999995595,46.092671103080946,51.611907296005015,53.516802002167026,20.51282051281997,19.167334401709265,37.10144927536212,37.19806763285026,87.76085730400447,87.77965783041928
09/29/2025,1.1727,1.1702,1.1756,1.17,0.21%,1.17668,1.1677916666666668,1.0,1.1739040865679362,1.1717505579810903,1.133155375039942,-1.1880687563195147,0.68687215591998,-0.0033999999999998476,0.006600000000000161,49.20280693547786,52.542085197979,53.65592397743122,29.670329670329785,19.291819291819134,44.34782608695682,36.13526570048323,89.17089678511006,87.57285203985718
09/30/2025,1.1734,1.1727,1.1763,1.1712,0.06%,1.17534,1.1678050000000002,1.0,1.1738124344646752,1.1718569735952136,1.1335558192330832,-0.6687547617032098,0.7037418468932359,-0.013400000000000079,0.00869999999999993,50.09850294709369,52.80487345651373,53.69492385907192,32.234432234432084,27.472527472527265,46.37681159420297,42.608695652173985,89.56570783981954,88.8324873096447
10/01/2025,1.173,1.1734,1.1779,1.1714,-0.03%,1.1745100000000002,1.1678199999999999,1.0,1.1736647191074616,1.1719307172342321,1.1339482988025353,-0.4920257889379052,1.0684128898845395,-0.008299999999999974,0.007800000000000029,49.54383889230972,52.63259249969867,53.66898616742236,41.37931034482744,34.42802408319642,45.21739130434803,45.31400966183596,89.34010152284269,89.35890204925745
10/02/2025,1.1716,1.1729,1.1759,1.1683,-0.12%,1.17379,1.1678466666666667,1.0,1.1732893156333777,1.1719093806384753,1.1343229427456543,-0.25540609569216016,-0.008534607834769052,-0.007200000000000095,0.010999999999999899,47.49874639072736,52.01811053144236,53.57794682281152,40.22988505747099,37.94787587891016,41.15942028985508,44.25120772946871,88.55047941342359,89.1520962586953
10/03/2025,1.1743,1.1715,1.1759,1.1713,0.23%,1.1737600000000001,1.167935,1.0,1.173473076427309,1.1720636141456704,1.1347207245676707,-0.5083453359315433,1.0759166810122187,-0.000300000000000189,0.0025999999999999357,51.7652900307859,53.11028239308189,53.7300776231068,55.74712643678102,45.78544061302647,48.9855072463766,45.120772946859915,90.07332205301745,89.32130099642792
10/06/2025,1.171,1.1743,1.1743,1.1651,-0.28%,1.17283,1.16801,1.0,1.1730234261677983,1.1719949938782077,1.1350817125246915,-0.8970886932972193,0.5754530619256335,-0.009299999999999864,0.009200000000000097,46.620249734320055,51.62454083321267,53.51465434771773,36.78160919540237,44.25287356321811,39.42028985507265,43.18840579710146,88.21206993795832,88.94529046813314
10/07/2025,1.1657,1.1713,1.1717,1.1648,-0.45%,1.1712399999999998,1.1681033333333335,1.0,1.1716918941372896,1.171588865240904,1.1353863722200213,-0.6900664508434142,0.15465246155168175,-0.015900000000000025,0.0014000000000000679,39.59708623922293,49.33168979882847,53.170553937260635,6.321839080459125,32.950191570880826,24.057971014492697,37.487922705314,85.22278623801466,87.83605940966349
10/08/2025,1.1628,1.1654,1.1663,1.1598,-0.25%,1.17014,1.1680916666666668,1.0,1.1700751861123277,1.1710218416769749,1.1356591447407494,-0.33427616353818584,-0.4707694941367661,-0.010999999999999899,-0.0010999999999998789,36.27475948522358,48.12190578502013,52.98320564253227,16.57458563535974,19.892677970407064,9.345794392523715,24.274685087363036,83.58714043993237,85.67399887196848
10/09/2025,1.1565,1.1624,1.1649,1.1542,-0.54%,1.16912,1.16804,1.0,1.167606970455541,1.1700849486655571,1.135866516513907,-1.1707400444368334,-1.0354270066746534,-0.010199999999999987,-0.01179999999999981,30.165486984579672,45.60833085403117,52.578715444387775,9.704641350211753,10.867022022010191,6.100795755968665,13.168187054328373,80.0338409475466,82.94792254183123
10/10/2025,1.162,1.1565,1.1631,1.1556,0.48%,1.1683,1.1680300000000001,1.0,1.1665875212818062,1.1695633390742308,1.1361265512735814,-0.912424319945438,-0.7770472205618741,-0.008199999999999985,-0.006600000000000161,39.97207474281165,48.05856915227438,52.89424698725657,32.91139240506334,19.73020646354493,20.689655172413836,12.045415106968752,83.13592780597855,82.25230306448586
10/13/2025,1.157,1.162,1.163,1.1557,-0.43%,1.16673,1.1678199999999999,0.0,1.164844335594205,1.168752801069442,1.1363342473584013,-1.3976478609169907,-0.6013745704467264,-0.015700000000000047,-0.014100000000000001,35.0065822710996,46.10532040923172,52.57462994690421,11.814345991561726,18.143459915612258,7.427055702918119,11.405835543766889,80.31584884376767,81.16187253243096
10/14/2025,1.1607,1.1571,1.1617,1.1542,0.32%,1.16546,1.1675733333333331,0.0,1.1640908200316225,1.1682332655165746,1.1365766927479901,-1.0485933503836298,-0.471617218315884,-0.012699999999999934,-0.0032999999999998586,41.02978597576153,47.731548024111284,52.78680460953242,27.426160337553405,24.05063291139281,17.241379310345252,15.119363395225749,82.40270727580379,81.95149464185003
10/15/2025,1.1648,1.1607,1.1649,1.1601,0.35%,1.16464,1.1673666666666667,0.0,1.1642197618440546,1.1680117645155053,1.1368575217787065,-0.5804028678729871,-0.017167381974247036,-0.008199999999999985,-0.0013999999999998458,47.069342971768364,49.479029230181666,53.02087515441841,48.84792626728175,29.362810865465615,28.11671087533195,17.59504862953179,84.71517202481675,82.47790938146277
10/16/2025,1.1688,1.1648,1.1695,1.1641,0.34%,1.1643599999999998,1.167255,0.0,1.1650525324178629,1.1680626184177307,1.1371753574981274,-0.46836413182320014,-0.2645276900759349,-0.0027999999999999137,0.0038000000000000256,52.35855449433583,51.12807133811597,53.24814159202343,67.28110599078401,47.85173086520638,38.72679045092876,28.028293545535337,86.9712351945855,84.69637149840203
10/17/2025,1.1652,1.1688,1.1729,1.1651,-0.31%,1.1634499999999999,1.1671049999999998,0.0,1.165079344705524,1.1678779333585223,1.137454209762415,-0.49530315969257277,-0.9520571234273953,-0.009099999999999886,-0.006699999999999928,47.60183695735301,49.62013244157433,53.016157577696866,54.72636815920456,56.951800139090096,29.177718832891514,32.00707338638409,84.9407783417936,85.54239518706531
10/20/2025,1.1641,1.1663,1.1677,1.1638,-0.09%,1.16276,1.1671916666666666,0.0,1.1649012820317926,1.1676341957224887,1.1377193420978036,-0.13725658402676896,-0.5722582849333917,-0.006900000000000128,-0.012299999999999978,46.17754751954026,49.16181573426601,52.945322511192416,52.941176470587884,58.31621687352547,26.25994694960213,31.388152077807487,84.32036097010713,85.4107915021621
10/21/2025,1.1599,1.1643,1.1656,1.1597,-0.36%,1.16218,1.16728,0.0,1.1639919580260123,1.167135215353296,1.1379400452391566,-0.24939800481597216,-0.8208636169303167,-0.005800000000000027,-0.010900000000000132,40.97615274517756,47.4313880049042,52.67525012069655,30.48128342245984,46.04960935075075,15.119363395225538,23.51900972590641,81.95149464184995,83.73754465125025
10/22/2025,1.1611,1.1599,1.1623,1.1577,0.10%,1.16201,1.1676216666666666,0.0,1.1634661474758283,1.1667458466208254,1.138170492630481,0.397751837440548,-1.0482358956877431,-0.0017000000000000348,-0.008399999999999963,43.01388649329213,47.97265608773536,52.74446733681515,36.8983957219255,40.106951871657735,18.30238726790482,19.89389920424418,82.62831359278063,82.96672306824593
10/23/2025,1.1618,1.1611,1.162,1.1585,0.06%,1.1625400000000001,1.1679583333333334,0.0,1.1631632115711323,1.1664267597420623,1.138405612187878,-0.017211703958690018,-0.9885801943071463,0.00529999999999986,-0.011600000000000055,44.26113313766866,48.2939241384738,52.78495287730659,40.641711229946445,36.00713012477725,20.159151193634052,17.860300618921485,83.02312464749012,82.53431096070692
10/24/2025,1.1626,1.1618,1.1649,1.16,0.07%,1.1625999999999999,1.1680249999999999,0.0,1.16306080946729,1.1661798720167682,1.138646352447309,0.4840103716508254,-1.1478615763965518,0.000600000000000156,-0.01079999999999992,45.76838314805534,48.668667223380595,52.83136905948859,44.91978609625728,40.8199643493764,22.281167108753767,20.247568523430896,83.47433728144395,83.04192517390493
10/27/2025,1.1645,1.1626,1.1652,1.1617,0.16%,1.1633499999999999,1.1681483333333333,0.0,1.1633224804732374,1.166071493176977,1.1389036027586728,0.3273886447833226,-1.8790023592854723,0.007500000000000062,-0.011599999999999833,49.380533570617736,49.566708365588184,52.941793420214495,55.0802139037439,46.88057040998253,27.32095490716228,23.253757736516718,84.54596728708411,83.68114307200608
10/28/2025,1.1652,1.1645,1.1669,1.1626,0.06%,1.1638,1.168275,0.0,1.1636638476599215,1.1660152678107203,1.1391652585401844,0.03434065934065556,-1.3629052738508425,0.0044999999999999485,-0.021600000000000064,50.72407176940057,49.900759179140984,52.98254946747708,49.34210526315797,49.78070175438637,29.177718832891514,26.25994694960254,84.9407783417936,84.32036097010723
10/29/2025,1.1601,1.1652,1.1666,1.1578,-0.44%,1.16333,1.1681766666666666,0.0,1.1630158753581177,1.1656336376293834,1.1393735644943765,-0.7443531827515529,-1.5863590091618731,-0.0047000000000001485,-0.021200000000000108,41.75290755939997,47.52807030265232,52.64866737731157,15.789473684210142,40.07059761703732,19.218241042345223,25.238971594133023,82.06429780033838,83.85034780973872
10/30/2025,1.1566,1.1601,1.1637,1.1547,-0.30%,1.16211,1.1680099999999998,0.0,1.1618493525657327,1.1650508222984555,1.1395449718690691,-0.73807071747339,-1.5324365741529045,-0.012199999999999989,-0.022199999999999998,36.791171346423134,45.97608794093181,52.42082269795914,10.439560439560513,25.190379795642865,8.633093525180488,19.00968446680576,80.09024252679082,82.36510622297429
10/31/2025,1.1536,1.1566,1.1578,1.1521,-0.26%,1.1609500000000001,1.1678366666666666,0.0,1.160349470281054,1.1643120595695229,1.1396848229406682,-0.9019843656043256,-2.262136744895361,-0.011600000000000055,-0.02100000000000013,33.0506073203174,44.68234201524971,52.226121147540375,9.615384615384944,11.94813957971852,5.01672240802694,10.956018991850902,78.39819514946419,80.18424515886448
11/03/2025,1.152,1.1536,1.1542,1.1505,-0.14%,1.1597399999999998,1.1676766666666665,0.0,1.158831384775408,1.1635177331456827,1.1398073620552875,-0.6810931976894575,-2.5050778605281034,-0.0121,-0.028299999999999992,31.172496229164878,43.99924220952928,52.12235272007912,9.146341463413643,9.733762172786351,4.761904761904258,6.137240231703912,77.49576988155667,78.66140251927057
11/04/2025,1.1483,1.1519,1.1534,1.1473,-0.32%,1.1585800000000002,1.16736,0.0,1.1569165875435157,1.1625359439104774,1.1398918659423354,-1.1024028938075894,-2.1724314193218484,-0.011599999999999833,-0.033299999999999885,27.200905990619162,42.44685950541852,51.882767920076,5.102040816327086,7.954588965041878,2.8818443804037845,4.220157183445011,75.40891144952067,77.10095882684719
11/05/2025,1.1492,1.1484,1.1498,1.1469,0.08%,1.15739,1.1670033333333332,0.0,1.155513571626513,1.1616755604323823,1.1399844842208566,-1.0845240144603154,-1.4999571440816035,-0.011900000000000022,-0.024599999999999955,29.624245124886542,42.95332282098415,51.93677688405968,11.499999999999835,8.58279409324684,7.419354838709596,5.02103466033923,75.91652566271858,76.27373566459866
11/06/2025,1.1548,1.1492,1.1553,1.149,0.49%,1.15669,1.1668366666666665,0.0,1.1553838313307834,1.1612319758883576,1.1401319023343115,-0.6709100292447986,-1.316014356520241,-0.006999999999999895,-0.011900000000000022,42.79042910943469,46.01140909891843,52.27179075319416,39.50000000000006,18.70068027210898,25.48387096774206,11.928356728951831,79.07501410039485,76.80015040421138
11/07/2025,1.1566,1.1547,1.1591,1.1529,0.16%,1.15609,1.1666166666666666,0.0,1.1556049529070047,1.16093313873427,1.1402957640532498,-0.6784027479604996,-1.3729001449646119,-0.006000000000000005,-0.013599999999999834,46.373522229761186,46.956897133447704,52.37901910474709,48.50000000000016,33.166666666666664,31.29032258064538,21.397849462365695,80.09024252679082,78.36059409663477
11/10/2025,1.1557,1.1566,1.1584,1.154,-0.08%,1.1552099999999998,1.1664433333333333,0.0,1.1556222341966402,1.1605955168804463,1.140449040079701,-0.8153106762787559,-1.5084370206238322,-0.008800000000000141,-0.017000000000000126,44.814211528189844,46.53536524646451,52.319951583455584,43.99999999999956,43.999999999999915,28.387096774193367,28.38709677419362,78.02064359441408,79.06196674053326
11/11/2025,1.1582,1.1557,1.1606,1.1547,0.22%,1.15451,1.1663350000000001,0.0,1.1560909188881603,1.1604409674042886,1.1406256666000556,-0.1637789845702968,-1.2617220801364148,-0.007000000000000117,-0.015200000000000102,50.00295178235145,47.87985474568179,52.469588028635776,57.36040609136973,49.953468697123135,36.451612903225474,32.04301075268809,79.43868212324583,79.18318941481692
11/12/2025,1.1593,1.1582,1.1598,1.1563,0.09%,1.15443,1.1662366666666668,0.0,1.156674388181222,1.160367356604012,1.1408114809184502,0.2334428497319665,-1.0498463639467377,-0.0007999999999999119,-0.013700000000000045,52.20016035809866,48.469688351247854,52.53545983426981,73.80952380952394,58.38997663363106,42.75862068965519,35.86577678902469,80.1098230628432,79.18971626016771
11/13/2025,1.1633,1.1593,1.1656,1.1579,0.35%,1.1551,1.1662816666666667,0.0,1.1578790448755454,1.160556559403753,1.14103524734389,0.8408460471567304,-0.9367282636464191,0.006699999999999928,-0.008299999999999974,59.40781750250198,50.57381347553968,52.774652236099165,87.70053475935842,72.95682155341736,56.5517241379311,45.25398591027061,82.55033557046981,80.69961358551963
11/14/2025,1.1621,1.1639,1.1654,1.1606,-0.10%,1.15595,1.1661216666666665,0.0,1.1586464912618097,1.160656136216414,1.1412448469344019,0.8767361111111109,-0.7600341588386106,0.008499999999999952,-0.012199999999999989,56.564718047161115,49.94094989626121,52.6945873143462,81.28342245989268,80.931160342925,55.47445255474436,51.594932460776896,81.81818181818178,81.49278015049829
11/17/2025,1.1591,1.1621,1.1626,1.1582,-0.26%,1.15666,1.1660766666666667,0.0,1.158728947396026,1.160555740331484,1.1414225102006754,0.9405207698336603,-0.5661834091104005,0.007100000000000106,-0.011900000000000022,49.92750420111717,48.37538141826004,52.49448711182029,65.2406417112301,78.07486631016039,46.92307692307684,52.983084538584116,79.84019668100804,81.40290468988655
11/18/2025,1.1581,1.1592,1.1608,1.1571,-0.09%,1.15764,1.1659733333333335,0.0,1.1586145933240213,1.160397305471388,1.1415884554206088,0.7744517925513321,-0.4041967664258813,0.009799999999999809,-0.007600000000000051,47.84808990660711,47.85804597371502,52.42779127178985,59.89304812834179,68.80570409982151,43.07692307692256,48.49148418491461,78.9013732833957,80.18658392752853
11/19/2025,1.1538,1.1581,1.1598,1.1518,-0.37%,1.1581,1.165805,0.0,1.1577392127196537,1.1599716728603309,1.1417099633615237,-0.0865950813993862,-0.2334630350194679,0.0045999999999999375,-0.009000000000000119,39.907059744837206,45.68478858825487,52.14149617270708,28.91566265060199,51.349784163391284,26.538461538461156,38.846153846153534,75.56125721616418,78.10094239352266
11/20/2025,1.1529,1.1537,1.155,1.1507,-0.08%,1.1579099999999998,1.1655483333333334,0.0,1.1568593558615348,1.1595154359015998,1.1418213070411054,-0.3199031644475217,-0.7831325301204721,-0.0019000000000000128,-0.0036000000000000476,38.424040404259024,45.2399772081467,52.08167041194689,14.76510067114089,34.52460381669488,23.076923076923077,30.897435897435614,74.9839640795382,76.48219819303272
11/21/2025,1.1513,1.1529,1.1553,1.149,-0.14%,1.15738,1.1652600000000002,0.0,1.1558485638867102,1.158985407778916,1.141915622420295,-0.38072164056415675,-0.49265341400173185,-0.005300000000000082,-0.010699999999999932,35.79636917562274,44.44414852016871,51.97512012214894,13.855421686746844,19.17872833616323,16.923076923076753,22.179487179487012,73.95766516998077,74.83429548856107
11/24/2025,1.1521,1.1513,1.1551,1.1502,0.07%,1.1570199999999997,1.1649433333333332,0.0,1.1551670068163993,1.1585411879222116,1.1420169595386862,-0.5266793299948191,-0.7409321960885813,-0.0036000000000000476,-0.0049000000000001265,38.14633177806277,44.945089470582055,52.02444166933012,18.67469879518006,15.765073717689253,19.99999999999949,19.99999999999979,74.47081462475941,74.47081462475948
11/25/2025,1.1571,1.1521,1.1586,1.1511,0.43%,1.1569099999999999,1.1648283333333331,0.0,1.1555184601225086,1.1584482080562626,1.1421670395843988,-0.18976968860519103,-0.6610576923076957,-0.0010999999999998789,-0.0036000000000000476,50.68192720458475,47.977917167728314,52.33194848144874,48.79518072289169,27.108433734939513,39.23076923076915,25.38461538461515,77.6779987171264,75.3688261706222
11/26/2025,1.1595,1.1571,1.1601,1.1547,0.21%,1.15693,1.1647166666666668,0.0,1.1562423764638707,1.1585160656010198,1.142339506899002,-0.3266569242671732,-0.7956878850102742,0.00019999999999997797,-0.005300000000000082,55.492646390804396,49.363026052529555,52.47888828403266,63.253012048192694,43.574297188754805,48.461538461538204,35.89743589743563,79.21744708146248,77.12208680778278
11/27/2025,1.1595,1.1595,1.1614,1.1576,0.00%,1.15655,1.164625,0.0,1.156834671652258,1.1585795452396637,1.1425102581199962,-0.22373289734101504,-0.48918640576725353,-0.0038000000000000256,-0.009300000000000086,55.492646390804396,49.363026052529555,52.47888828403266,64.02439024390227,58.69086100499553,48.461538461538204,45.38461538461521,79.21744708146248,78.7042976266838
11/28/2025,1.1596,1.1595,1.1609,1.1555,0.01%,1.1562999999999999,1.16442,0.0,1.1573374586245748,1.1586453810306532,1.142680305348098,0.0431369165731986,-0.38656472811613685,-0.0024999999999999467,-0.005600000000000049,55.71485746342001,49.423072027050694,52.48505260014396,77.9411764705875,68.40619292089413,61.05769230769219,52.66025641025622,79.28159076330981,79.23882830874494
12/01/2025,1.1611,1.1596,1.1652,1.1589,0.13%,1.1564999999999999,1.1641650000000001,0.0,1.1580215570564703,1.1588037435448046,1.1428635859401484,0.2590449874795021,0.10345719458574791,0.0020000000000000018,-0.0029999999999998916,59.11680420304115,50.33690009512317,52.57778858535725,74.6913580246914,72.21897491306038,70.99999999999989,60.17307692307677,80.2437459910199,79.58092794526408
12/02/2025,1.1624,1.161,1.1627,1.1591,0.11%,1.15693,1.164025,0.0,1.1588176375916575,1.1590357600903014,1.1430579781705148,0.7453631478592619,0.11196279390234079,0.0043000000000001926,0.0025000000000001688,61.932787796061895,51.12856696409992,52.65826918093618,82.71604938271658,78.4495279593318,77.50000000000028,69.85256410256414,81.07761385503535,80.20098353645504
12/03/2025,1.1672,1.1626,1.1677,1.162,0.41%,1.15827,1.1639866666666667,0.0,1.1603417034840835,1.1595624852457658,1.143298197355184,1.2403504206782876,0.4647960061972862,0.013400000000000079,0.006099999999999994,70.31980311818401,53.933454386802595,52.95454882990024,97.32620320855644,84.91120353865479,97.5961538461541,82.03205128205144,84.15651058370753,81.82595680992095
12/04/2025,1.1644,1.167,1.1683,1.1641,-0.24%,1.1594200000000001,1.1638366666666669,0.0,1.1610795755778864,1.1598745829718455,1.1435081655943469,1.1378441761487113,0.15482539136418574,0.011500000000000066,0.0026000000000001577,61.532861166885404,52.12806045544455,52.76096719597952,79.79274611399057,86.61166623508785,81.7757009345803,85.62395159357824,82.36048749198213,82.53153731024169
12/05/2025,1.1643,1.1644,1.1672,1.1628,-0.01%,1.16072,1.163685,0.0,1.161665107290998,1.1601600937478556,1.1437150495711097,1.0589358562624762,-0.017174753112941175,0.0129999999999999,0.0016999999999998128,61.229249464872225,52.06367114791125,52.75404513320574,77.90055248618783,85.0065006029116,81.30841121495314,86.89342199856253,82.05461638491542,82.85720482020172
12/08/2025,1.1637,1.1645,1.1673,1.1616,-0.05%,1.16188,1.1634783333333334,0.0,1.162035087783544,1.1603884747963809,1.1439139048490552,0.5703914959813274,-0.12873326467559706,0.011600000000000055,-0.0008000000000001339,59.279300659624205,51.667544084749146,52.71234251986769,73.25581395348856,76.98303751788897,78.50467289719641,80.52959501557663,80.52486187845305,81.64665525178356
12/09/2025,1.1627,1.1637,1.1658,1.1615,-0.09%,1.1624400000000001,1.1630766666666665,0.0,1.1621559809138087,1.160537605454679,1.1441008312153094,0.2759810263044495,0.22411861046462872,0.005600000000000049,-0.0024999999999999467,55.97797980990042,50.998538926224946,52.64263641667534,58.82352941176548,69.99329861714727,73.83177570093522,77.88161993769494,77.82839787395604,80.13595871244152
12/10/2025,1.1696,1.1627,1.1701,1.1622,0.59%,1.1634499999999999,1.1628816666666668,1.0,1.1635094389294798,1.1611222760705062,1.144354554350073,0.8710651142733936,1.1239840913020838,0.010099999999999998,0.009500000000000064,69.1498730081288,55.144276969315484,53.07297228499967,96.57534246575379,76.21822861033593,97.84482758620713,83.39375872811293,81.21314237573716,79.85546737604876
12/11/2025,1.1738,1.1696,1.1763,1.1682,0.36%,1.16488,1.1627983333333336,1.0,1.1653804500332108,1.1619401937433769,1.1446475439302295,1.2245601931700578,1.751040221914008,0.01429999999999998,0.017199999999999882,74.34213340854998,57.41305878175203,53.33239776884003,87.98076923076945,81.12654703609623,91.49659863945593,87.72440064219944,84.75147430497051,81.26433818488792
12/12/2025,1.174,1.1738,1.175,1.1719,0.02%,1.16632,1.162788333333333,1.0,1.1669476409362634,1.1627182457599332,1.1449396082400007,1.1110154164154604,1.909722222222224,0.014399999999999968,0.020399999999999974,74.56860197948383,57.51890480294682,53.34474153858616,86.78160919540238,90.44590696397519,92.1768707482994,93.83943232465417,84.91996630160065,83.62819432743613
12/15/2025,1.1753,1.1739,1.1769,1.1726,0.11%,1.1677399999999998,1.162705,1.0,1.1684662516751245,1.1635299718399374,1.1452417017623095,1.1097728836889118,2.35130192458416,0.01419999999999999,0.0233000000000001,76.09262041702662,58.21718922672593,53.42521884338473,91.01123595505595,88.59120479374258,94.66666666666652,92.78004535147396,86.01516427969676,85.22886829542266
12/16/2025,1.1747,1.1753,1.1804,1.1735,-0.05%,1.16897,1.16259,1.0,1.1695996604614656,1.1642506188180062,1.1455348192268373,0.6425633995887647,2.21893491124261,0.012299999999999978,0.02639999999999998,73.823893006351,57.76384934038467,53.38250618521547,69.84126984127069,82.54470499724299,82.98507462686615,89.94287068061071,85.50968828980633,85.48160629036794
12/17/2025,1.174,1.1747,1.1759,1.1703,-0.06%,1.16965,1.1625933333333334,1.0,1.1703997221957447,1.1648796111523283,1.1458180549225538,0.8244589488148256,1.662625562868019,0.006799999999999917,0.024799999999999933,71.07680875882818,57.22603006525254,53.332511247377354,66.1375661375662,75.6633573112976,79.61783439490449,85.75652522947907,84.91996630160065,85.48160629036794
12/18/2025,1.1722,1.174,1.1763,1.1713,-0.15%,1.17043,1.162685,1.0,1.170727045432882,1.165351894303791,1.1460805618994303,0.678519281972002,1.3487809095624965,0.007799999999999807,0.01739999999999986,64.24627072059565,55.84295314133537,53.20373949187545,56.61375661375651,64.19753086419779,73.88535031847128,78.82941978008066,83.4035383319292,84.61106430777875
12/19/2025,1.171,1.1721,1.1738,1.1702,-0.10%,1.1710999999999998,1.1626983333333334,1.0,1.1707766735359943,1.1657162882196754,1.1463285165641446,0.6273094440147877,1.3238729774162925,0.00670000000000015,0.014399999999999968,59.97677727244727,54.92742032197179,53.117807597804344,50.26455026455082,57.67195767195782,70.06369426751627,74.5222929936307,82.39258635214834,83.57203032855942
12/22/2025,1.1761,1.1713,1.177,1.1705,0.44%,1.17234,1.162755,1.0,1.1717445510749045,1.1663862051087286,1.1466247502972964,1.152489894211736,1.545501640476604,0.012399999999999967,0.020399999999999974,69.53665667480897,57.95783980677482,53.43902579033809,77.2486772486773,61.37566137566153,86.30573248407647,76.75159235668802,86.68913226621733,84.16175231676498
12/23/2025,1.1795,1.1756,1.1802,1.1755,0.29%,1.17402,1.1628566666666666,1.0,1.1731546326976492,1.1672322563920363,1.1469518672831447,0.846443228454174,1.7424307771931336,0.016799999999999926,0.021300000000000097,74.11631157367366,59.82088216681544,53.65179598520662,95.05494505494559,74.1893908560579,97.13375796178374,84.5010615711255,89.5534962089301,86.21173827576528
12/24/2025,1.1778,1.1793,1.1809,1.1772,-0.14%,1.17484,1.1629366666666667,1.0,1.1739992449344403,1.1679140463022277,1.147258813945516,0.3407735559720569,1.2464540531247277,0.008199999999999985,0.01849999999999996,68.40336516072142,58.480459556780275,53.52887563822084,75.59055118110184,82.6313911615749,90.2821316614417,91.24054070243398,88.12131423757371,88.12131423757374
12/25/2025,1.1778,1.1783,1.1788,1.1771,0.00%,1.17524,1.1630399999999999,1.0,1.1746902913099968,1.1685518497666003,1.1475627064108918,0.32367972742760015,1.3510024954823208,0.0040000000000000036,0.014499999999999957,68.40336516072142,58.480459556780275,53.52887563822084,71.02803738317702,80.55784453974148,90.2821316614417,92.56600709488906,88.12131423757371,88.59870822802587
12/26/2025,1.1772,1.1781,1.1797,1.1761,-0.05%,1.17556,1.1630883333333335,1.0,1.1751466019809065,1.1691097949429485,1.1478576049187652,0.16166085254828663,1.5615563799499617,0.0032000000000000917,0.015100000000000113,66.18059613118106,57.989677733703914,53.48519095093272,65.4205607476637,70.67971643731418,88.40125391849519,89.65517241379287,87.6158382476833,87.9528222409436
12/29/2025,1.1772,1.1771,1.1789,1.1749,0.00%,1.17575,1.1631916666666666,1.0,1.1755199470752873,1.1696317436563066,1.1481495691118562,0.2128202945432831,1.6492530869527777,0.0019000000000000128,0.018100000000000005,66.18059613118106,57.989677733703914,53.48519095093272,65.4205607476637,67.28971962616812,88.40125391849519,89.02821316614404,87.6158382476833,87.78433024431347
12/30/2025,1.1748,1.1768,1.178,1.1743,-0.20%,1.17576,1.1633433333333334,1.0,1.1753890476070532,1.1699651795494483,1.148414747585241,0.06814310051108467,1.8200728029121278,9.999999999998899e-05,0.01670000000000016,57.02916792718178,55.9787011427415,53.309415241859035,42.99065420560835,57.94392523364524,80.87774294670851,85.89341692789964,85.5939342881214,86.94187026116269
12/31/2025,1.1746,1.1746,1.176,1.172,-0.02%,1.17582,1.16354,1.0,1.1752455844057708,1.1702642002236776,1.1486752974155587,0.20474321788092306,1.882210078931395,0.000600000000000156,0.02080000000000015,56.308216151770786,55.81185169932225,53.294746077369936,41.12149532710391,49.844236760125305,80.25078369905967,83.17659352142114,85.42544229149127,86.21173827576534
01/01/2026,1.1746,1.1741,1.1747,1.174,0.00%,1.17606,1.1638416666666667,1.0,1.1751282054229033,1.170543929241505,1.1489332547091613,0.3074295473953926,2.0237991835316684,0.0024000000000001798,0.021700000000000053,56.308216151770786,55.81185169932225,53.294746077369936,41.12149532710391,41.74454828660537,80.25078369905967,80.45977011494263,85.02164502164511,85.34700720041928
01/02/2026,1.172,1.1749,1.1765,1.1713,-0.22%,1.17616,1.164008333333333,1.0,1.1745594408005573,1.17063786929044,1.149162774610332,-0.348609812090808,1.7272806180019122,0.0009999999999998899,0.02069999999999994,46.81065257336042,53.589702785346326,53.102871843276965,14.423076923075385,32.222022525761055,71.00977198697042,77.1704464616966,82.55915863277822,84.33541531530489
01/05/2026,1.1721,1.1724,1.1729,1.1659,0.01%,1.17576,1.1642599999999999,1.0,1.1741122697459103,1.17073220030396,1.1493910057555299,-0.6273844849512568,1.2963443090484748,-0.0040000000000000036,0.020000000000000018,47.191306231922184,53.663107430293906,53.109397461267044,41.33333333333288,32.292635194504044,70.4697986577177,73.9101181145826,82.64680105170898,83.4092015687108
01/06/2026,1.1689,1.1722,1.1744,1.1684,-0.27%,1.1747,1.164396666666667,1.0,1.1731645843375629,1.170613993832737,1.1495851251406495,-0.7556461198845227,0.8106942647693035,-0.010599999999999943,0.011800000000000033,37.618938889838816,50.99320882029784,52.87278669808014,20.000000000000593,25.25213675213627,54.198473282442706,65.22601464237697,79.80684811237934,81.67093593228886
01/07/2026,1.1674,1.1688,1.1703,1.1673,-0.13%,1.17366,1.1644400000000001,1.0,1.1721164780943696,1.1704066393919152,1.1497623876126848,-0.8830022075055158,0.6813281586890917,-0.010399999999999965,0.007900000000000018,34.02437441388025,49.791933701083266,52.762047095825,10.869565217391688,24.067632850241708,46.85039370078732,57.17288854698259,78.00718132854581,80.15361016421139
01/08/2026,1.166,1.1674,1.1684,1.1643,-0.12%,1.17248,1.1643933333333334,1.0,1.1710043911681207,1.1701223400763079,1.1499239559272922,-0.9514101257220606,0.5519144532597414,-0.011800000000000033,0.00649999999999995,30.956832399326274,48.68459186625583,52.658591569744694,11.038961038961208,13.969508752117816,41.33858267716503,47.4624832201317,74.99999999999994,77.60467648030838
01/09/2026,1.1638,1.166,1.1663,1.1618,-0.19%,1.1711399999999998,1.1643700000000001,1.0,1.1696945018648262,1.1697144471681589,1.1500620260447658,-1.1382942575603192,0.23253811041253333,-0.013400000000000079,0.0041999999999999815,26.74647418804183,46.98592431145463,52.49602544834023,11.695906432748469,11.201477563033775,22.27272727272682,36.82056788355974,72.87644787644784,75.29454306833122
01/12/2026,1.1668,1.1635,1.1698,1.1621,0.26%,1.1701000000000001,1.1644150000000002,1.0,1.1691682287984941,1.1695264183186,1.1502285730817765,-0.6809669731018052,0.3785271851342016,-0.010399999999999965,0.005700000000000038,39.2627164217479,49.47285372685649,52.696164874645866,30.864197530864924,17.86635500085819,35.32110091743131,32.977470289107735,75.65470417070814,74.51038401571867
01/13/2026,1.1643,1.1669,1.1678,1.1634,-0.21%,1.16905,1.1644883333333336,1.0,1.1682830962896769,1.1691892300399809,1.1503685873070026,-0.8768942618764002,-0.24845784784099764,-0.010500000000000176,0.0018999999999997907,33.89961044401848,47.549921063621355,52.510876724486664,17.00680272108789,19.85563556156708,14.432989690721143,24.00893929362644,72.56461232604367,73.6985881243999
01/14/2026,1.1644,1.1646,1.1662,1.1635,0.01%,1.16803,1.1645433333333335,1.0,1.1675770787824629,1.1688802474567563,1.1505082033803888,-0.8683807253533106,0.0,-0.010199999999999987,-0.0027999999999999137,34.29847821515838,47.634143649680475,52.51758851378278,17.687074829932854,21.852691693961873,14.948453608248,21.567514738800167,71.8237704918034,73.34769566285176
01/15/2026,1.1608,1.1642,1.1648,1.1593,-0.31%,1.16665,1.1645266666666667,1.0,1.1663448826401968,1.1683589411692237,1.150610609336284,-0.9556313993173957,-0.30060980846859375,-0.013800000000000034,-0.0036000000000000476,27.62951675282622,44.94631093469898,52.25040280485299,8.720930232558418,14.471602594526372,6.944444444444688,12.108629247804624,63.58313817330219,69.3238403303831
01/16/2026,1.1599,1.1608,1.1628,1.1584,-0.08%,1.1654399999999998,1.1644816666666666,1.0,1.1651730857965246,1.1678132030292738,1.1507030411015013,-1.0408668202371802,-0.3265446420898879,-0.0121,-0.0043999999999999595,26.2136934004173,44.29983957014812,52.183697522751835,9.374999999998959,11.927668354163396,6.666666666665943,9.519854906452892,62.52927400468378,65.97872755659647
01/19/2026,1.1646,1.1584,1.1649,1.1572,0.41%,1.16469,1.1644833333333333,1.0,1.1650688883789746,1.1676058996080303,1.150841319325149,-0.36786722559671237,0.16341274619420423,-0.00749999999999984,0.0009000000000001229,43.12478592188534,48.3158190436215,52.50195497728694,43.023255813953654,20.373062015503663,31.223628691983357,14.944913267698011,68.03278688524601,64.71506635441068
01/20/2026,1.1725,1.1644,1.1769,1.1632,0.68%,1.16505,1.1646050000000001,1.0,1.1664199995827975,1.1679216480204155,1.1510568286251777,0.4368682542402008,0.24794801641587932,0.0036000000000000476,0.009800000000000031,60.17248655414765,54.07353866407425,53.03007016690839,77.66497461928961,43.35441014441406,64.5569620253167,34.14908579465534,77.28337236533972,69.28181108508986
01/21/2026,1.1684,1.1722,1.1743,1.1677,-0.35%,1.1651500000000001,1.1647433333333335,1.0,1.1667799996586525,1.1679525094384533,1.151229397525959,0.20583190394512693,-0.46004430056226353,0.001000000000000112,-0.0011999999999998678,51.30471839835551,51.02192376949311,52.72429837538451,56.85279187817295,59.18034077047205,47.25738396624504,47.67932489451505,72.48243559718985,72.59953161592522
01/22/2026,1.1755,1.1684,1.1757,1.167,0.61%,1.1661000000000001,1.1650583333333335,1.0,1.1683654542661703,1.1684394443133919,1.1514708961015168,1.0053273758377768,0.1277683134582672,0.009500000000000064,0.0017000000000000348,62.06239075882783,55.51887752381224,53.19400652458546,92.89340101522811,75.80372250423021,77.21518987341747,63.009845288326424,80.79625292740047,76.85402029664336
01/23/2026,1.1828,1.1753,1.1834,1.1728,0.62%,1.168,1.1655450000000003,1.0,1.1709899171268667,1.169365931777044,1.1517826285341795,1.3712718546451845,0.6381349442695534,0.019000000000000128,0.008800000000000141,69.70756823594843,59.47630948339565,53.66966689030966,97.70992366412239,82.48537218584113,97.70992366412239,74.06083250126164,89.34426229508209,80.87431693989082
01/26/2026,1.1881,1.1833,1.1907,1.1833,0.45%,1.17013,1.1661466666666667,1.0,1.1741008412856184,1.1705745813398152,1.152143995478206,2.0441466975865366,1.1407167787520096,0.021299999999999875,0.012799999999999923,73.9434600365873,62.01454171888674,54.0106888384955,92.2388059701488,94.28071021649976,92.2388059701488,89.05463983589624,95.55035128805616,88.5636221701796
01/27/2026,1.2041,1.1876,1.2079,1.185,1.35%,1.17411,1.1670766666666665,1.0,1.1795552337791424,1.172737511575956,1.1526609707378985,3.4094812779113575,2.5638841567291326,0.03980000000000006,0.02939999999999987,82.26291103214086,68.22920756874257,55.01531079352961,92.50493096646937,94.15122020024684,92.50493096646937,94.15122020024687,96.25246548323469,93.71569302212434
01/28/2026,1.1954,1.2041,1.2046,1.1896,-0.72%,1.17721,1.1678466666666667,1.0,1.1824361003647528,1.1741996076033137,1.153086234784215,2.9807029634734636,1.9791844395154505,0.030999999999999917,0.021400000000000086,68.96037876035109,62.479321450779096,54.3663002844942,75.34516765286003,86.69630152982604,75.34516765286003,86.69630152982609,87.67258382643001,93.15846686590697
01/29/2026,1.1971,1.1954,1.1997,1.1906,0.14%,1.1808400000000001,1.1685516666666667,1.0,1.1851022639347977,1.1756770522740676,1.1535241827718092,3.2071730321579555,2.228864218616568,0.0363,0.024900000000000144,70.013183353262,63.10777998963577,54.471776721009256,78.69822485207115,82.18277449046684,78.69822485207115,82.18277449046685,89.34911242603557,91.09138724523343
01/30/2026,1.185,1.1971,1.1976,1.185,-1.01%,1.1833500000000001,1.169025,1.0,1.185083670492107,1.1762785327725147,1.1538373750361361,1.7516743946419346,0.7567383725873761,0.025100000000000122,0.014000000000000012,55.20494815668008,56.17924305280593,53.58577883816722,54.83234714003957,69.62524654832357,54.83234714003957,69.6252465483236,77.41617357001978,84.81262327416181
02/02/2026,1.1791,1.1856,1.1875,1.1776,-0.50%,1.1848,1.169415,1.0,1.183995730402633,1.1764605629162237,1.1540887444809569,0.5628997867803786,-0.033912674862226024,0.014499999999999957,0.0030000000000001137,49.52936640906414,53.23132241625687,53.16203218825726,35.570469798657804,56.36701393025616,43.195266272189436,58.90861275476673,71.59763313609471,79.45430637738338
02/03/2026,1.1819,1.1791,1.1829,1.178,0.24%,1.18574,1.1698099999999998,1.0,1.183614688511245,1.1768114943409833,1.1543654734375839,1.1554262238959128,0.34810663949736736,0.009399999999999853,0.0023999999999999577,52.1247805410975,54.4058897690379,53.338028171703655,36.4303178484106,42.27771159570265,48.71794871794864,48.915187376725896,74.35897435897432,74.45759368836296
02/04/2026,1.1807,1.1819,1.1839,1.179,-0.10%,1.18697,1.1701666666666666,1.0,1.1830847451455642,1.1770623656738233,1.1546275085708717,0.44236495108465285,0.24622176940058793,0.012299999999999978,0.0029000000000001247,50.87887221059272,53.80678012466916,53.251841625294716,33.496332518337574,35.165706721801975,46.351084812623455,46.088099934253854,73.17554240631172,73.04404996712694
02/05/2026,1.1777,1.1808,1.1822,1.1774,-0.25%,1.18719,1.1704066666666668,1.0,1.1821057005736433,1.1771035033722863,1.1548570856374154,-0.4311802502536442,0.042473666326872654,0.0021999999999999797,-9.999999999998899e-05,47.7110669335906,52.316852184510196,53.03651663200844,13.960113960113723,27.96225477562062,40.433925049309615,45.16765285996058,70.21696252465482,72.5838264299803
02/06/2026,1.1817,1.1778,1.1827,1.1765,0.34%,1.18708,1.1707333333333334,1.0,1.1820319368329808,1.1774000515418162,1.1551241793557416,-0.5386751956905953,0.38226299694189164,-0.001100000000000101,0.0044999999999999485,52.126863998903,54.07104301617218,53.289614749937456,16.560509554139784,21.338985344197013,48.32347140039444,45.03616042077585,74.16173570019721,72.51808021038794
02/08/2026,1.1827,1.1814,1.1828,1.181,0.08%,1.1865400000000002,1.1711266666666666,1.0,1.1821534028633478,1.1777419837004086,1.1553985656746213,-1.7772610248318135,0.6724548859380336,-0.005399999999999849,0.00550000000000006,53.22414672888218,54.50390486292109,53.35277899613615,19.745222929936332,16.755282148063266,50.29585798816587,46.35108481262332,75.14792899408293,73.17554240631166
02/09/2026,1.1915,1.1817,1.1927,1.1809,0.74%,1.1852800000000001,1.1716833333333332,1.0,1.183852784160921,1.1786295976552212,1.1557577839834023,-0.32625062740505395,1.4387876723991073,-0.012599999999999945,0.016699999999999937,61.787957803169455,58.0988677598804,53.90406891581212,53.380782918149514,29.895505134075194,67.6528599605523,55.42406311637089,83.82642998027615,77.71203155818544
02/10/2026,1.1895,1.1913,1.1929,1.1887,-0.17%,1.1846900000000002,1.1722783333333335,1.0,1.184879550677117,1.1793309139355295,1.1560935274789015,-0.63486759669201,1.2685169419376734,-0.005900000000000016,0.014899999999999913,59.0575615182055,57.03921299807059,53.75894824345643,56.03448275862053,43.05349620223544,63.7080867850099,60.552268244576034,81.85404339250495,80.27613412228803
02/11/2026,1.1871,1.1895,1.1928,1.1833,-0.20%,1.18369,1.1728483333333335,1.0,1.185283268735823,1.1798321452945275,1.1564020496413465,0.17721518987341695,1.2883959044368698,-0.010000000000000009,0.012499999999999956,55.77151989780128,55.776363989392486,53.5849644302593,50.236966824644526,53.21741083380484,58.974358974359085,63.445101906640446,79.48717948717953,81.72255095332022
